{
  "edit_distance": [
    0,
    1,
    2,
    3,
    4,
    5,
    6,
    7,
    8
  ],
  "full_mean": [
    1.907348590179936e-08,
    0.15524809062480927,
    0.25510936975479126,
    0.2914084792137146,
    0.3224354088306427,
    0.34974977374076843,
    0.3599550127983093,
    0.3927658796310425,
    0.3994579315185547
  ],
  "full_std": [
    3.463230058287081e-08,
    0.15268707275390625,
    0.16306543350219727,
    0.1354960799217224,
    0.13386625051498413,
    0.09454114735126495,
    0.11733487248420715,
    0.09717055410146713,
    0.1068010926246643
  ],
  "ablated_mean": [
    0.0,
    0.0,
    0.0,
    0.0,
    0.0,
    0.0,
    0.0,
    0.0,
    0.0
  ],
  "ablated_std": [
    0.0,
    0.0,
    0.0,
    0.0,
    0.0,
    0.0,
    0.0,
    0.0,
    0.0
  ],
  "baseline_mean": [
    0.2509360611438751,
    0.25171172618865967,
    0.24916701018810272,
    0.25118187069892883,
    0.24919936060905457,
    0.251567006111145,
    0.25090277194976807,
    0.2502000331878662,
    0.252135306596756
  ],
  "baseline_std": [
    0.00963305588811636,
    0.009724433533847332,
    0.010908661410212517,
    0.009052496403455734,
    0.008211714215576649,
    0.008935610763728619,
    0.01204595621675253,
    0.01086437702178955,
    0.009962192736566067
  ],
  "spearman_full": 1.0,
  "spearman_ablated": 0.0,
  "spearman_baseline": 0.13333333333333333
}