{
  "full (g+h)": {
    "alignment": 0.8635738425580086,
    "entropy": 1.9974624667900807,
    "top1": 0.76,
    "top3": 1.0,
    "path_gap": 0.8125714285714287,
    "baseline": 0.0
  },
  "h only": {
    "alignment": 0.5940159480829938,
    "entropy": 0.5852885749107198,
    "top1": 0.0,
    "top3": 0.0,
    "path_gap": -0.8129206349206349,
    "baseline": 0.0
  },
  "g only": {
    "alignment": 0.6066487968288679,
    "entropy": 1.283120256689586,
    "top1": 0.48,
    "top3": 1.0,
    "path_gap": 3.697650793650793,
    "baseline": 0.0
  },
  "uniform": {
    "alignment": 0.0,
    "entropy": 3.9476782254829925,
    "top1": 0.0,
    "top3": 0.0,
    "path_gap": 3.916904761904762,
    "baseline": 0.0
  }
}