{
  "goal": "attention_shift_by_k",
  "attempt": "pass_2",
  "run_id": "20260613T143933Z",
  "metrics": {
    "version": 1,
    "shift_mass_k_1": 0.03125,
    "shift_argmax_acc_k_1": 0.03225806451612903,
    "mean_head_mass_k_1": 0.030984583577782995,
    "linear_baseline_mass_k_1": 0.03125,
    "shift_lift_k_1": 0.0,
    "shift_mass_canonical": 0.03125,
    "shift_argmax_acc_canonical": 0.03225806451612903,
    "lift_over_baseline_canonical": 0.0,
    "shift_mass_k_2": 0.03125,
    "shift_argmax_acc_k_2": 0.03333333333333333,
    "mean_head_mass_k_2": 0.030984583577782995,
    "linear_baseline_mass_k_2": 0.03125,
    "shift_lift_k_2": 0.0,
    "shift_mass_k_3": 0.03125,
    "shift_argmax_acc_k_3": 0.034482758620689655,
    "mean_head_mass_k_3": 0.030984583577782998,
    "linear_baseline_mass_k_3": 0.03125,
    "shift_lift_k_3": 0.0,
    "shift_mass_k_4": 0.03125,
    "shift_argmax_acc_k_4": 0.03571428571428571,
    "mean_head_mass_k_4": 0.030984583577782998,
    "linear_baseline_mass_k_4": 0.03125,
    "shift_lift_k_4": 0.0,
    "shift_mass_k_8": 0.03125,
    "shift_argmax_acc_k_8": 0.041666666666666664,
    "mean_head_mass_k_8": 0.030984583577783,
    "linear_baseline_mass_k_8": 0.03125,
    "shift_lift_k_8": 0.0,
    "shift_robustness": 0.0,
    "uniform_baseline": 0.03125
  },
  "payload": {
    "version": 1,
    "model_name": "unknown",
    "seq_len": 32,
    "batch_size": 8,
    "vocab_size": 64,
    "num_heads": 6,
    "k_values": [
      1,
      2,
      3,
      4,
      8
    ],
    "canonical_k": 1,
    "uniform_baseline": 0.03125,
    "sweep": [
      {
        "k": 1,
        "best_head_index": 0,
        "best_head_mass": 0.03125,
        "best_head_argmax_acc": 0.03225806451612903,
        "mean_head_mass": 0.030984583577782995,
        "uniform_baseline": 0.03125
      },
      {
        "k": 2,
        "best_head_index": 0,
        "best_head_mass": 0.03125,
        "best_head_argmax_acc": 0.03333333333333333,
        "mean_head_mass": 0.030984583577782995,
        "uniform_baseline": 0.03125
      },
      {
        "k": 3,
        "best_head_index": 0,
        "best_head_mass": 0.03125,
        "best_head_argmax_acc": 0.034482758620689655,
        "mean_head_mass": 0.030984583577782998,
        "uniform_baseline": 0.03125
      },
      {
        "k": 4,
        "best_head_index": 0,
        "best_head_mass": 0.03125,
        "best_head_argmax_acc": 0.03571428571428571,
        "mean_head_mass": 0.030984583577782998,
        "uniform_baseline": 0.03125
      },
      {
        "k": 8,
        "best_head_index": 0,
        "best_head_mass": 0.03125,
        "best_head_argmax_acc": 0.041666666666666664,
        "mean_head_mass": 0.030984583577783,
        "uniform_baseline": 0.03125
      }
    ]
  }
}