{
  "k": [
    1,
    2,
    3,
    4,
    8
  ],
  "best_head_mass": [
    0.03125,
    0.03125,
    0.03125,
    0.03125,
    0.03125
  ],
  "mean_head_mass": [
    0.030984583577782995,
    0.030984583577782995,
    0.030984583577782998,
    0.030984583577782998,
    0.030984583577783
  ],
  "uniform_baseline": [
    0.03125,
    0.03125,
    0.03125,
    0.03125,
    0.03125
  ],
  "argmax_acc": [
    0.03225806451612903,
    0.03333333333333333,
    0.034482758620689655,
    0.03571428571428571,
    0.041666666666666664
  ]
}