{
  "canonical_alignment": {
    "full (g+h)": 0.8635738425580086,
    "h_only (greedy)": 0.6595499286914499,
    "g_only (dijkstra)": 0.6646426858294554,
    "uniform (baseline)": 0.0
  },
  "per_density": {
    "density": [
      0.0,
      0.1,
      0.2,
      0.3,
      0.4
    ],
    "alignment": [
      0.8661593406593405,
      0.8699342281077133,
      0.8635738425580086,
      0.8338108301019049,
      0.6846947503899061
    ],
    "baseline": [
      0.0,
      0.0,
      0.0,
      0.0,
      0.0
    ],
    "entropy": [
      2.787548349298494,
      2.577708120791117,
      2.578075957640272,
      2.281679307332973,
      1.9612272909336488
    ],
    "top1": [
      1.0,
      0.96,
      0.76,
      0.76,
      0.92
    ]
  }
}