{
  "goal": "attention_astar",
  "attempt": "first_pass",
  "run_id": "20260613T215443Z",
  "metrics": {
    "version": 1,
    "astar_alignment_canonical": 0.20586078816494435,
    "greedy_alignment_canonical": 0.20586078816494435,
    "astar_over_greedy_lift_canonical": 0.0,
    "astar_robustness": 0.4918951291075295,
    "linear_baseline_astar_alignment_canonical": 0.3333333333333333,
    "lift_over_linear_baseline_canonical": -0.12747254516838896,
    "astar_alignment_seed_0": 0.20586078816494435,
    "astar_alignment_seed_1": 0.2592250641915187,
    "astar_alignment_seed_2": 0.20586078816494435,
    "astar_alignment_seed_3": 0.5,
    "astar_alignment_seed_4": 0.20586078816494435,
    "astar_alignment_seed_5": 0.2592250641915187,
    "astar_alignment_seed_6": 0.20586078816494435,
    "astar_alignment_seed_7": 0.20586078816494435,
    "astar_alignment_seed_8": 0.20586078816494435,
    "astar_alignment_seed_9": 0.20586078816494435,
    "greedy_alignment_seed_0": 0.20586078816494435,
    "greedy_alignment_seed_1": 0.2592250641915187,
    "greedy_alignment_seed_2": 0.20586078816494435,
    "greedy_alignment_seed_3": 0.5,
    "greedy_alignment_seed_4": 0.20586078816494435,
    "greedy_alignment_seed_5": 0.2592250641915187,
    "greedy_alignment_seed_6": 0.20586078816494435,
    "greedy_alignment_seed_7": 0.20586078816494435,
    "greedy_alignment_seed_8": 0.20586078816494435,
    "greedy_alignment_seed_9": 0.20586078816494435
  },
  "payload": {
    "version": 1,
    "canonical": {
      "seed": 0,
      "grid_shape": [
        8,
        8
      ],
      "obstacle_density": 0.2,
      "start": [
        0,
        0
      ],
      "goal": [
        7,
        7
      ],
      "agent_pos": [
        0,
        0
      ],
      "astar_action": 7,
      "greedy_action": 7,
      "model_logits": [
        0.0,
        0.0,
        0.0,
        0.0,
        -100.0,
        -12.949999809265137,
        0.0,
        -12.949999809265137,
        -11.899999618530273
      ],
      "model_probs": [
        0.0,
        0.0,
        0.0,
        0.0,
        0.0,
        0.20586078816494435,
        0.0,
        0.20586078816494435,
        0.5882784236701113
      ],
      "valid_mask": [
        false,
        false,
        false,
        false,
        false,
        true,
        false,
        true,
        true
      ]
    },
    "sweep": [
      {
        "seed": 0,
        "agent_pos": [
          0,
          0
        ],
        "astar_action": 7,
        "greedy_action": 7,
        "model_probs": [
          0.0,
          0.0,
          0.0,
          0.0,
          0.0,
          0.20586078816494435,
          0.0,
          0.20586078816494435,
          0.5882784236701113
        ],
        "valid_mask": [
          false,
          false,
          false,
          false,
          false,
          true,
          false,
          true,
          true
        ]
      },
      {
        "seed": 1,
        "agent_pos": [
          0,
          0
        ],
        "astar_action": 7,
        "greedy_action": 7,
        "model_probs": [
          0.0,
          0.0,
          0.0,
          0.0,
          0.0,
          0.0,
          0.0,
          0.2592250641915187,
          0.7407749358084814
        ],
        "valid_mask": [
          false,
          false,
          false,
          false,
          false,
          false,
          false,
          true,
          true
        ]
      },
      {
        "seed": 2,
        "agent_pos": [
          0,
          0
        ],
        "astar_action": 5,
        "greedy_action": 7,
        "model_probs": [
          0.0,
          0.0,
          0.0,
          0.0,
          0.0,
          0.20586078816494435,
          0.0,
          0.20586078816494435,
          0.5882784236701113
        ],
        "valid_mask": [
          false,
          false,
          false,
          false,
          false,
          true,
          false,
          true,
          true
        ]
      },
      {
        "seed": 3,
        "agent_pos": [
          0,
          0
        ],
        "astar_action": 7,
        "greedy_action": 7,
        "model_probs": [
          0.0,
          0.0,
          0.0,
          0.0,
          0.0,
          0.5,
          0.0,
          0.5,
          0.0
        ],
        "valid_mask": [
          false,
          false,
          false,
          false,
          false,
          true,
          false,
          true,
          false
        ]
      },
      {
        "seed": 4,
        "agent_pos": [
          0,
          0
        ],
        "astar_action": 5,
        "greedy_action": 7,
        "model_probs": [
          0.0,
          0.0,
          0.0,
          0.0,
          0.0,
          0.20586078816494435,
          0.0,
          0.20586078816494435,
          0.5882784236701113
        ],
        "valid_mask": [
          false,
          false,
          false,
          false,
          false,
          true,
          false,
          true,
          true
        ]
      },
      {
        "seed": 5,
        "agent_pos": [
          0,
          0
        ],
        "astar_action": 7,
        "greedy_action": 7,
        "model_probs": [
          0.0,
          0.0,
          0.0,
          0.0,
          0.0,
          0.0,
          0.0,
          0.2592250641915187,
          0.7407749358084814
        ],
        "valid_mask": [
          false,
          false,
          false,
          false,
          false,
          false,
          false,
          true,
          true
        ]
      },
      {
        "seed": 6,
        "agent_pos": [
          0,
          0
        ],
        "astar_action": 5,
        "greedy_action": 7,
        "model_probs": [
          0.0,
          0.0,
          0.0,
          0.0,
          0.0,
          0.20586078816494435,
          0.0,
          0.20586078816494435,
          0.5882784236701113
        ],
        "valid_mask": [
          false,
          false,
          false,
          false,
          false,
          true,
          false,
          true,
          true
        ]
      },
      {
        "seed": 7,
        "agent_pos": [
          0,
          0
        ],
        "astar_action": 5,
        "greedy_action": 7,
        "model_probs": [
          0.0,
          0.0,
          0.0,
          0.0,
          0.0,
          0.20586078816494435,
          0.0,
          0.20586078816494435,
          0.5882784236701113
        ],
        "valid_mask": [
          false,
          false,
          false,
          false,
          false,
          true,
          false,
          true,
          true
        ]
      },
      {
        "seed": 8,
        "agent_pos": [
          0,
          0
        ],
        "astar_action": 7,
        "greedy_action": 7,
        "model_probs": [
          0.0,
          0.0,
          0.0,
          0.0,
          0.0,
          0.20586078816494435,
          0.0,
          0.20586078816494435,
          0.5882784236701113
        ],
        "valid_mask": [
          false,
          false,
          false,
          false,
          false,
          true,
          false,
          true,
          true
        ]
      },
      {
        "seed": 9,
        "agent_pos": [
          0,
          0
        ],
        "astar_action": 5,
        "greedy_action": 7,
        "model_probs": [
          0.0,
          0.0,
          0.0,
          0.0,
          0.0,
          0.20586078816494435,
          0.0,
          0.20586078816494435,
          0.5882784236701113
        ],
        "valid_mask": [
          false,
          false,
          false,
          false,
          false,
          true,
          false,
          true,
          true
        ]
      }
    ],
    "config": {
      "grid_size": 8,
      "obstacle_density": 0.2,
      "num_sweep_seeds": 10,
      "movement": "4-connected"
    }
  }
}