{
  "k_values": [
    1,
    2,
    3,
    4,
    8
  ],
  "head_for_k": {
    "1": 0,
    "2": 1,
    "3": 2,
    "4": 3,
    "8": 4
  },
  "mechanism_mass": {
    "1": 0.9999999999971009,
    "2": 0.9999999999971009,
    "3": 0.9999999999971009,
    "4": 0.9999999999971009,
    "8": 0.9999999999971009
  },
  "ablation_mass": {
    "1": 9.357622912192695e-14,
    "2": 9.357622912192695e-14,
    "3": 9.357622912192695e-14,
    "4": 9.357622912192695e-14,
    "8": 9.357622912192695e-14
  },
  "uniform_mass": {
    "1": 0.03125,
    "2": 0.03125,
    "3": 0.03125,
    "4": 0.03125,
    "8": 0.03125
  },
  "mechanism_argmax_acc": {
    "1": 1.0,
    "2": 1.0,
    "3": 1.0,
    "4": 1.0,
    "8": 1.0
  },
  "uniform_baseline": 0.03125
}