{
  "goal": "attention_and",
  "attempt": "superposed_query",
  "run_id": "20260613T094535Z",
  "metrics": {
    "version": 2,
    "and_sharpness_cos_0p0": 54.598150033144236,
    "linear_baseline_sharpness_cos_0p0": 2.0,
    "and_sharpness_cos_0p3": 72.62795224177958,
    "linear_baseline_sharpness_cos_0p3": 2.0,
    "and_sharpness_cos_0p5": 59.20686702088445,
    "linear_baseline_sharpness_cos_0p5": 1.9999999999999998,
    "and_sharpness_cos_0p7": 34.14179643870056,
    "linear_baseline_sharpness_cos_0p7": 1.9999999999999998,
    "and_sharpness_cos_0p9": 11.402691602674619,
    "linear_baseline_sharpness_cos_0p9": 2.0,
    "superposition_robustness": 0.20884758175418994,
    "and_sharpness_canonical": 54.598150033144236,
    "softmax_both_mass_canonical": 0.9311563684978633
  },
  "payload": {
    "sweep": [
      {
        "cosine": 0.0,
        "softmax_weights": {
          "A_only_1": 0.01705472379435196,
          "A_only_2": 0.01705472379435196,
          "B_only_1": 0.01705472379435196,
          "B_only_2": 0.01705472379435196,
          "both": 0.9311563684978633,
          "neither_1": 0.0003123681623644529,
          "neither_2": 0.0003123681623644529
        },
        "linear_weights": {
          "A_only_1": 0.16666666666666666,
          "A_only_2": 0.16666666666666666,
          "B_only_1": 0.16666666666666666,
          "B_only_2": 0.16666666666666666,
          "both": 0.3333333333333333,
          "neither_1": 0.0,
          "neither_2": 0.0
        }
      },
      {
        "cosine": 0.3,
        "softmax_weights": {
          "A_only_1": 0.020866732916305687,
          "A_only_2": 0.020866732916305687,
          "B_only_1": 0.005227394498001804,
          "B_only_2": 0.005227394498001804,
          "both": 0.9475815198186178,
          "neither_1": 0.00011511267638360957,
          "neither_2": 0.00011511267638360957
        },
        "linear_weights": {
          "A_only_1": 0.19225599921280803,
          "A_only_2": 0.19225599921280803,
          "B_only_1": 0.14107733412052537,
          "B_only_2": 0.14107733412052537,
          "both": 0.33333333333333337,
          "neither_1": 0.0,
          "neither_2": 0.0
        }
      },
      {
        "cosine": 0.5,
        "softmax_weights": {
          "A_only_1": 0.029315984128118523,
          "A_only_2": 0.029315984128118523,
          "B_only_1": 0.00232154872256672,
          "B_only_2": 0.00232154872256672,
          "both": 0.9365796001796922,
          "neither_1": 7.26670594686902e-05,
          "neither_2": 7.26670594686902e-05
        },
        "linear_weights": {
          "A_only_1": 0.21132486540518713,
          "A_only_2": 0.21132486540518713,
          "B_only_1": 0.12200846792814622,
          "B_only_2": 0.12200846792814622,
          "both": 0.3333333333333333,
          "neither_1": 0.0,
          "neither_2": 0.0
        }
      },
      {
        "cosine": 0.7,
        "softmax_weights": {
          "A_only_1": 0.05143305025037984,
          "A_only_2": 0.05143305025037984,
          "B_only_1": 0.0009968572869155574,
          "B_only_2": 0.0009968572869155574,
          "both": 0.8950256152191158,
          "neither_1": 5.728485314672601e-05,
          "neither_2": 5.728485314672601e-05
        },
        "linear_weights": {
          "A_only_1": 0.23472789455850357,
          "A_only_2": 0.23472789455850357,
          "B_only_1": 0.09860543877482977,
          "B_only_2": 0.09860543877482977,
          "both": 0.3333333333333333,
          "neither_1": 0.0,
          "neither_2": 0.0
        }
      },
      {
        "cosine": 0.9,
        "softmax_weights": {
          "A_only_1": 0.12946017120888767,
          "A_only_2": 0.12946017120888767,
          "B_only_1": 0.00037043875669345167,
          "B_only_2": 0.00037043875669345167,
          "both": 0.7402092030123278,
          "neither_1": 6.47885282549548e-05,
          "neither_2": 6.47885282549548e-05
        },
        "linear_weights": {
          "A_only_1": 0.27113150104554307,
          "A_only_2": 0.27113150104554307,
          "B_only_1": 0.06220183228779025,
          "B_only_2": 0.06220183228779025,
          "both": 0.3333333333333333,
          "neither_1": 0.0,
          "neither_2": 0.0
        }
      }
    ],
    "both_label": "both",
    "single_feature_labels": [
      "A_only_1",
      "A_only_2",
      "B_only_1",
      "B_only_2"
    ],
    "canonical_scale": 1.0
  }
}