{
  "goal": "attention_mst",
  "attempt": "pass_2",
  "run_id": "20260613T223114Z",
  "metrics": {
    "version": 1,
    "edge_f1_noise_0p0": 0.909090909090909,
    "auroc_noise_0p0": 0.9791735537190084,
    "weight_ratio_noise_0p0": 1.0080524228976575,
    "baseline_edge_f1_noise_0p0": 1.0,
    "baseline_auroc_noise_0p0": 0.9838016528925619,
    "edge_f1_noise_0p1": 0.8545454545454547,
    "auroc_noise_0p1": 0.9702479338842975,
    "weight_ratio_noise_0p1": 1.0519345030222682,
    "baseline_edge_f1_noise_0p1": 0.9272727272727274,
    "baseline_auroc_noise_0p1": 0.9745454545454546,
    "edge_f1_noise_0p2": 0.8181818181818181,
    "auroc_noise_0p2": 0.9672727272727272,
    "weight_ratio_noise_0p2": 1.1076307309880948,
    "baseline_edge_f1_noise_0p2": 0.8181818181818181,
    "baseline_auroc_noise_0p2": 0.9639669421487603,
    "edge_f1_noise_0p3": 0.6545454545454545,
    "auroc_noise_0p3": 0.9140495867768594,
    "weight_ratio_noise_0p3": 1.1569854025353141,
    "baseline_edge_f1_noise_0p3": 0.6545454545454545,
    "baseline_auroc_noise_0p3": 0.9173553719008265,
    "edge_f1_noise_0p4": 0.6545454545454545,
    "auroc_noise_0p4": 0.9183471074380165,
    "weight_ratio_noise_0p4": 1.3048434186185023,
    "baseline_edge_f1_noise_0p4": 0.6545454545454545,
    "baseline_auroc_noise_0p4": 0.9161983471074381,
    "edge_f1_noise_0p5": 0.6181818181818182,
    "auroc_noise_0p5": 0.9021487603305784,
    "weight_ratio_noise_0p5": 1.2818874049068263,
    "baseline_edge_f1_noise_0p5": 0.6181818181818182,
    "baseline_auroc_noise_0p5": 0.9038016528925621,
    "edge_f1_noise_0p6": 0.5454545454545454,
    "auroc_noise_0p6": 0.885289256198347,
    "weight_ratio_noise_0p6": 1.4897978113953996,
    "baseline_edge_f1_noise_0p6": 0.5454545454545454,
    "baseline_auroc_noise_0p6": 0.883801652892562,
    "edge_f1_noise_0p7": 0.47272727272727266,
    "auroc_noise_0p7": 0.8472727272727273,
    "weight_ratio_noise_0p7": 1.6654093894408972,
    "baseline_edge_f1_noise_0p7": 0.4909090909090909,
    "baseline_auroc_noise_0p7": 0.849090909090909,
    "edge_f1_noise_0p8": 0.38181818181818183,
    "auroc_noise_0p8": 0.8042975206611571,
    "weight_ratio_noise_0p8": 1.8089973877768741,
    "baseline_edge_f1_noise_0p8": 0.38181818181818183,
    "baseline_auroc_noise_0p8": 0.8095867768595042,
    "edge_f1_noise_0p9": 0.47272727272727266,
    "auroc_noise_0p9": 0.8452892561983472,
    "weight_ratio_noise_0p9": 1.5647450071844753,
    "baseline_edge_f1_noise_0p9": 0.509090909090909,
    "baseline_auroc_noise_0p9": 0.8461157024793389,
    "edge_f1_noise_1p0": 0.3454545454545454,
    "auroc_noise_1p0": 0.808595041322314,
    "weight_ratio_noise_1p0": 1.9546484671546804,
    "baseline_edge_f1_noise_1p0": 0.36363636363636365,
    "baseline_auroc_noise_1p0": 0.8074380165289256,
    "edge_f1_canonical": 0.6181818181818182,
    "auroc_canonical": 0.9021487603305784,
    "baseline_edge_f1_canonical": 0.6181818181818182,
    "lift_over_baseline_canonical": 0.0,
    "mst_recovery": 0.6115702479338843,
    "mst_recovery_robustness": 0.38
  },
  "payload": {
    "version": 1,
    "model_name": "attention_mst",
    "n_heads": 12,
    "canonical_noise": 0.5,
    "noise_levels": [
      0.0,
      0.1,
      0.2,
      0.3,
      0.4,
      0.5,
      0.6,
      0.7,
      0.8,
      0.9,
      1.0
    ],
    "sweep": [
      {
        "noise_level": 0.0,
        "edge_f1": 0.909090909090909,
        "precision": 0.909090909090909,
        "recall": 0.909090909090909,
        "auroc": 0.9791735537190084,
        "auprc": 0.9046140787317258,
        "weight_ratio": 1.0080524228976575,
        "n_seeds": 5
      },
      {
        "noise_level": 0.1,
        "edge_f1": 0.8545454545454547,
        "precision": 0.8545454545454547,
        "recall": 0.8545454545454547,
        "auroc": 0.9702479338842975,
        "auprc": 0.8789752860111711,
        "weight_ratio": 1.0519345030222682,
        "n_seeds": 5
      },
      {
        "noise_level": 0.2,
        "edge_f1": 0.8181818181818181,
        "precision": 0.8181818181818181,
        "recall": 0.8181818181818181,
        "auroc": 0.9672727272727272,
        "auprc": 0.8626755693410633,
        "weight_ratio": 1.1076307309880948,
        "n_seeds": 5
      },
      {
        "noise_level": 0.3,
        "edge_f1": 0.6545454545454545,
        "precision": 0.6545454545454545,
        "recall": 0.6545454545454545,
        "auroc": 0.9140495867768594,
        "auprc": 0.6702959162566893,
        "weight_ratio": 1.1569854025353141,
        "n_seeds": 5
      },
      {
        "noise_level": 0.4,
        "edge_f1": 0.6545454545454545,
        "precision": 0.6545454545454545,
        "recall": 0.6545454545454545,
        "auroc": 0.9183471074380165,
        "auprc": 0.6927725650734377,
        "weight_ratio": 1.3048434186185023,
        "n_seeds": 5
      },
      {
        "noise_level": 0.5,
        "edge_f1": 0.6181818181818182,
        "precision": 0.6181818181818182,
        "recall": 0.6181818181818182,
        "auroc": 0.9021487603305784,
        "auprc": 0.6484305311605941,
        "weight_ratio": 1.2818874049068263,
        "n_seeds": 5
      },
      {
        "noise_level": 0.6,
        "edge_f1": 0.5454545454545454,
        "precision": 0.5454545454545454,
        "recall": 0.5454545454545454,
        "auroc": 0.885289256198347,
        "auprc": 0.6265443389279373,
        "weight_ratio": 1.4897978113953996,
        "n_seeds": 5
      },
      {
        "noise_level": 0.7,
        "edge_f1": 0.47272727272727266,
        "precision": 0.47272727272727266,
        "recall": 0.47272727272727266,
        "auroc": 0.8472727272727273,
        "auprc": 0.4812221751322909,
        "weight_ratio": 1.6654093894408972,
        "n_seeds": 5
      },
      {
        "noise_level": 0.8,
        "edge_f1": 0.38181818181818183,
        "precision": 0.38181818181818183,
        "recall": 0.38181818181818183,
        "auroc": 0.8042975206611571,
        "auprc": 0.42714716095302646,
        "weight_ratio": 1.8089973877768741,
        "n_seeds": 5
      },
      {
        "noise_level": 0.9,
        "edge_f1": 0.47272727272727266,
        "precision": 0.47272727272727266,
        "recall": 0.47272727272727266,
        "auroc": 0.8452892561983472,
        "auprc": 0.4880424988919202,
        "weight_ratio": 1.5647450071844753,
        "n_seeds": 5
      },
      {
        "noise_level": 1.0,
        "edge_f1": 0.3454545454545454,
        "precision": 0.3454545454545454,
        "recall": 0.3454545454545454,
        "auroc": 0.808595041322314,
        "auprc": 0.45953730332985804,
        "weight_ratio": 1.9546484671546804,
        "n_seeds": 5
      }
    ],
    "baseline": [
      {
        "noise_level": 0.0,
        "edge_f1": 1.0,
        "precision": 1.0,
        "recall": 1.0,
        "auroc": 0.9838016528925619,
        "auprc": 0.9234736953636474,
        "weight_ratio": 1.0,
        "n_seeds": 5
      },
      {
        "noise_level": 0.1,
        "edge_f1": 0.9272727272727274,
        "precision": 0.9272727272727274,
        "recall": 0.9272727272727274,
        "auroc": 0.9745454545454546,
        "auprc": 0.8799024015200485,
        "weight_ratio": 1.0099847270345543,
        "n_seeds": 5
      },
      {
        "noise_level": 0.2,
        "edge_f1": 0.8181818181818181,
        "precision": 0.8181818181818181,
        "recall": 0.8181818181818181,
        "auroc": 0.9639669421487603,
        "auprc": 0.8489616642543746,
        "weight_ratio": 1.1025822112010044,
        "n_seeds": 5
      },
      {
        "noise_level": 0.3,
        "edge_f1": 0.6545454545454545,
        "precision": 0.6545454545454545,
        "recall": 0.6545454545454545,
        "auroc": 0.9173553719008265,
        "auprc": 0.6922380483293795,
        "weight_ratio": 1.1434902594382632,
        "n_seeds": 5
      },
      {
        "noise_level": 0.4,
        "edge_f1": 0.6545454545454545,
        "precision": 0.6545454545454545,
        "recall": 0.6545454545454545,