{
  "n_positions": 16,
  "examples": [
    {
      "similarity": 0.0,
      "target_index": 12,
      "mech_attn": [
        0.0010702884656398415,
        0.05742594655611363,
        0.044807180862117796,
        0.12981055559898577,
        0.051467554373611585,
        0.0547669057186979,
        0.01915013535156169,
        0.004135003122404885,
        0.0011298253372019668,
        0.0035288659692415975,
        0.002884538512299426,
        0.2594193391427221,
        0.30474043434968234,
        0.04517124436993212,
        0.012002156750286323,
        0.008490025519501085
      ],
      "ablate_attn": [
        0.0009056694178904632,
        0.06986463748197541,
        0.04407380454235083,
        0.10211920758323952,
        0.08423283495621754,
        0.06374019546507342,
        0.01991674462863404,
        0.005554718627577098,
        0.0010961187556120194,
        0.004004923524643082,
        0.0028887270274210288,
        0.21713064943897423,
        0.3124526920658757,
        0.05209392236029858,
        0.012634647928120803,
        0.007290506196096193
      ],
      "base_attn": [
        0.04580944999087081,
        0.06944784659834255,
        0.0664510517585333,
        0.0720182907975304,
        0.07070266902677337,
        0.06884046586213274,
        0.06158464894325591,
        0.05449729106649784,
        0.04665427288762486,
        0.052816817634938215,
        0.051190196509613504,
        0.0774125026159153,
        0.08015771360195986,
        0.0675233172735814,
        0.05895863549716169,
        0.055934829935268354
      ]
    },
    {
      "similarity": 0.2,
      "target_index": 4,
      "mech_attn": [
        0.00028163793408881075,
        1.973977123406161e-05,
        0.0018497757682955187,
        5.254941844542445e-05,
        0.9883570891839941,
        0.0002659482469585084,
        0.0006043903654424755,
        0.002481572510318467,
        4.899479377653735e-05,
        1.7563757060711637e-05,
        5.398230077234113e-05,
        0.0005052317607249526,
        8.78063518723606e-05,
        3.0109554964599326e-05,
        0.005022348258425584,
        0.0003212600236255213
      ],
      "ablate_attn": [
        0.08098827970326539,
        0.019361020800953994,
        0.021316475567494414,
        0.24016029766926206,
        0.2243256670042032,
        0.027447760602681195,
        0.008996228842261941,
        0.22492950365969402,
        0.001707903666214217,
        0.002985998963572573,
        0.01556725282695512,
        0.0032694619878117226,
        0.01179190042714998,
        0.030180419632524918,
        0.0736858438276903,
        0.01328598481826505
      ],
      "base_attn": [
        0.06963005556117152,
        0.060714169734537776,
        0.061276097196710795,
        0.07726757429042715,
        0.07676460508898647,
        0.06277741003714889,
        0.05641813141097597,
        0.07678436553097831,
        0.048120192022217366,
        0.05076428510767636,
        0.059459491013618845,
        0.051207016734924,
        0.05789903223609114,
        0.0633504870509034,
        0.0690029164316776,
        0.05856417055195438
      ]
    },
    {
      "similarity": 0.4,
      "target_index": 2,
      "mech_attn": [
        9.933129789138613e-11,
        6.597301515303549e-09,
        0.9999999391832325,
        2.6616869180961963e-11,
        1.525602886753004e-08,
        1.2272260225038042e-10,
        2.012752139632725e-11,
        1.307315679648542e-09,
        3.4327423651425778e-09,
        1.859232778367493e-13,
        2.1158023252415632e-10,
        3.334709072154138e-08,
        5.298727369632054e-12,
        3.885222348825542e-10,
        1.8257018821190904e-12,
        7.730474736482692e-14
      ],
      "ablate_attn": [
        0.002570023909948249,
        0.04982661866682488,
        0.2345245667507502,
        0.006119581299155036,
        0.013899755739510515,
        0.02831431145695002,
        0.007435379275923456,
        0.007437500652999876,
        0.009733388533050136,
        0.012669614259159483,
        0.5693512109087152,
        0.027549241256640343,
        0.0056759552833981885,
        0.003998388805564918,
        0.016948923004730217,
        0.003945540196679268
      ],
      "base_attn": [
        0.05208782770524549,
        0.06918531059367354,
        0.08024648877576272,
        0.0565994950534975,
        0.06122462015303636,
        0.06554085182477082,
        0.057664832947538616,
        0.057666407235471326,
        0.05917111889262642,
        0.06068381181205762,
        0.08735892475230785,
        0.06536917955671659,
        0.05619313261876841,
        0.05433939960166742,
        0.06239838237104633,
        0.05427021610581307
      ]
    },
    {
      "similarity": 0.6,
      "target_index": 5,
      "mech_attn": [
        1.6697589589942478e-09,
        4.3905423345709567e-10,
        5.793004336990614e-11,
        2.1254046079968219e-10,
        6.419803115778443e-13,
        0.999999990984794,
        9.534990573852857e-12,
        2.688302359902036e-09,
        2.3653224294075264e-11,
        4.163531432645152e-10,
        7.896767835402784e-12,
        1.4158084970417142e-10,
        1.4573121849271212e-09,
        1.7360419086301405e-10,
        1.4358293759038922e-10,
        1.5734596823122158e-09
      ],
      "ablate_attn": [
        0.018030466268733277,
        0.12707039451150878,
        0.15711662337650154,
        0.06827217389104674,
        0.00768814126003443,
        0.11046304537238115,
        0.014125337841553497,
        0.1055322134124532,
        0.023208032857303284,
        0.15186029944273,
        0.016472043095052954,
        0.0376968733133507,
        0.006409782754416623,
        0.07758173793397109,
        0.03444318126491129,
        0.044029653404051405
      ],
      "base_attn": [
        0.057575588510203356,
        0.06941225291628554,
        0.07083728943594361,
        0.06540384812011188,
        0.0530632600582718,
        0.06848761570549658,
        0.056245572950724035,
        0.06818882288312722,
        0.05898415475242107,
        0.07060687452650927,
        0.057079397770946214,
        0.06178830055875005,
        0.05214731493891249,
        0.06620927225554767,
        0.06125658028653213,
        0.06271385433021703
      ]
    },
    {
      "similarity": 0.8,
      "target_index": 9,
      "mech_attn": [
        1.3165392298776167e-05,
        9.013912926906072e-06,
        2.920588429905177e-07,
        1.470341037382145e-07,
        8.42667029130035e-06,
        3.274790021777562e-05,
        1.9934164852649737e-07,
        1.584507894714187e-07,
        2.3696993721545977e-06,
        0.999851124805183,
        1.1735830808693827e-06,
        4.3758367368974364e-06,
        3.989659096976583e-06,
        7.173456830871063e-05,
        9.367119627364694e-07,
        1.443751393357516e-07
      ],
      "ablate_attn": [
        0.5116974106345907,
        0.024274959567185207,
        0.010407449814910767,
        0.09986276578212455,
        0.04588223064728653,
        0.06964558165053826,
        0.01944110801706434,
        0.027495910792531917,
        0.021222334896151152,
        0.023507301007070977,
        0.014105330467696452,
        0.05276953366877043,
        0.020610139292176845,
        0.03676989491682498,
        0.008815182306812068,
        0.01349286653826474
      ],
      "base_attn": [
        0.08137075568908816,
        0.06077320498855645,
        0.05603956314675318,
        0.0695864660137573,
        0.06459294333116164,
        0.06722631094590761,
        0.0594947259155705,
        0.061502535558218926,
        0.0599962053089253,
        0.060586506614769,
        0.05769486732236744,
        0.06546371840940803,
        0.05982829355275809,
        0.06323808575140119,
        0.05515565759778598,
        0.05745015985357113
      ]
    }
  ],
  "depth": [
    {
      "n_iter": 0,
      "mean_hit": 0.3875,