{
  "goal": "attention_boundary",
  "attempt": "pass_3",
  "run_id": "20260613T163812Z",
  "metrics": {
    "version": 1,
    "boundary_sharpness_canonical": 0.998740937192397,
    "boundary_sharpness_segA": 0.9987409372198837,
    "boundary_sharpness_segB": 0.9987409371649104,
    "boundary_crossing_rate_canonical": 0.0006295334231599089,
    "boundary_crossing_rate_segA": 0.0006295334231599089,
    "boundary_crossing_rate_segB": 0.0006295334231599089,
    "delim_leakage_canonical": 3.654889968352639e-12,
    "delim_leakage_segA": 3.654889968352639e-12,
    "delim_leakage_segB": 3.654889968352639e-12,
    "linear_baseline_sharpness_canonical": 0.0,
    "linear_baseline_sharpness_segA": 0.0,
    "linear_baseline_sharpness_segB": 0.0,
    "lift_over_linear_sharpness": 0.998740937192397
  },
  "payload": {
    "version": 1,
    "config": {
      "vocab_size": 64,
      "seg_len": 8,
      "batch_size": 32,
      "n_heads": 4,
      "seq_len": 18,
      "delim_pos": 8,
      "canonical_seed": 0
    },
    "sweep": [
      {
        "query_segment": "segA",
        "within_seg_attn": 0.9993704706430435,
        "delim_attn": 3.654889968352639e-12,
        "cross_seg_attn": 0.0006295334231599089,
        "eos_attn": 1.6219563292571117e-13,
        "head_sharpness": [
          0.9950547972694039,
          0.9999091833924467,
          0.9999997682554351,
          0.9999999999622486
        ]
      },
      {
        "query_segment": "segB",
        "within_seg_attn": 0.9993704706430435,
        "delim_attn": 3.654889968352639e-12,
        "cross_seg_attn": 0.0006295334231599089,
        "eos_attn": 2.574819871203893e-10,
        "head_sharpness": [
          0.9950547972694039,
          0.9999091833924467,
          0.9999997682554351,
          0.9999999997423559
        ]
      }
    ],
    "linear_baseline": {
      "segA": {
        "within_seg_attn": 0.4444444444444444,
        "delim_attn": 0.05555555555555555,
        "cross_seg_attn": 0.4444444444444444,
        "eos_attn": 0.05555555555555555,
        "head_sharpness": [
          0.0,
          0.0,
          0.0,
          0.0
        ]
      },
      "segB": {
        "within_seg_attn": 0.4444444444444444,
        "delim_attn": 0.05555555555555555,
        "cross_seg_attn": 0.4444444444444444,
        "eos_attn": 0.05555555555555555,
        "head_sharpness": [
          0.0,
          0.0,
          0.0,
          0.0
        ]
      }
    }
  }
}