{
  "goal": "attention_modular_add",
  "attempt": "pass_4",
  "run_id": "20260613T154842Z",
  "metrics": {
    "version": 1,
    "fourier_alignment_canonical": 0.9999785786085772,
    "phase_error_canonical": 1.5707615281434937,
    "explained_variance_canonical": 0.020833333333332614,
    "random_baseline_alignment": 0.015625,
    "lift_over_random_alignment": 0.9843535786085772,
    "superposition_robustness": 0.9999722377382441,
    "fourier_alignment_freq_01": 0.9999845210229379,
    "fourier_alignment_freq_02": 0.9999842696310731,
    "fourier_alignment_freq_03": 0.9999773196027923,
    "fourier_alignment_freq_04": 0.9999747982016436,
    "fourier_alignment_freq_05": 0.9999823219151678,
    "fourier_alignment_freq_06": 0.9999781620367569,
    "fourier_alignment_freq_07": 0.9999815904719671,
    "fourier_alignment_freq_08": 0.9999771123786403,
    "fourier_alignment_freq_09": 0.9999688627557717,
    "fourier_alignment_freq_10": 0.9999640708909314,
    "fourier_alignment_freq_11": 0.9999854520780482,
    "fourier_alignment_freq_12": 0.9999747100494876,
    "fourier_alignment_freq_13": 0.9999844759119072,
    "fourier_alignment_freq_14": 0.9999710784034607,
    "fourier_alignment_freq_15": 0.9999806060199529,
    "fourier_alignment_freq_16": 0.9999755321350703,
    "fourier_alignment_freq_17": 0.9999694575066442,
    "fourier_alignment_freq_18": 0.9999786115571905,
    "fourier_alignment_freq_19": 0.9999807485408072,
    "fourier_alignment_freq_20": 0.999973590354477,
    "fourier_alignment_freq_21": 0.9999844265380675,
    "fourier_alignment_freq_22": 0.9999829837307819,
    "fourier_alignment_freq_23": 0.9999744341809581,
    "fourier_alignment_freq_24": 0.9999838333066717,
    "fourier_alignment_freq_25": 0.9999787363446284,
    "fourier_alignment_freq_26": 0.999983196627223,
    "fourier_alignment_freq_27": 0.9999803141541513,
    "fourier_alignment_freq_28": 0.9999793102960388,
    "fourier_alignment_freq_29": 0.999991832925951,
    "fourier_alignment_freq_30": 0.999978628876961,
    "fourier_alignment_freq_31": 0.9999812880670538,
    "fourier_alignment_freq_32": 0.9999735481989986,
    "fourier_alignment_freq_33": 0.9999750188142758,
    "fourier_alignment_freq_34": 0.9999701678415407,
    "fourier_alignment_freq_35": 0.9999890015216726,
    "fourier_alignment_freq_36": 0.9999794856474715,
    "fourier_alignment_freq_37": 0.9999735776754755,
    "fourier_alignment_freq_38": 0.9999752793026362,
    "fourier_alignment_freq_39": 0.9999737040037491,
    "fourier_alignment_freq_40": 0.9999878378874778,
    "fourier_alignment_freq_41": 0.9999736229816152,
    "fourier_alignment_freq_42": 0.9999743823577476,
    "fourier_alignment_freq_43": 0.9999818096455324,
    "fourier_alignment_freq_44": 0.9999762044317837,
    "fourier_alignment_freq_45": 0.9999816115122172,
    "fourier_alignment_freq_46": 0.9999813321436477,
    "fourier_alignment_freq_47": 0.9999708291683815,
    "fourier_alignment_freq_48": 0.9999880835642698,
    "phase_error_freq_01": 1.570766756569601,
    "phase_error_freq_02": 1.5707676982212937,
    "phase_error_freq_03": 1.570764079822981,
    "phase_error_freq_04": 1.5707590408338719,
    "phase_error_freq_05": 1.5707670798750017,
    "phase_error_freq_06": 1.5707593133814666,
    "phase_error_freq_07": 1.5707648701239365,
    "phase_error_freq_08": 1.5707524157457533,
    "phase_error_freq_09": 1.570754801267053,
    "phase_error_freq_10": 1.5707534305575173,
    "phase_error_freq_11": 1.5707641742816667,
    "phase_error_freq_12": 1.5707538459659727,
    "phase_error_freq_13": 1.570765996324354,
    "phase_error_freq_14": 1.57075805194798,
    "phase_error_freq_15": 1.5707583386837627,
    "phase_error_freq_16": 1.5707484847552042,
    "phase_error_freq_17": 1.5707603079416637,
    "phase_error_freq_18": 1.570753333271455,
    "phase_error_freq_19": 1.5707612743612618,
    "phase_error_freq_20": 1.5707624264047912,
    "phase_error_freq_21": 1.5707663840996229,
    "phase_error_freq_22": 1.5707647382832666,
    "phase_error_freq_23": 1.5707585324904247,
    "phase_error_freq_24": 1.5707679194920598,
    "phase_error_freq_25": 1.570760910851621,
    "phase_error_freq_26": 1.5707657907634147,
    "phase_error_freq_27": 1.5707649108592399,
    "phase_error_freq_28": 1.570764185957807,
    "phase_error_freq_29": 1.5707771075756047,
    "phase_error_freq_30": 1.570766616033274,
    "phase_error_freq_31": 1.5707645379442237,
    "phase_error_freq_32": 1.5707659146742423,
    "phase_error_freq_33": 1.5707552007322718,
    "phase_error_freq_34": 1.57075647489104,
    "phase_error_freq_35": 1.5707699243201443,
    "phase_error_freq_36": 1.5707554232668104,
    "phase_error_freq_37": 1.5707609869813217,
    "phase_error_freq_38": 1.5707569038166447,
    "phase_error_freq_39": 1.5707593588400632,
    "phase_error_freq_40": 1.5707702680171618,
    "phase_error_freq_41": 1.5707591443293583,
    "phase_error_freq_42": 1.570762084405791,
    "phase_error_freq_43": 1.5707591186974734,
    "phase_error_freq_44": 1.5707539187218205,
    "phase_error_freq_45": 1.5707623280541045,
    "phase_error_freq_46": 1.5707631019790598,
    "phase_error_freq_47": 1.570756583835854,
    "phase_error_freq_48": 1.57076926063739
  },
  "payload": {
    "version": 1,
    "modulus": 97,
    "d_head": 128,
    "layer_index": 0,
    "head_index": 0,
    "sweep": [
      {
        "frequency": 1,
        "alignment": 0.9999845210229379,
        "phase_error": 1.570766756569601,
        "explained_variance": 0.0208332623670547
      },
      {
        "frequency": 2,
        "alignment": 0.9999842696310731,
        "phase_error": 1.5707676982212937,
        "explained_variance": 0.020833249848354805
      },
      {
        "frequency": 3,
        "alignment": 0.9999773196027923,
        "phase_error": 1.570764079822981,
        "explained_variance": 0.02083329813867167
      },
      {
        "frequency": 4,
        "alignment": 0.9999747982016436,
        "phase_error": 1.5707590408338719,
        "explained_variance": 0.020833365932142373
      },
      {
        "frequency": 5,
        "alignment": 0.9999823219151678,
        "phase_error": 1.5707670798750017,
        "explained_variance": 0.020833260254293814
      },
      {
        "frequency": 6,
        "alignment": 0.9999781620367569,
        "phase_error": 1.5707593133814666,
        "explained_variance": 0.02083335879181297
      },
      {
        "frequency": 7,
        "alignment": 0.9999815904719671,
        "phase_error": 1.5707648701239365,
        "explained_variance": 0.02083328719916395
      },
      {
        "frequency": 8,
        "alignment": 0.9999771123786403,
        "phase_error": 1.5707524157457533,
        "explained_variance": 0.020833453348821585
      },
      {
        "frequency": 9,
        "alignment": 0.9999688627557717,
        "phase_error": 1.570754801267053,
        "explained_variance": 0.020833420556673525
      },
      {
        "frequency": 10,
        "alignment": 0.9999640708909314,
        "phase_error": 1.5707534305575173,
        "explained_variance": 0.020833438377811733
      },
      {
        "frequency": 11,
        "alignment": 0.9999854520780482,
        "phase_error": 1.5707641742816667,
        "explained_variance": 0.020833292419875214
      },
      {
        "frequency": 12,
        "alignment": 0.9999747100494876,
        "phase_error": 1.5707538459659727,
        "explained_variance": 0.02083343520077402
      },
      {
        "frequency": 13,
        "alignment": 0.9999844759119072,
        "phase_error": 1.570765996324354,
        "explained_variance": 0.020833278315475594
      },
      {
        "frequency": 14,
        "alignment": 0.9999710784034607,
        "phase_error": 1.57075805194798,
        "explained_variance": 0.020833376303253368
      },
      {
        "frequency": 15,
        "alignment": 0.9999806060199529,
        "phase_error": 1.5707583386837627,