{
  "goal": "attention_dot_product",
  "attempt": "pass_2",
  "run_id": "20260613T150717Z",
  "metrics": {
    "version": 1,
    "mse_seqlen_8": 2.8753680164693556e-15,
    "rel_error_seqlen_8": 1.129534291565536e-07,
    "cos_sim_seqlen_8": 0.9999999999999951,
    "baseline_mse_seqlen_8": 0.11165868141100171,
    "mse_seqlen_16": 2.396352683467998e-15,
    "rel_error_seqlen_16": 1.3292753865537065e-07,
    "cos_sim_seqlen_16": 0.999999999999993,
    "baseline_mse_seqlen_16": 0.06949189116797508,
    "mse_seqlen_32": 2.6051339036074766e-15,
    "rel_error_seqlen_32": 1.888973472922053e-07,
    "cos_sim_seqlen_32": 0.9999999999999865,
    "baseline_mse_seqlen_32": 0.04290243654125597,
    "mse_seqlen_64": 2.0012964214717883e-15,
    "rel_error_seqlen_64": 2.2609153498604555e-07,
    "cos_sim_seqlen_64": 0.9999999999999803,
    "baseline_mse_seqlen_64": 0.024392156911937267,
    "mse_seqlen_128": 1.5154405012401374e-15,
    "rel_error_seqlen_128": 2.7080419064851756e-07,
    "cos_sim_seqlen_128": 0.9999999999999691,
    "baseline_mse_seqlen_128": 0.013226493374788394,
    "mse_canonical": 2.6051339036074766e-15,
    "rel_error_canonical": 1.888973472922053e-07,
    "cos_sim_canonical": 0.9999999999999865,
    "baseline_mse_canonical": 0.04290243654125597,
    "attention_fidelity_canonical": 0.9999999999999393,
    "lift_over_baseline_canonical": 0.04290243654125337,
    "attention_fidelity": 0.9999999999999565,
    "cos_sim_worst": 0.9999999999999691,
    "cos_sim_mean": 0.9999999999999847,
    "attention_robustness": 0.9999999999999691
  },
  "payload": {
    "version": 1,
    "model_name": "synthetic_scaled_dot_product_attention",
    "config": {
      "d_head": 16,
      "n_heads": 4,
      "batch_size": 8,
      "canonical_seq_len": 32,
      "seq_len_sweep": [
        8,
        16,
        32,
        64,
        128
      ]
    },
    "sweep": [
      {
        "seq_len": 8,
        "mse": 2.8753680164693556e-15,
        "rel_error": 1.129534291565536e-07,
        "cos_sim": 0.9999999999999951,
        "baseline_mse": 0.11165868141100171
      },
      {
        "seq_len": 16,
        "mse": 2.396352683467998e-15,
        "rel_error": 1.3292753865537065e-07,
        "cos_sim": 0.999999999999993,
        "baseline_mse": 0.06949189116797508
      },
      {
        "seq_len": 32,
        "mse": 2.6051339036074766e-15,
        "rel_error": 1.888973472922053e-07,
        "cos_sim": 0.9999999999999865,
        "baseline_mse": 0.04290243654125597
      },
      {
        "seq_len": 64,
        "mse": 2.0012964214717883e-15,
        "rel_error": 2.2609153498604555e-07,
        "cos_sim": 0.9999999999999803,
        "baseline_mse": 0.024392156911937267
      },
      {
        "seq_len": 128,
        "mse": 1.5154405012401374e-15,
        "rel_error": 2.7080419064851756e-07,
        "cos_sim": 0.9999999999999691,
        "baseline_mse": 0.013226493374788394
      }
    ]
  }
}