{"4": {"values": [0.17107859253883362, 0.4058988094329834, 0.7136021256446838, 0.8998618125915527], "attn": [[1.0, 9.357622912219837e-14, 0.0, 0.0], [9.357622912219837e-14, 1.0, 9.357622912219837e-14, 0.0], [0.0, 9.357622912219837e-14, 1.0, 9.357622912219837e-14], [0.0, 0.0, 9.357622912219837e-14, 1.0]], "target_key": [0, 1, 2, 3]}, "8": {"values": [0.6192046403884888, 0.7505373954772949, 0.36714231967926025, 0.8418991565704346, 0.8601539134979248, 0.41938820481300354, 0.6941068172454834, 0.15833698213100433], "attn": [[0.0, 0.0, 9.357622912219837e-14, 0.0, 0.0, 0.0, 0.0, 1.0], [0.0, 0.0, 1.0, 0.0, 0.0, 9.357622912219837e-14, 0.0, 9.357622912219837e-14], [9.357622912219837e-14, 0.0, 9.357622912219837e-14, 0.0, 0.0, 1.0, 0.0, 0.0], [1.0, 0.0, 0.0, 0.0, 0.0, 9.357622912219837e-14, 9.357622912219837e-14, 0.0], [9.357622912219837e-14, 9.357622912219837e-14, 0.0, 0.0, 0.0, 0.0, 1.0, 0.0], [0.0, 1.0, 0.0, 9.357622912219837e-14, 0.0, 0.0, 9.357622912219837e-14, 0.0], [0.0, 9.357622912219837e-14, 0.0, 1.0, 9.357622912219837e-14, 0.0, 0.0, 0.0], [0.0, 0.0, 0.0, 9.357622912219837e-14, 1.0, 0.0, 0.0, 0.0]], "target_key": [7, 2, 5, 0, 6, 1, 3, 4]}, "16": {"values": [0.4166240692138672, 0.9737178087234497, 0.6917816996574402, 0.26257625222206116, 0.4391835331916809, 0.4329260587692261, 0.7141709327697754, 0.9179893136024475, 0.7740824818611145, 0.6897186636924744, 0.13978469371795654, 0.16516122221946716, 0.4959840774536133, 0.8135657906532288, 0.1477149873971939, 0.43708929419517517], "attn": [[0.0, 0.0, 0.0, 0.0, 0.0, 0.0, 0.0, 0.0, 0.0, 0.0, 1.0, 0.0, 0.0, 0.0, 9.357622912219837e-14, 0.0], [0.0, 0.0, 0.0, 0.0, 0.0, 0.0, 0.0, 0.0, 0.0, 0.0, 9.357622912219837e-14, 9.357622912219837e-14, 0.0, 0.0, 1.0, 0.0], [0.0, 0.0, 0.0, 9.357622912219837e-14, 0.0, 0.0, 0.0, 0.0, 0.0, 0.0, 0.0, 1.0, 0.0, 0.0, 9.357622912219837e-14, 0.0], [9.357622912219837e-14, 0.0, 0.0, 1.0, 0.0, 0.0, 0.0, 0.0, 0.0, 0.0, 0.0, 9.357622912219837e-14, 0.0, 0.0, 0.0, 0.0], [1.0, 0.0, 0.0, 9.357622912219837e-14, 0.0, 9.357622912219837e-14, 0.0, 0.0, 0.0, 0.0, 0.0, 0.0, 0.0, 0.0, 0.0, 0.0], [9.357622912219837e-14, 0.0, 0.0, 0.0, 0.0, 1.0, 0.0, 0.0, 0.0, 0.0, 0.0, 0.0, 0.0, 0.0, 0.0, 9.357622912219837e-14], [0.0, 0.0, 0.0, 0.0, 9.357622912219837e-14, 9.357622912219837e-14, 0.0, 0.0, 0.0, 0.0, 0.0, 0.0, 0.0, 0.0, 0.0, 1.0], [0.0, 0.0, 0.0, 0.0, 1.0, 0.0, 0.0, 0.0, 0.0, 0.0, 0.0, 0.0, 9.357622912219837e-14, 0.0, 0.0, 9.357622912219837e-14], [0.0, 0.0, 0.0, 0.0, 9.357622912219837e-14, 0.0, 0.0, 0.0, 0.0, 9.357622912219837e-14, 0.0, 0.0, 1.0, 0.0, 0.0, 0.0], [0.0, 0.0, 9.357622912219837e-14, 0.0, 0.0, 0.0, 0.0, 0.0, 0.0, 1.0, 0.0, 0.0, 9.357622912219837e-14, 0.0, 0.0, 0.0], [0.0, 0.0, 1.0, 0.0, 0.0, 0.0, 9.357622912219837e-14, 0.0, 0.0, 9.357622912219837e-14, 0.0, 0.0, 0.0, 0.0, 0.0, 0.0], [0.0, 0.0, 9.357622912219837e-14, 0.0, 0.0, 0.0, 1.0, 0.0, 9.357622912219837e-14, 0.0, 0.0, 0.0, 0.0, 0.0, 0.0, 0.0], [0.0, 0.0, 0.0, 0.0, 0.0, 0.0, 9.357622912219837e-14, 0.0, 1.0, 0.0, 0.0, 0.0, 0.0, 9.357622912219837e-14, 0.0, 0.0], [0.0, 0.0, 0.0, 0.0, 0.0, 0.0, 0.0, 9.357622912219837e-14, 9.357622912219837e-14, 0.0, 0.0, 0.0, 0.0, 1.0, 0.0, 0.0], [0.0, 9.357622912219837e-14, 0.0, 0.0, 0.0, 0.0, 0.0, 1.0, 0.0, 0.0, 0.0, 0.0, 0.0, 9.357622912219837e-14, 0.0, 0.0], [0.0, 1.0, 0.0, 0.0, 0.0, 0.0, 0.0, 9.357622912219837e-14, 0.0, 0.0, 0.0, 0.0, 0.0, 0.0, 0.0, 0.0]], "target_key": [10, 14, 11, 3, 0, 5, 15, 4, 12, 9, 2, 6, 8, 13, 7, 1]}, "32": {"values": [0.5507751107215881, 0.33807361125946045, 0.7071651220321655, 0.2267974466085434, 0.3848837912082672, 0.9253858923912048, 0.038809243589639664, 0.6258590817451477, 0.6818545460700989, 0.43823736906051636, 0.1581854671239853, 0.6796489357948303, 0.15379585325717926, 0.09679470211267471, 0.23489034175872803, 0.7209399342536926, 0.019356757402420044, 0.08105722069740295, 0.3194008469581604, 0.7143824100494385, 0.6795704960823059, 0.15531721711158752, 0.5566815137863159, 0.6251506209373474, 0.07895132154226303, 0.5631362795829773, 0.5581534504890442, 0.22559639811515808, 0.3766144812107086, 0.6476432085037231, 0.2250807136297226, 0.026548178866505623],