{
  "goal": "attention_mst",
  "attempt": "pass_2",
  "run_id": "20260613T222142Z",
  "metrics": {
    "version": 1,
    "edge_f1_noise_0p0": 0.0,
    "auroc_noise_0p0": 0.012561983471074381,
    "weight_ratio_noise_0p0": 20.592808388449065,
    "baseline_edge_f1_noise_0p0": 1.0,
    "baseline_auroc_noise_0p0": 0.9838016528925619,
    "edge_f1_noise_0p1": 0.0,
    "auroc_noise_0p1": 0.0228099173553719,
    "weight_ratio_noise_0p1": 21.533749833515795,
    "baseline_edge_f1_noise_0p1": 0.9272727272727274,
    "baseline_auroc_noise_0p1": 0.9745454545454546,
    "edge_f1_noise_0p2": 0.0,
    "auroc_noise_0p2": 0.08628099173553719,
    "weight_ratio_noise_0p2": 21.450431531293074,
    "baseline_edge_f1_noise_0p2": 0.8181818181818181,
    "baseline_auroc_noise_0p2": 0.9639669421487603,
    "edge_f1_noise_0p3": 0.0,
    "auroc_noise_0p3": 0.09289256198347108,
    "weight_ratio_noise_0p3": 15.080760961484884,
    "baseline_edge_f1_noise_0p3": 0.6545454545454545,
    "baseline_auroc_noise_0p3": 0.9173553719008265,
    "edge_f1_noise_0p4": 0.0,
    "auroc_noise_0p4": 0.10809917355371901,
    "weight_ratio_noise_0p4": 12.492568338738252,
    "baseline_edge_f1_noise_0p4": 0.6545454545454545,
    "baseline_auroc_noise_0p4": 0.9161983471074381,
    "edge_f1_noise_0p5": 0.0,
    "auroc_noise_0p5": 0.13256198347107437,
    "weight_ratio_noise_0p5": 20.941923377692856,
    "baseline_edge_f1_noise_0p5": 0.6181818181818182,
    "baseline_auroc_noise_0p5": 0.9038016528925621,
    "edge_f1_noise_0p6": 0.0,
    "auroc_noise_0p6": 0.18644628099173555,
    "weight_ratio_noise_0p6": 14.586641146851111,
    "baseline_edge_f1_noise_0p6": 0.5454545454545454,
    "baseline_auroc_noise_0p6": 0.883801652892562,
    "edge_f1_noise_0p7": 0.01818181818181818,
    "auroc_noise_0p7": 0.23272727272727273,
    "weight_ratio_noise_0p7": 15.208545385103566,
    "baseline_edge_f1_noise_0p7": 0.4909090909090909,
    "baseline_auroc_noise_0p7": 0.849090909090909,
    "edge_f1_noise_0p8": 0.0,
    "auroc_noise_0p8": 0.20066115702479337,
    "weight_ratio_noise_0p8": 15.466587682179158,
    "baseline_edge_f1_noise_0p8": 0.38181818181818183,
    "baseline_auroc_noise_0p8": 0.8095867768595042,
    "edge_f1_noise_0p9": 0.03636363636363636,
    "auroc_noise_0p9": 0.20396694214876035,
    "weight_ratio_noise_0p9": 10.603772164001734,
    "baseline_edge_f1_noise_0p9": 0.509090909090909,
    "baseline_auroc_noise_0p9": 0.8461157024793389,
    "edge_f1_noise_1p0": 0.01818181818181818,
    "auroc_noise_1p0": 0.24727272727272726,
    "weight_ratio_noise_1p0": 14.08473489908686,
    "baseline_edge_f1_noise_1p0": 0.36363636363636365,
    "baseline_auroc_noise_1p0": 0.8074380165289256,
    "edge_f1_canonical": 0.0,
    "auroc_canonical": 0.13256198347107437,
    "baseline_edge_f1_canonical": 0.6181818181818182,
    "lift_over_baseline_canonical": -0.6181818181818182,
    "mst_recovery": 0.006611570247933884,
    "mst_recovery_robustness": 0.0
  },
  "payload": {
    "version": 1,
    "model_name": "attention_mst",
    "n_heads": 12,
    "canonical_noise": 0.5,
    "noise_levels": [
      0.0,
      0.1,
      0.2,
      0.3,
      0.4,
      0.5,
      0.6,
      0.7,
      0.8,
      0.9,
      1.0
    ],
    "sweep": [
      {
        "noise_level": 0.0,
        "edge_f1": 0.0,
        "precision": 0.0,
        "recall": 0.0,
        "auroc": 0.012561983471074381,
        "auprc": 0.09643814753302361,
        "weight_ratio": 20.592808388449065,
        "n_seeds": 5
      },
      {
        "noise_level": 0.1,
        "edge_f1": 0.0,
        "precision": 0.0,
        "recall": 0.0,
        "auroc": 0.0228099173553719,
        "auprc": 0.09698769941916857,
        "weight_ratio": 21.533749833515795,
        "n_seeds": 5
      },
      {
        "noise_level": 0.2,
        "edge_f1": 0.0,
        "precision": 0.0,
        "recall": 0.0,
        "auroc": 0.08628099173553719,
        "auprc": 0.1008209722805387,
        "weight_ratio": 21.450431531293074,
        "n_seeds": 5
      },
      {
        "noise_level": 0.3,
        "edge_f1": 0.0,
        "precision": 0.0,
        "recall": 0.0,
        "auroc": 0.09289256198347108,
        "auprc": 0.10107048727899766,
        "weight_ratio": 15.080760961484884,
        "n_seeds": 5
      },
      {
        "noise_level": 0.4,
        "edge_f1": 0.0,
        "precision": 0.0,
        "recall": 0.0,
        "auroc": 0.10809917355371901,
        "auprc": 0.1021534482828518,
        "weight_ratio": 12.492568338738252,
        "n_seeds": 5
      },
      {
        "noise_level": 0.5,
        "edge_f1": 0.0,
        "precision": 0.0,
        "recall": 0.0,
        "auroc": 0.13256198347107437,
        "auprc": 0.10383795525084907,
        "weight_ratio": 20.941923377692856,
        "n_seeds": 5
      },
      {
        "noise_level": 0.6,
        "edge_f1": 0.0,
        "precision": 0.0,
        "recall": 0.0,
        "auroc": 0.18644628099173555,
        "auprc": 0.10930947461503171,
        "weight_ratio": 14.586641146851111,
        "n_seeds": 5
      },
      {
        "noise_level": 0.7,
        "edge_f1": 0.01818181818181818,
        "precision": 0.01818181818181818,
        "recall": 0.01818181818181818,
        "auroc": 0.23272727272727273,
        "auprc": 0.11783529127399783,
        "weight_ratio": 15.208545385103566,
        "n_seeds": 5
      },
      {
        "noise_level": 0.8,
        "edge_f1": 0.0,
        "precision": 0.0,
        "recall": 0.0,
        "auroc": 0.20066115702479337,
        "auprc": 0.11100763899636006,
        "weight_ratio": 15.466587682179158,
        "n_seeds": 5
      },
      {
        "noise_level": 0.9,
        "edge_f1": 0.03636363636363636,
        "precision": 0.03636363636363636,
        "recall": 0.03636363636363636,
        "auroc": 0.20396694214876035,
        "auprc": 0.1285527490049479,
        "weight_ratio": 10.603772164001734,
        "n_seeds": 5
      },
      {
        "noise_level": 1.0,
        "edge_f1": 0.01818181818181818,
        "precision": 0.01818181818181818,
        "recall": 0.01818181818181818,
        "auroc": 0.24727272727272726,
        "auprc": 0.11767915713881898,
        "weight_ratio": 14.08473489908686,
        "n_seeds": 5
      }
    ],
    "baseline": [
      {
        "noise_level": 0.0,
        "edge_f1": 1.0,
        "precision": 1.0,
        "recall": 1.0,
        "auroc": 0.9838016528925619,
        "auprc": 0.9234736953636474,
        "weight_ratio": 1.0,
        "n_seeds": 5
      },
      {
        "noise_level": 0.1,
        "edge_f1": 0.9272727272727274,
        "precision": 0.9272727272727274,
        "recall": 0.9272727272727274,
        "auroc": 0.9745454545454546,
        "auprc": 0.8799024015200485,
        "weight_ratio": 1.0099847270345543,
        "n_seeds": 5
      },
      {
        "noise_level": 0.2,
        "edge_f1": 0.8181818181818181,
        "precision": 0.8181818181818181,
        "recall": 0.8181818181818181,
        "auroc": 0.9639669421487603,
        "auprc": 0.8489616642543746,
        "weight_ratio": 1.1025822112010044,
        "n_seeds": 5
      },
      {
        "noise_level": 0.3,
        "edge_f1": 0.6545454545454545,
        "precision": 0.6545454545454545,
        "recall": 0.6545454545454545,
        "auroc": 0.9173553719008265,
        "auprc": 0.6922380483293795,
        "weight_ratio": 1.1434902594382632,
        "n_seeds": 5
      },
      {
        "noise_level": 0.4,
        "edge_f1": 0.6545454545454545,
        "precision": 0.6545454545454545,
        "recall": 0.6545454545454545,
        "auroc": 0.9161983471074381,
        "auprc": 0.6581667598894848,
        "weight_ratio": 1.3299972816456231,
        "n_seeds": 5
      },
      {
        "noise_level": 0.5,
        "edge_f1": 0.6181818181818182,
        "precision": 0.6181818181818182,
        "recall": 0.6181818181818182,
        "auroc": 0.9038016528925621,
        "auprc": 0.6761284577031834,
        "weight_ratio": 1.2923537342218503,