{
  "goal": "attention_or",
  "attempt": "pass_2",
  "run_id": "20260613T143813Z",
  "metrics": {
    "version": 1,
    "or_sharpness_cos_0p0": 0.7071067811865476,
    "linear_baseline_sharpness_cos_0p0": 0.9999999999999998,
    "or_noise_leakage_cos_0p0": 0.5191297105052763,
    "or_sharpness_cos_0p1": 0.7416198487095661,
    "linear_baseline_sharpness_cos_0p1": 1.0999999999999999,
    "or_noise_leakage_cos_0p1": 0.44493125626251295,
    "or_sharpness_cos_0p2": 0.7745966692414831,
    "linear_baseline_sharpness_cos_0p2": 1.1999999999999997,
    "or_noise_leakage_cos_0p2": 0.4584909062531303,
    "or_sharpness_cos_0p3": 0.8062257748298547,
    "linear_baseline_sharpness_cos_0p3": 1.2999999999999998,
    "or_noise_leakage_cos_0p3": 0.3662999151957512,
    "or_sharpness_cos_0p4": 0.8366600265340752,
    "linear_baseline_sharpness_cos_0p4": 1.3999999999999992,
    "or_noise_leakage_cos_0p4": 0.6871875670183054,
    "or_sharpness_cos_0p5": 0.8660254037844388,
    "linear_baseline_sharpness_cos_0p5": 1.5,
    "or_noise_leakage_cos_0p5": 0.5086169119535494,
    "or_sharpness_cos_0p6": 0.8944271909999159,
    "linear_baseline_sharpness_cos_0p6": 1.6,
    "or_noise_leakage_cos_0p6": 0.38692930415953414,
    "or_sharpness_cos_0p7": 0.9219544457292883,
    "linear_baseline_sharpness_cos_0p7": 1.6999999999999997,
    "or_noise_leakage_cos_0p7": 0.44911764186190944,
    "or_sharpness_cos_0p8": 0.9486832980505133,
    "linear_baseline_sharpness_cos_0p8": 1.7999999999999994,
    "or_noise_leakage_cos_0p8": 0.3650925567092124,
    "or_sharpness_cos_0p9": 0.9746794344808961,
    "linear_baseline_sharpness_cos_0p9": 1.9,
    "or_noise_leakage_cos_0p9": 0.39481159632557855,
    "or_sharpness_cos_1p0": 1.0,
    "linear_baseline_sharpness_cos_1p0": 2.0,
    "or_noise_leakage_cos_1p0": 0.2964111736780258,
    "or_sharpness_canonical": 0.7071067811865476,
    "lift_over_linear_canonical": -0.2928932188134522,
    "superposition_robustness": 1.0
  },
  "payload": {
    "version": 1,
    "canonical_cos": 0.0,
    "sweep": [
      {
        "cos": 0.0,
        "s_A_at_A": 1.0000000000000002,
        "s_A_at_B": -2.7755575615628914e-17,
        "s_A_noise_max": 0.3442958957370821,
        "s_B_at_A": -2.7755575615628914e-17,
        "s_B_at_B": 1.0,
        "s_B_noise_max": 0.4096153100204618,
        "s_AB_at_A": 0.7071067811865477,
        "s_AB_at_B": 0.7071067811865477,
        "s_AB_noise_max": 0.3670801386136903
      },
      {
        "cos": 0.1,
        "s_A_at_A": 1.0,
        "s_A_at_B": 0.10000000000000003,
        "s_A_noise_max": 0.33412186429817087,
        "s_B_at_A": 0.10000000000000003,
        "s_B_at_B": 0.9999999999999998,
        "s_B_noise_max": 0.34043275963353853,
        "s_AB_at_A": 0.7416198487095662,
        "s_AB_at_B": 0.7416198487095661,
        "s_AB_noise_max": 0.3299698509555621
      },
      {
        "cos": 0.2,
        "s_A_at_A": 1.0000000000000002,
        "s_A_at_B": 0.20000000000000004,
        "s_A_noise_max": 0.3920247736385386,
        "s_B_at_A": 0.20000000000000004,
        "s_B_at_B": 0.9999999999999999,
        "s_B_noise_max": 0.32186188943053556,
        "s_AB_at_A": 0.7745966692414834,
        "s_AB_at_B": 0.7745966692414833,
        "s_AB_noise_max": 0.35514552886118395
      },
      {
        "cos": 0.30000000000000004,
        "s_A_at_A": 1.0000000000000002,
        "s_A_at_B": 0.3000000000000001,
        "s_A_noise_max": 0.3223184558940936,
        "s_B_at_A": 0.3000000000000001,
        "s_B_at_B": 0.9999999999999999,
        "s_B_noise_max": 0.37325479014844265,
        "s_AB_at_A": 0.8062257748298549,
        "s_AB_at_B": 0.8062257748298549,
        "s_AB_noise_max": 0.29532043294880467
      },
      {
        "cos": 0.4,
        "s_A_at_A": 1.0000000000000004,
        "s_A_at_B": 0.40000000000000013,
        "s_A_noise_max": 0.3955873149178754,
        "s_B_at_A": 0.40000000000000013,
        "s_B_at_B": 0.9999999999999999,
        "s_B_noise_max": 0.5664752789077524,
        "s_AB_at_A": 0.8366600265340756,
        "s_AB_at_B": 0.8366600265340756,
        "s_AB_noise_max": 0.5749423680554222
      },
      {
        "cos": 0.5,
        "s_A_at_A": 0.9999999999999999,
        "s_A_at_B": 0.5,
        "s_A_noise_max": 0.4335479190975296,
        "s_B_at_A": 0.5,
        "s_B_at_B": 1.0,
        "s_B_noise_max": 0.4232672194843646,
        "s_AB_at_A": 0.8660254037844388,
        "s_AB_at_B": 0.8660254037844388,
        "s_AB_noise_max": 0.440475166546167
      },
      {
        "cos": 0.6000000000000001,
        "s_A_at_A": 1.0,
        "s_A_at_B": 0.6000000000000002,
        "s_A_noise_max": 0.35283052322892144,
        "s_B_at_A": 0.6000000000000002,
        "s_B_at_B": 0.9999999999999999,
        "s_B_noise_max": 0.3456805260290666,
        "s_AB_at_A": 0.894427190999916,
        "s_AB_at_B": 0.8944271909999159,
        "s_AB_noise_max": 0.3460800906349642
      },
      {
        "cos": 0.7000000000000001,
        "s_A_at_A": 1.0000000000000002,
        "s_A_at_B": 0.7000000000000001,
        "s_A_noise_max": 0.42479021226924674,
        "s_B_at_A": 0.7000000000000001,
        "s_B_at_B": 1.0,
        "s_B_noise_max": 0.3387097788959995,
        "s_AB_at_A": 0.9219544457292888,
        "s_AB_at_B": 0.9219544457292885,
        "s_AB_noise_max": 0.41406600657004194
      },
      {
        "cos": 0.8,
        "s_A_at_A": 1.0000000000000002,
        "s_A_at_B": 0.8,
        "s_A_noise_max": 0.44011921826482236,
        "s_B_at_A": 0.8,
        "s_B_at_B": 0.9999999999999998,
        "s_B_noise_max": 0.37869610792076913,
        "s_AB_at_A": 0.948683298050514,
        "s_AB_at_B": 0.9486832980505135,
        "s_AB_noise_max": 0.34635721079258996
      },
      {
        "cos": 0.9,
        "s_A_at_A": 1.0000000000000002,
        "s_A_at_B": 0.9000000000000002,
        "s_A_noise_max": 0.41439679992752865,
        "s_B_at_A": 0.9000000000000002,
        "s_B_at_B": 1.0000000000000002,
        "s_B_noise_max": 0.33777042351796716,
        "s_AB_at_A": 0.9746794344808966,
        "s_AB_at_B": 0.9746794344808963,
        "s_AB_noise_max": 0.3848147434331149
      },
      {
        "cos": 1.0,
        "s_A_at_A": 0.9999999999999999,
        "s_A_at_B": 0.9999999999999999,
        "s_A_noise_max": 0.2964111736780257,
        "s_B_at_A": 0.9999999999999999,
        "s_B_at_B": 0.9999999999999999,
        "s_B_noise_max": 0.2964111736780257,
        "s_AB_at_A": 0.9999999999999999,
        "s_AB_at_B": 0.9999999999999999,
        "s_AB_noise_max": 0.2964111736780257
      }
    ],
    "model_config": {
      "d": 32,
      "n": 64,
      "seed": 0
    }
  }
}