{
  "goal": "attention_and",
  "attempt": "pass_3",
  "run_id": "20260613T150013Z",
  "metrics": {
    "version": 2,
    "and_sharpness_cos_0p0": 0.1742760221475149,
    "false_positive_rate_cos_0p0": 0.4213346582851738,
    "false_negative_rate_cos_0p0": 0.0,
    "linear_baseline_sharpness_cos_0p0": 0.7678697930541383,
    "and_sharpness_cos_0p2": 0.20310170174359662,
    "false_positive_rate_cos_0p2": 0.4142156527163661,
    "false_negative_rate_cos_0p2": 0.0,
    "linear_baseline_sharpness_cos_0p2": 0.7638116483658888,
    "and_sharpness_cos_0p4": 0.2403678570938407,
    "false_positive_rate_cos_0p4": 0.40777894836272266,
    "false_negative_rate_cos_0p4": 0.0,
    "linear_baseline_sharpness_cos_0p4": 0.7942156407244182,
    "and_sharpness_cos_0p6": 0.26512381431074783,
    "false_positive_rate_cos_0p6": 0.41103591707283876,
    "false_negative_rate_cos_0p6": 0.0,
    "linear_baseline_sharpness_cos_0p6": 0.7790761515649935,
    "and_sharpness_cos_0p8": 0.29146668634001693,
    "false_positive_rate_cos_0p8": 0.42131610136895004,
    "false_negative_rate_cos_0p8": 0.0,
    "linear_baseline_sharpness_cos_0p8": 0.7763276180216159,
    "and_sharpness_cos_1p0": 0.32417392749674534,
    "false_positive_rate_cos_1p0": 0.4050237599115289,
    "false_negative_rate_cos_1p0": 0.0,
    "linear_baseline_sharpness_cos_1p0": 0.7837675979602678,
    "and_sharpness_canonical": 0.1742760221475149,
    "lift_over_baseline_canonical": -0.5935937709066234,
    "superposition_robustness": 1.0
  },
  "payload": {
    "version": 2,
    "model_name": "synthetic_attention_and",
    "d": 64,
    "canonical_cosine": 0.0,
    "cos_AB_sweep": [
      0.0,
      0.2,
      0.4,
      0.6,
      0.8,
      1.0
    ],
    "sweep": [
      {
        "cosine": 0.0,
        "and_sharpness": 0.1742760221475149,
        "false_positive_rate": 0.4213346582851738,
        "false_negative_rate": 0.0,
        "n_seeds": 10
      },
      {
        "cosine": 0.2,
        "and_sharpness": 0.20310170174359662,
        "false_positive_rate": 0.4142156527163661,
        "false_negative_rate": 0.0,
        "n_seeds": 10
      },
      {
        "cosine": 0.4,
        "and_sharpness": 0.2403678570938407,
        "false_positive_rate": 0.40777894836272266,
        "false_negative_rate": 0.0,
        "n_seeds": 10
      },
      {
        "cosine": 0.6,
        "and_sharpness": 0.26512381431074783,
        "false_positive_rate": 0.41103591707283876,
        "false_negative_rate": 0.0,
        "n_seeds": 10
      },
      {
        "cosine": 0.8,
        "and_sharpness": 0.29146668634001693,
        "false_positive_rate": 0.42131610136895004,
        "false_negative_rate": 0.0,
        "n_seeds": 10
      },
      {
        "cosine": 1.0,
        "and_sharpness": 0.32417392749674534,
        "false_positive_rate": 0.4050237599115289,
        "false_negative_rate": 0.0,
        "n_seeds": 10
      }
    ],
    "linear_baseline": [
      {
        "cosine": 0.0,
        "and_sharpness": 0.7678697930541383,
        "n_seeds": 10
      },
      {
        "cosine": 0.2,
        "and_sharpness": 0.7638116483658888,
        "n_seeds": 10
      },
      {
        "cosine": 0.4,
        "and_sharpness": 0.7942156407244182,
        "n_seeds": 10
      },
      {
        "cosine": 0.6,
        "and_sharpness": 0.7790761515649935,
        "n_seeds": 10
      },
      {
        "cosine": 0.8,
        "and_sharpness": 0.7763276180216159,
        "n_seeds": 10
      },
      {
        "cosine": 1.0,
        "and_sharpness": 0.7837675979602678,
        "n_seeds": 10
      }
    ]
  }
}