{
  "goal": "attention_mst",
  "attempt": "pass_2",
  "run_id": "20260613T225315Z",
  "metrics": {
    "version": 1,
    "edge_f1_noise_0p0": 0.9090909090909092,
    "auroc_noise_0p0": 0.9765289256198347,
    "weight_ratio_noise_0p0": 1.0160266562137612,
    "baseline_edge_f1_noise_0p0": 1.0,
    "baseline_auroc_noise_0p0": 0.9838016528925619,
    "edge_f1_noise_0p1": 0.9272727272727274,
    "auroc_noise_0p1": 0.9629752066115703,
    "weight_ratio_noise_0p1": 1.0099847270345543,
    "baseline_edge_f1_noise_0p1": 0.9272727272727274,
    "baseline_auroc_noise_0p1": 0.9745454545454546,
    "edge_f1_noise_0p2": 0.7818181818181819,
    "auroc_noise_0p2": 0.9563636363636363,
    "weight_ratio_noise_0p2": 1.13703394995382,
    "baseline_edge_f1_noise_0p2": 0.8181818181818181,
    "baseline_auroc_noise_0p2": 0.9639669421487603,
    "edge_f1_noise_0p3": 0.6545454545454545,
    "auroc_noise_0p3": 0.9130578512396694,
    "weight_ratio_noise_0p3": 1.1343806382738413,
    "baseline_edge_f1_noise_0p3": 0.6545454545454545,
    "baseline_auroc_noise_0p3": 0.9173553719008265,
    "edge_f1_noise_0p4": 0.6363636363636364,
    "auroc_noise_0p4": 0.9077685950413222,
    "weight_ratio_noise_0p4": 1.3370443642216594,
    "baseline_edge_f1_noise_0p4": 0.6545454545454545,
    "baseline_auroc_noise_0p4": 0.9161983471074381,
    "edge_f1_noise_0p5": 0.5818181818181818,
    "auroc_noise_0p5": 0.8922314049586777,
    "weight_ratio_noise_0p5": 1.3552509001098434,
    "baseline_edge_f1_noise_0p5": 0.6181818181818182,
    "baseline_auroc_noise_0p5": 0.9038016528925621,
    "edge_f1_noise_0p6": 0.5636363636363636,
    "auroc_noise_0p6": 0.8806611570247934,
    "weight_ratio_noise_0p6": 1.4998876956333547,
    "baseline_edge_f1_noise_0p6": 0.5454545454545454,
    "baseline_auroc_noise_0p6": 0.883801652892562,
    "edge_f1_noise_0p7": 0.4545454545454545,
    "auroc_noise_0p7": 0.8403305785123967,
    "weight_ratio_noise_0p7": 1.6934531129812633,
    "baseline_edge_f1_noise_0p7": 0.4909090909090909,
    "baseline_auroc_noise_0p7": 0.849090909090909,
    "edge_f1_noise_0p8": 0.4,
    "auroc_noise_0p8": 0.7904132231404958,
    "weight_ratio_noise_0p8": 1.8096739727211493,
    "baseline_edge_f1_noise_0p8": 0.38181818181818183,
    "baseline_auroc_noise_0p8": 0.8095867768595042,
    "edge_f1_noise_0p9": 0.4545454545454545,
    "auroc_noise_0p9": 0.8409917355371901,
    "weight_ratio_noise_0p9": 1.6407662314122469,
    "baseline_edge_f1_noise_0p9": 0.509090909090909,
    "baseline_auroc_noise_0p9": 0.8461157024793389,
    "edge_f1_noise_1p0": 0.30909090909090914,
    "auroc_noise_1p0": 0.80099173553719,
    "weight_ratio_noise_1p0": 2.0747566460933817,
    "baseline_edge_f1_noise_1p0": 0.36363636363636365,
    "baseline_auroc_noise_1p0": 0.8074380165289256,
    "edge_f1_canonical": 0.5818181818181818,
    "auroc_canonical": 0.8922314049586777,
    "baseline_edge_f1_canonical": 0.6181818181818182,
    "lift_over_baseline_canonical": -0.036363636363636376,
    "mst_recovery": 0.6066115702479339,
    "mst_recovery_robustness": 0.34
  },
  "payload": {
    "version": 1,
    "model_name": "attention_mst",
    "n_heads": 12,
    "canonical_noise": 0.5,
    "noise_levels": [
      0.0,
      0.1,
      0.2,
      0.3,
      0.4,
      0.5,
      0.6,
      0.7,
      0.8,
      0.9,
      1.0
    ],
    "sweep": [
      {
        "noise_level": 0.0,
        "edge_f1": 0.9090909090909092,
        "precision": 0.9090909090909092,
        "recall": 0.9090909090909092,
        "auroc": 0.9765289256198347,
        "auprc": 0.8974691323312207,
        "weight_ratio": 1.0160266562137612,
        "n_seeds": 5
      },
      {
        "noise_level": 0.1,
        "edge_f1": 0.9272727272727274,
        "precision": 0.9272727272727274,
        "recall": 0.9272727272727274,
        "auroc": 0.9629752066115703,
        "auprc": 0.8454329035570242,
        "weight_ratio": 1.0099847270345543,
        "n_seeds": 5
      },
      {
        "noise_level": 0.2,
        "edge_f1": 0.7818181818181819,
        "precision": 0.7818181818181819,
        "recall": 0.7818181818181819,
        "auroc": 0.9563636363636363,
        "auprc": 0.8233658269834742,
        "weight_ratio": 1.13703394995382,
        "n_seeds": 5
      },
      {
        "noise_level": 0.3,
        "edge_f1": 0.6545454545454545,
        "precision": 0.6545454545454545,
        "recall": 0.6545454545454545,
        "auroc": 0.9130578512396694,
        "auprc": 0.6914065726097569,
        "weight_ratio": 1.1343806382738413,
        "n_seeds": 5
      },
      {
        "noise_level": 0.4,
        "edge_f1": 0.6363636363636364,
        "precision": 0.6363636363636364,
        "recall": 0.6363636363636364,
        "auroc": 0.9077685950413222,
        "auprc": 0.6616111058419823,
        "weight_ratio": 1.3370443642216594,
        "n_seeds": 5
      },
      {
        "noise_level": 0.5,
        "edge_f1": 0.5818181818181818,
        "precision": 0.5818181818181818,
        "recall": 0.5818181818181818,
        "auroc": 0.8922314049586777,
        "auprc": 0.6268053129224722,
        "weight_ratio": 1.3552509001098434,
        "n_seeds": 5
      },
      {
        "noise_level": 0.6,
        "edge_f1": 0.5636363636363636,
        "precision": 0.5636363636363636,
        "recall": 0.5636363636363636,
        "auroc": 0.8806611570247934,
        "auprc": 0.5745878406759825,
        "weight_ratio": 1.4998876956333547,
        "n_seeds": 5
      },
      {
        "noise_level": 0.7,
        "edge_f1": 0.4545454545454545,
        "precision": 0.4545454545454545,
        "recall": 0.4545454545454545,
        "auroc": 0.8403305785123967,
        "auprc": 0.5134244458181889,
        "weight_ratio": 1.6934531129812633,
        "n_seeds": 5
      },
      {
        "noise_level": 0.8,
        "edge_f1": 0.4,
        "precision": 0.4,
        "recall": 0.4,
        "auroc": 0.7904132231404958,
        "auprc": 0.4250740903890078,
        "weight_ratio": 1.8096739727211493,
        "n_seeds": 5
      },
      {
        "noise_level": 0.9,
        "edge_f1": 0.4545454545454545,
        "precision": 0.4545454545454545,
        "recall": 0.4545454545454545,
        "auroc": 0.8409917355371901,
        "auprc": 0.48043611222518656,
        "weight_ratio": 1.6407662314122469,
        "n_seeds": 5
      },
      {
        "noise_level": 1.0,
        "edge_f1": 0.30909090909090914,
        "precision": 0.30909090909090914,
        "recall": 0.30909090909090914,
        "auroc": 0.80099173553719,
        "auprc": 0.43520689589362815,
        "weight_ratio": 2.0747566460933817,
        "n_seeds": 5
      }
    ],
    "baseline": [
      {
        "noise_level": 0.0,
        "edge_f1": 1.0,
        "precision": 1.0,
        "recall": 1.0,
        "auroc": 0.9838016528925619,
        "auprc": 0.9234736953636474,
        "weight_ratio": 1.0,
        "n_seeds": 5
      },
      {
        "noise_level": 0.1,
        "edge_f1": 0.9272727272727274,
        "precision": 0.9272727272727274,
        "recall": 0.9272727272727274,
        "auroc": 0.9745454545454546,
        "auprc": 0.8799024015200485,
        "weight_ratio": 1.0099847270345543,
        "n_seeds": 5
      },
      {
        "noise_level": 0.2,
        "edge_f1": 0.8181818181818181,
        "precision": 0.8181818181818181,
        "recall": 0.8181818181818181,
        "auroc": 0.9639669421487603,
        "auprc": 0.8489616642543746,
        "weight_ratio": 1.1025822112010044,
        "n_seeds": 5
      },
      {
        "noise_level": 0.3,
        "edge_f1": 0.6545454545454545,
        "precision": 0.6545454545454545,
        "recall": 0.6545454545454545,
        "auroc": 0.9173553719008265,
        "auprc": 0.6922380483293795,
        "weight_ratio": 1.1434902594382632,
        "n_seeds": 5
      },
      {
        "noise_level": 0.4,
        "edge_f1": 0.6545454545454545,
        "precision": 0.6545454545454545,
        "recall": 0.6545454545454545,
        "auroc": 0.9161983471074381,