{
  "goal": "attention_or",
  "attempt": "first_pass",
  "run_id": "20260613T132746Z",
  "metrics": {
    "version": 1,
    "or_sharpness_rho_0p0": 1.116616596113845,
    "or_gap_rho_0p0": 0.382402361503571,
    "linear_baseline_sharpness_rho_0p0": 0.0,
    "or_sharpness_rho_0p3": 1.15979594635572,
    "or_gap_rho_0p3": 0.38028959823428177,
    "linear_baseline_sharpness_rho_0p3": 0.6,
    "or_sharpness_rho_0p5": 1.1059844880384901,
    "or_gap_rho_0p5": 0.42785206562523603,
    "linear_baseline_sharpness_rho_0p5": 1.0,
    "or_sharpness_rho_0p7": 1.1473612507387803,
    "or_gap_rho_0p7": 0.38670937273211337,
    "linear_baseline_sharpness_rho_0p7": 1.4,
    "or_sharpness_rho_0p9": 0.9734065545732291,
    "or_gap_rho_0p9": 0.34562489944922736,
    "linear_baseline_sharpness_rho_0p9": 1.8,
    "or_sharpness_canonical": 1.116616596113845,
    "or_gap_canonical": 0.382402361503571,
    "linear_baseline_sharpness_canonical": 0.0,
    "lift_over_linear_canonical": 1.116616596113845,
    "or_superposition_robustness": 0.8717464508059176
  },
  "payload": {
    "version": 1,
    "config": {
      "d": 64,
      "canonical_rho": 0.0,
      "rho_sweep": [
        0.0,
        0.3,
        0.5,
        0.7,
        0.9
      ],
      "n_trials": 200,
      "sigma": 0.5
    },
    "sweep": [
      {
        "rho": 0.0,
        "mean_00": 0.6651242969412381,
        "std_00": 0.29021824920576567,
        "mean_01": 1.0868538241667411,
        "std_01": 0.40455405002297723,
        "mean_10": 1.047526658444809,
        "std_10": 0.3947121945441802,
        "mean_11": 1.279490010063527,
        "std_11": 0.3733130757469672,
        "n_trials": 200
      },
      {
        "rho": 0.3,
        "mean_00": 0.6916373248437202,
        "std_00": 0.2766666460986959,
        "mean_01": 1.0869956617791294,
        "std_01": 0.40013169837381335,
        "mean_10": 1.071926923078002,
        "std_10": 0.3791204133944126,
        "mean_11": 1.5068572740965158,
        "std_11": 0.4195407249525431,
        "n_trials": 200
      },
      {
        "rho": 0.5,
        "mean_00": 0.7397614462338906,
        "std_00": 0.33588142063146564,
        "mean_01": 1.1866556791298795,
        "std_01": 0.40830727950725093,
        "mean_10": 1.1676135118591267,
        "std_10": 0.43782211534525445,
        "mean_11": 1.7688237150788262,
        "std_11": 0.4576527556907226,
        "n_trials": 200
      },
      {
        "rho": 0.7,
        "mean_00": 0.7207893046538945,
        "std_00": 0.27946069613890545,
        "mean_01": 1.1074986773860078,
        "std_01": 0.39462405443028215,
        "mean_10": 1.1130964397711867,
        "std_10": 0.39165806150761073,
        "mean_11": 1.8139924810191448,
        "std_11": 0.460804416798406,
        "n_trials": 200
      },
      {
        "rho": 0.9,
        "mean_00": 0.7603399988208394,
        "std_00": 0.3116506584696868,
        "mean_01": 1.1078146669157054,
        "std_01": 0.40117741715342375,
        "mean_10": 1.1059648982700667,
        "std_10": 0.39848404956439715,
        "mean_11": 1.9479872125379376,
        "std_11": 0.481378867127106,
        "n_trials": 200
      }
    ]
  }
}