{
  "goal": "attention_regex",
  "attempt": "first_pass",
  "run_id": "20260613T174409Z",
  "metrics": {
    "version": 1,
    "match_sharpness_len_1": 0.8599231379926362,
    "false_positive_rate_len_1": 0.0029929326099371783,
    "false_negative_rate_len_1": 0.017695652173913046,
    "linear_baseline_sharpness_len_1": 0.9873688104749556,
    "match_sharpness_len_2": 0.9275879756765294,
    "false_positive_rate_len_2": 0.14145016346774614,
    "false_negative_rate_len_2": 0.0058823529411764705,
    "linear_baseline_sharpness_len_2": 0.7133112576730307,
    "match_sharpness_len_3": 0.9331798623698532,
    "false_positive_rate_len_3": 0.11749569402573594,
    "false_negative_rate_len_3": 0.0047619047619047615,
    "linear_baseline_sharpness_len_3": 0.4396112150380448,
    "match_sharpness_len_4": 0.9624720202948497,
    "false_positive_rate_len_4": 0.037332485278314995,
    "false_negative_rate_len_4": 0.00625,
    "linear_baseline_sharpness_len_4": 0.8245344897216015,
    "match_sharpness_len_5": 0.9924584609692157,
    "false_positive_rate_len_5": 0.027241175639474164,
    "false_negative_rate_len_5": 0.0,
    "linear_baseline_sharpness_len_5": 0.7478097239380714,
    "match_sharpness_len_6": 0.9376380104547526,
    "false_positive_rate_len_6": 0.04810391264544718,
    "false_negative_rate_len_6": 0.0,
    "linear_baseline_sharpness_len_6": 0.6690855852726276,
    "match_sharpness_canonical": 0.9331798623698532,
    "lift_over_baseline_canonical": 0.4935686473318084,
    "length_robustness": 1.0
  },
  "payload": {
    "version": 1,
    "model_name": "synthetic_attention_regex",
    "d": 64,
    "vocab_size": 8,
    "n_positions": 120,
    "canonical_length": 3,
    "length_sweep": [
      1,
      2,
      3,
      4,
      5,
      6
    ],
    "sweep": [
      {
        "length": 1,
        "match_sharpness": 0.8599231379926362,
        "false_positive_rate": 0.0029929326099371783,
        "false_negative_rate": 0.017695652173913046,
        "n_seeds": 10
      },
      {
        "length": 2,
        "match_sharpness": 0.9275879756765294,
        "false_positive_rate": 0.14145016346774614,
        "false_negative_rate": 0.0058823529411764705,
        "n_seeds": 10
      },
      {
        "length": 3,
        "match_sharpness": 0.9331798623698532,
        "false_positive_rate": 0.11749569402573594,
        "false_negative_rate": 0.0047619047619047615,
        "n_seeds": 10
      },
      {
        "length": 4,
        "match_sharpness": 0.9624720202948497,
        "false_positive_rate": 0.037332485278314995,
        "false_negative_rate": 0.00625,
        "n_seeds": 10
      },
      {
        "length": 5,
        "match_sharpness": 0.9924584609692157,
        "false_positive_rate": 0.027241175639474164,
        "false_negative_rate": 0.0,
        "n_seeds": 10
      },
      {
        "length": 6,
        "match_sharpness": 0.9376380104547526,
        "false_positive_rate": 0.04810391264544718,
        "false_negative_rate": 0.0,
        "n_seeds": 10
      }
    ],
    "linear_baseline": [
      {
        "length": 1,
        "match_sharpness": 0.9873688104749556,
        "n_seeds": 10
      },
      {
        "length": 2,
        "match_sharpness": 0.7133112576730307,
        "n_seeds": 10
      },
      {
        "length": 3,
        "match_sharpness": 0.4396112150380448,
        "n_seeds": 10
      },
      {
        "length": 4,
        "match_sharpness": 0.8245344897216015,
        "n_seeds": 10
      },
      {
        "length": 5,
        "match_sharpness": 0.7478097239380714,
        "n_seeds": 10
      },
      {
        "length": 6,
        "match_sharpness": 0.6690855852726276,
        "n_seeds": 10
      }
    ]
  }
}