{
  "k": [
    1,
    2,
    4,
    8,
    16
  ],
  "mean_target_mass": [
    0.9971479618119686,
    0.9971479618119686,
    0.9971479618119686,
    0.9971479618119686,
    0.9971479618119686
  ],
  "shift_accuracy": [
    1.0,
    1.0,
    1.0,
    1.0,
    1.0
  ],
  "uniform_baseline_mass": [
    0.015625,
    0.015625,
    0.015625,
    0.015625,
    0.015625
  ],
  "lift_over_uniform": [
    0.9815229618119686,
    0.9815229618119686,
    0.9815229618119686,
    0.9815229618119686,
    0.9815229618119686
  ]
}