{
  "goal": "attention_or",
  "attempt": "pass_3",
  "run_id": "20260613T153014Z",
  "metrics": {
    "version": 1,
    "or_sharpness_cos_0p0": 1.0,
    "linear_baseline_sharpness_cos_0p0": 0.9999999981373549,
    "or_noise_leakage_cos_0p0": 0.40961527824401855,
    "or_sharpness_cos_0p1": 0.9999999403953552,
    "linear_baseline_sharpness_cos_0p1": 1.0999999344348907,
    "or_noise_leakage_cos_0p1": 0.3404327630996704,
    "or_sharpness_cos_0p2": 1.0,
    "linear_baseline_sharpness_cos_0p2": 1.2000000029802322,
    "or_noise_leakage_cos_0p2": 0.39202478528022766,
    "or_sharpness_cos_0p3": 1.0,
    "linear_baseline_sharpness_cos_0p3": 1.300000011920929,
    "or_noise_leakage_cos_0p3": 0.37325477600097656,
    "or_sharpness_cos_0p4": 1.0,
    "linear_baseline_sharpness_cos_0p4": 1.4000000357627869,
    "or_noise_leakage_cos_0p4": 0.5664752721786499,
    "or_sharpness_cos_0p5": 1.0,
    "linear_baseline_sharpness_cos_0p5": 1.5,
    "or_noise_leakage_cos_0p5": 0.43354788422584534,
    "or_sharpness_cos_0p6": 1.0,
    "linear_baseline_sharpness_cos_0p6": 1.600000023841858,
    "or_noise_leakage_cos_0p6": 0.3528304994106293,
    "or_sharpness_cos_0p7": 1.0,
    "linear_baseline_sharpness_cos_0p7": 1.7000000476837158,
    "or_noise_leakage_cos_0p7": 0.4247902035713196,
    "or_sharpness_cos_0p8": 1.0,
    "linear_baseline_sharpness_cos_0p8": 1.800000011920929,
    "or_noise_leakage_cos_0p8": 0.4401192367076874,
    "or_sharpness_cos_0p9": 0.9999999403953552,
    "linear_baseline_sharpness_cos_0p9": 1.8999999165534973,
    "or_noise_leakage_cos_0p9": 0.41439682245254517,
    "or_sharpness_cos_1p0": 1.0,
    "linear_baseline_sharpness_cos_1p0": 2.0,
    "or_noise_leakage_cos_1p0": 0.2964111566543579,
    "or_sharpness_canonical": 1.0,
    "lift_over_linear_canonical": 1.862645149230957e-09,
    "superposition_robustness": 0.9999999403953552
  },
  "payload": {
    "version": 1,
    "canonical_cos": 0.0,
    "sweep": [
      {
        "cos": 0.0,
        "s_A_at_A": 1.0,
        "s_A_at_B": -1.862645149230957e-09,
        "s_A_noise_max": 0.3442959189414978,
        "s_B_at_A": -1.862645149230957e-09,
        "s_B_at_B": 1.0,
        "s_B_noise_max": 0.40961527824401855,
        "s_AB_at_A": 1.0,
        "s_AB_at_B": 1.0,
        "s_AB_noise_max": 0.40961527824401855
      },
      {
        "cos": 0.1,
        "s_A_at_A": 0.9999999403953552,
        "s_A_at_B": 0.09999999403953552,
        "s_A_noise_max": 0.33412185311317444,
        "s_B_at_A": 0.09999999403953552,
        "s_B_at_B": 1.0,
        "s_B_noise_max": 0.3404327630996704,
        "s_AB_at_A": 0.9999999403953552,
        "s_AB_at_B": 1.0,
        "s_AB_noise_max": 0.3404327630996704
      },
      {
        "cos": 0.2,
        "s_A_at_A": 1.0,
        "s_A_at_B": 0.20000000298023224,
        "s_A_noise_max": 0.39202478528022766,
        "s_B_at_A": 0.20000000298023224,
        "s_B_at_B": 1.0,
        "s_B_noise_max": 0.3218618929386139,
        "s_AB_at_A": 1.0,
        "s_AB_at_B": 1.0,
        "s_AB_noise_max": 0.39202478528022766
      },
      {
        "cos": 0.30000000000000004,
        "s_A_at_A": 1.0,
        "s_A_at_B": 0.30000001192092896,
        "s_A_noise_max": 0.322318434715271,
        "s_B_at_A": 0.30000001192092896,
        "s_B_at_B": 1.0,
        "s_B_noise_max": 0.37325477600097656,
        "s_AB_at_A": 1.0,
        "s_AB_at_B": 1.0,
        "s_AB_noise_max": 0.37325477600097656
      },
      {
        "cos": 0.4,
        "s_A_at_A": 1.0,
        "s_A_at_B": 0.40000003576278687,
        "s_A_noise_max": 0.39558732509613037,
        "s_B_at_A": 0.40000003576278687,
        "s_B_at_B": 1.0,
        "s_B_noise_max": 0.5664752721786499,
        "s_AB_at_A": 1.0,
        "s_AB_at_B": 1.0,
        "s_AB_noise_max": 0.5664752721786499
      },
      {
        "cos": 0.5,
        "s_A_at_A": 1.0,
        "s_A_at_B": 0.5,
        "s_A_noise_max": 0.43354788422584534,
        "s_B_at_A": 0.5,
        "s_B_at_B": 1.0,
        "s_B_noise_max": 0.4232672452926636,
        "s_AB_at_A": 1.0,
        "s_AB_at_B": 1.0,
        "s_AB_noise_max": 0.43354788422584534
      },
      {
        "cos": 0.6000000000000001,
        "s_A_at_A": 1.0,
        "s_A_at_B": 0.6000000238418579,
        "s_A_noise_max": 0.3528304994106293,
        "s_B_at_A": 0.6000000238418579,
        "s_B_at_B": 1.0,
        "s_B_noise_max": 0.34568047523498535,
        "s_AB_at_A": 1.0,
        "s_AB_at_B": 1.0,
        "s_AB_noise_max": 0.3528304994106293
      },
      {
        "cos": 0.7000000000000001,
        "s_A_at_A": 1.0,
        "s_A_at_B": 0.7000000476837158,
        "s_A_noise_max": 0.4247902035713196,
        "s_B_at_A": 0.7000000476837158,
        "s_B_at_B": 1.0,
        "s_B_noise_max": 0.3387097716331482,
        "s_AB_at_A": 1.0,
        "s_AB_at_B": 1.0,
        "s_AB_noise_max": 0.4247902035713196
      },
      {
        "cos": 0.8,
        "s_A_at_A": 1.0,
        "s_A_at_B": 0.800000011920929,
        "s_A_noise_max": 0.4401192367076874,
        "s_B_at_A": 0.800000011920929,
        "s_B_at_B": 1.0,
        "s_B_noise_max": 0.378696084022522,
        "s_AB_at_A": 1.0,
        "s_AB_at_B": 1.0,
        "s_AB_noise_max": 0.4401192367076874
      },
      {
        "cos": 0.9,
        "s_A_at_A": 1.0,
        "s_A_at_B": 0.8999999761581421,
        "s_A_noise_max": 0.41439682245254517,
        "s_B_at_A": 0.8999999761581421,
        "s_B_at_B": 0.9999999403953552,
        "s_B_noise_max": 0.3377704322338104,
        "s_AB_at_A": 1.0,
        "s_AB_at_B": 0.9999999403953552,
        "s_AB_noise_max": 0.41439682245254517
      },
      {
        "cos": 1.0,
        "s_A_at_A": 1.0,
        "s_A_at_B": 1.0,
        "s_A_noise_max": 0.2964111566543579,
        "s_B_at_A": 1.0,
        "s_B_at_B": 1.0,
        "s_B_noise_max": 0.2964111566543579,
        "s_AB_at_A": 1.0,
        "s_AB_at_B": 1.0,
        "s_AB_noise_max": 0.2964111566543579
      }
    ],
    "model_config": {
      "d": 32,
      "n": 64,
      "seed": 0
    }
  }
}