{
  "goal": "attention_modular_add",
  "attempt": "pass_3",
  "run_id": "20260613T150728Z",
  "metrics": {
    "version": 1,
    "fourier_alignment_canonical": 0.9999786105539684,
    "phase_error_canonical": 1.5707616748373432,
    "explained_variance_canonical": 0.020833333333332617,
    "random_baseline_alignment": 0.015625,
    "lift_over_random_alignment": 0.9843536105539684,
    "superposition_robustness": 0.9999711335318834,
    "fourier_alignment_freq_01": 0.9999839835034074,
    "fourier_alignment_freq_02": 0.9999800151832151,
    "fourier_alignment_freq_03": 0.9999825654870309,
    "fourier_alignment_freq_04": 0.9999667465585025,
    "fourier_alignment_freq_05": 0.9999845402288003,
    "fourier_alignment_freq_06": 0.9999696541190699,
    "fourier_alignment_freq_07": 0.9999772213418936,
    "fourier_alignment_freq_08": 0.999978948758401,
    "fourier_alignment_freq_09": 0.9999862972166681,
    "fourier_alignment_freq_10": 0.999976025051627,
    "fourier_alignment_freq_11": 0.9999817710175769,
    "fourier_alignment_freq_12": 0.9999749762111414,
    "fourier_alignment_freq_13": 0.9999788994781582,
    "fourier_alignment_freq_14": 0.9999754336929534,
    "fourier_alignment_freq_15": 0.9999822144514683,
    "fourier_alignment_freq_16": 0.9999735186983758,
    "fourier_alignment_freq_17": 0.9999777190214569,
    "fourier_alignment_freq_18": 0.9999859301644565,
    "fourier_alignment_freq_19": 0.9999753715786659,
    "fourier_alignment_freq_20": 0.9999841273303856,
    "fourier_alignment_freq_21": 0.9999746662433195,
    "fourier_alignment_freq_22": 0.9999795483180014,
    "fourier_alignment_freq_23": 0.9999760140909455,
    "fourier_alignment_freq_24": 0.9999742501784117,
    "fourier_alignment_freq_25": 0.9999747805156491,
    "fourier_alignment_freq_26": 0.9999772927758108,
    "fourier_alignment_freq_27": 0.9999728173674856,
    "fourier_alignment_freq_28": 0.9999813507443704,
    "fourier_alignment_freq_29": 0.9999755369185852,
    "fourier_alignment_freq_30": 0.9999653736948311,
    "fourier_alignment_freq_31": 0.9999823250901437,
    "fourier_alignment_freq_32": 0.9999820515403117,
    "fourier_alignment_freq_33": 0.9999820172574829,
    "fourier_alignment_freq_34": 0.9999812544412462,
    "fourier_alignment_freq_35": 0.9999849233071954,
    "fourier_alignment_freq_36": 0.9999864847914218,
    "fourier_alignment_freq_37": 0.9999761688229407,
    "fourier_alignment_freq_38": 0.9999783817906865,
    "fourier_alignment_freq_39": 0.9999787231218107,
    "fourier_alignment_freq_40": 0.9999803456182166,
    "fourier_alignment_freq_41": 0.9999849583369584,
    "fourier_alignment_freq_42": 0.999976765170183,
    "fourier_alignment_freq_43": 0.9999779215763971,
    "fourier_alignment_freq_44": 0.9999887001276486,
    "fourier_alignment_freq_45": 0.9999823476110339,
    "fourier_alignment_freq_46": 0.9999821175451439,
    "fourier_alignment_freq_47": 0.9999803965152823,
    "fourier_alignment_freq_48": 0.9999598339857194,
    "phase_error_freq_01": 1.5707685509053035,
    "phase_error_freq_02": 1.5707589150097405,
    "phase_error_freq_03": 1.570767877353873,
    "phase_error_freq_04": 1.570752382128228,
    "phase_error_freq_05": 1.5707619541293367,
    "phase_error_freq_06": 1.5707603815365427,
    "phase_error_freq_07": 1.5707651326634735,
    "phase_error_freq_08": 1.5707615067281357,
    "phase_error_freq_09": 1.5707693588312743,
    "phase_error_freq_10": 1.57076190047296,
    "phase_error_freq_11": 1.57075939118646,
    "phase_error_freq_12": 1.5707622381255737,
    "phase_error_freq_13": 1.5707577917284359,
    "phase_error_freq_14": 1.5707599505683763,
    "phase_error_freq_15": 1.570762779277604,
    "phase_error_freq_16": 1.5707591995193084,
    "phase_error_freq_17": 1.5707628950551362,
    "phase_error_freq_18": 1.5707659628048256,
    "phase_error_freq_19": 1.5707630443162313,
    "phase_error_freq_20": 1.5707662743599264,
    "phase_error_freq_21": 1.57075534266758,
    "phase_error_freq_22": 1.570767990946072,
    "phase_error_freq_23": 1.5707627993941133,
    "phase_error_freq_24": 1.5707523757679,
    "phase_error_freq_25": 1.570755732552301,
    "phase_error_freq_26": 1.5707669380833247,
    "phase_error_freq_27": 1.5707487715512172,
    "phase_error_freq_28": 1.570755180885737,
    "phase_error_freq_29": 1.5707555962134256,
    "phase_error_freq_30": 1.5707594275441215,
    "phase_error_freq_31": 1.570767913941716,
    "phase_error_freq_32": 1.5707596339594332,
    "phase_error_freq_33": 1.5707681749010571,
    "phase_error_freq_34": 1.570757119641102,
    "phase_error_freq_35": 1.570765280107476,
    "phase_error_freq_36": 1.5707682532319587,
    "phase_error_freq_37": 1.5707604012933798,
    "phase_error_freq_38": 1.5707596496605332,
    "phase_error_freq_39": 1.570755351341699,
    "phase_error_freq_40": 1.5707631195304297,
    "phase_error_freq_41": 1.5707700910522264,
    "phase_error_freq_42": 1.5707607642179506,
    "phase_error_freq_43": 1.5707627590194266,
    "phase_error_freq_44": 1.5707729469685416,
    "phase_error_freq_45": 1.5707689793959598,
    "phase_error_freq_46": 1.5707651408052532,
    "phase_error_freq_47": 1.5707662045408957,
    "phase_error_freq_48": 1.5707409662768959
  },
  "payload": {
    "version": 1,
    "modulus": 97,
    "d_head": 128,
    "layer_index": 0,
    "head_index": 0,
    "sweep": [
      {
        "frequency": 1,
        "alignment": 0.9999839835034074,
        "phase_error": 1.5707685509053035,
        "explained_variance": 0.020833240514168926
      },
      {
        "frequency": 2,
        "alignment": 0.9999800151832151,
        "phase_error": 1.5707589150097405,
        "explained_variance": 0.020833368287208463
      },
      {
        "frequency": 3,
        "alignment": 0.9999825654870309,
        "phase_error": 1.570767877353873,
        "explained_variance": 0.020833249717095645
      },
      {
        "frequency": 4,
        "alignment": 0.9999667465585025,
        "phase_error": 1.570752382128228,
        "explained_variance": 0.020833456194169955
      },
      {
        "frequency": 5,
        "alignment": 0.9999845402288003,
        "phase_error": 1.5707619541293367,
        "explained_variance": 0.020833330183433935
      },
      {
        "frequency": 6,
        "alignment": 0.9999696541190699,
        "phase_error": 1.5707603815365427,
        "explained_variance": 0.02083334657020581
      },
      {
        "frequency": 7,
        "alignment": 0.9999772213418936,
        "phase_error": 1.5707651326634735,
        "explained_variance": 0.020833285662635533
      },
      {
        "frequency": 8,
        "alignment": 0.999978948758401,
        "phase_error": 1.5707615067281357,
        "explained_variance": 0.020833334718134304
      },
      {
        "frequency": 9,
        "alignment": 0.9999862972166681,
        "phase_error": 1.5707693588312743,
        "explained_variance": 0.020833229422425895
      },
      {
        "frequency": 10,
        "alignment": 0.999976025051627,
        "phase_error": 1.57076190047296,
        "explained_variance": 0.020833327984617518
      },
      {
        "frequency": 11,
        "alignment": 0.9999817710175769,
        "phase_error": 1.57075939118646,
        "explained_variance": 0.020833357804595148
      },
      {
        "frequency": 12,
        "alignment": 0.9999749762111414,
        "phase_error": 1.5707622381255737,
        "explained_variance": 0.02083332583891786
      },
      {
        "frequency": 13,
        "alignment": 0.9999788994781582,
        "phase_error": 1.5707577917284359,
        "explained_variance": 0.020833389080273008
      },
      {
        "frequency": 14,
        "alignment": 0.9999754336929534,
        "phase_error": 1.5707599505683763,
        "explained_variance": 0.020833353066963475
      },
      {
        "frequency": 15,
        "alignment": 0.9999822144514683,
        "phase_error": 1.570762779277604,