{
  "goal": "attention_histogram",
  "attempt": "first_pass",
  "run_id": "20260613T162057Z",
  "metrics": {
    "version": 1,
    "attention_sharpness_sim_0p0": 0.6068169817956854,
    "attention_entropy_sim_0p0": 1.090134802049481,
    "target_hit_rate_sim_0p0": 0.8125,
    "linear_baseline_sharpness_sim_0p0": 0.005632795041497524,
    "linear_baseline_hit_rate_sim_0p0": 0.8125,
    "attention_sharpness_sim_0p2": 0.40905687655549594,
    "attention_entropy_sim_0p2": 1.6384422395473828,
    "target_hit_rate_sim_0p2": 0.5,
    "linear_baseline_sharpness_sim_0p2": 0.00537076232907812,
    "linear_baseline_hit_rate_sim_0p2": 0.5,
    "attention_sharpness_sim_0p4": 0.35833321457503586,
    "attention_entropy_sim_0p4": 1.7790780927051093,
    "target_hit_rate_sim_0p4": 0.5625,
    "linear_baseline_sharpness_sim_0p4": 0.003731030360191033,
    "linear_baseline_hit_rate_sim_0p4": 0.5625,
    "attention_sharpness_sim_0p6": 0.34295073907832385,
    "attention_entropy_sim_0p6": 1.8217273707874226,
    "target_hit_rate_sim_0p6": 0.0625,
    "linear_baseline_sharpness_sim_0p6": 0.0030138141775669716,
    "linear_baseline_hit_rate_sim_0p6": 0.0625,
    "attention_sharpness_sim_0p8": 0.19845020770667093,
    "attention_entropy_sim_0p8": 2.222367914426123,
    "target_hit_rate_sim_0p8": 0.0,
    "linear_baseline_sharpness_sim_0p8": 0.0016338704558353581,
    "linear_baseline_hit_rate_sim_0p8": 0.0,
    "attention_sharpness_canonical": 0.6068169817956854,
    "target_hit_rate_canonical": 0.8125,
    "lift_over_baseline_canonical": 0.6011841867541879,
    "histogram_robustness": 0.3270346968857389,
    "mean_target_hit_rate": 0.3875
  },
  "payload": {
    "version": 1,
    "model_name": "temp_scaled_matched_filter(beta=12)",
    "d": 32,
    "n_positions": 16,
    "chance_hit_rate": 0.0625,
    "canonical_similarity": 0.0,
    "key_sim_sweep": [
      0.0,
      0.2,
      0.4,
      0.6,
      0.8
    ],
    "sweep": [
      {
        "similarity": 0.0,
        "attention_sharpness": 0.6068169817956854,
        "attention_entropy": 1.090134802049481,
        "target_hit_rate": 0.8125,
        "n_seeds": 16
      },
      {
        "similarity": 0.2,
        "attention_sharpness": 0.40905687655549594,
        "attention_entropy": 1.6384422395473828,
        "target_hit_rate": 0.5,
        "n_seeds": 16
      },
      {
        "similarity": 0.4,
        "attention_sharpness": 0.35833321457503586,
        "attention_entropy": 1.7790780927051093,
        "target_hit_rate": 0.5625,
        "n_seeds": 16
      },
      {
        "similarity": 0.6,
        "attention_sharpness": 0.34295073907832385,
        "attention_entropy": 1.8217273707874226,
        "target_hit_rate": 0.0625,
        "n_seeds": 16
      },
      {
        "similarity": 0.8,
        "attention_sharpness": 0.19845020770667093,
        "attention_entropy": 2.222367914426123,
        "target_hit_rate": 0.0,
        "n_seeds": 16
      }
    ],
    "linear_baseline": [
      {
        "similarity": 0.0,
        "attention_sharpness": 0.005632795041497524,
        "target_hit_rate": 0.8125,
        "n_seeds": 16
      },
      {
        "similarity": 0.2,
        "attention_sharpness": 0.00537076232907812,
        "target_hit_rate": 0.5,
        "n_seeds": 16
      },
      {
        "similarity": 0.4,
        "attention_sharpness": 0.003731030360191033,
        "target_hit_rate": 0.5625,
        "n_seeds": 16
      },
      {
        "similarity": 0.6,
        "attention_sharpness": 0.0030138141775669716,
        "target_hit_rate": 0.0625,
        "n_seeds": 16
      },
      {
        "similarity": 0.8,
        "attention_sharpness": 0.0016338704558353581,
        "target_hit_rate": 0.0,
        "n_seeds": 16
      }
    ]
  }
}