{
  "n_positions": 16,
  "beta": 12.0,
  "examples": [
    {
      "similarity": 0.0,
      "target_index": 12,
      "mech_attn": [
        0.0004282602517897478,
        0.06311782674316059,
        0.037176538594313135,
        0.09762486441728435,
        0.0782485569383651,
        0.05680313270293937,
        0.014925070814675243,
        0.0034414833803114078,
        0.0005332658818988352,
        0.0023632707055021808,
        0.0016236342313313522,
        0.23226301608233624,
        0.3528503294377623,
        0.04504970445858836,
        0.008847400902912346,
        0.004703644456829345
      ],
      "base_attn": [
        0.04580944999087081,
        0.06944784659834255,
        0.0664510517585333,
        0.0720182907975304,
        0.07070266902677337,
        0.06884046586213274,
        0.06158464894325591,
        0.05449729106649784,
        0.04665427288762486,
        0.052816817634938215,
        0.051190196509613504,
        0.0774125026159153,
        0.08015771360195986,
        0.0675233172735814,
        0.05895863549716169,
        0.055934829935268354
      ]
    },
    {
      "similarity": 0.2,
      "target_index": 4,
      "mech_attn": [
        0.0747112455368141,
        0.014431306798199433,
        0.01611825449795488,
        0.2604907924860214,
        0.24085590527160888,
        0.021550908710134428,
        0.005982039711689877,
        0.24160093244511968,
        0.0008866518531343883,
        0.0016847066732779802,
        0.011232569984865387,
        0.0018697283295015259,
        0.00816357726361426,
        0.024033908661138883,
        0.06702460624370203,
        0.009362865533222752
      ],
      "base_attn": [
        0.06963005556117152,
        0.060714169734537776,
        0.061276097196710795,
        0.07726757429042715,
        0.07676460508898647,
        0.06277741003714889,
        0.05641813141097597,
        0.07678436553097831,
        0.048120192022217366,
        0.05076428510767636,
        0.059459491013618845,
        0.051207016734924,
        0.05789903223609114,
        0.0633504870509034,
        0.0690029164316776,
        0.05856417055195438
      ]
    },
    {
      "similarity": 0.4,
      "target_index": 2,
      "mech_attn": [
        0.0012852726243773205,
        0.038754935204121904,
        0.22975909411722392,
        0.003482658344544812,
        0.008938683123476433,
        0.02024441300320741,
        0.004356048419626658,
        0.004357476677676324,
        0.005935779173979808,
        0.008035900960127244,
        0.6365730039906393,
        0.019617179640976864,
        0.0031941788974868593,
        0.0021356906636416846,
        0.01122639610990804,
        0.0021032890489851254
      ],
      "base_attn": [
        0.05208782770524549,
        0.06918531059367354,
        0.08024648877576272,
        0.0565994950534975,
        0.06122462015303636,
        0.06554085182477082,
        0.057664832947538616,
        0.057666407235471326,
        0.05917111889262642,
        0.06068381181205762,
        0.08735892475230785,
        0.06536917955671659,
        0.05619313261876841,
        0.05433939960166742,
        0.06239838237104633,
        0.05427021610581307
      ]
    },
    {
      "similarity": 0.6,
      "target_index": 5,
      "mech_attn": [
        0.014177797299752562,
        0.1336539099307706,
        0.17056562854109736,
        0.06546177469755665,
        0.005324455806428279,
        0.11378700331746018,
        0.010710462895389848,
        0.10797078963629417,
        0.018948392397754733,
        0.16402576955846254,
        0.012779112778390249,
        0.03308440754255801,
        0.004320475023063642,
        0.0758182944858503,
        0.02982504830960975,
        0.039546677779561175
      ],
      "base_attn": [
        0.057575588510203356,
        0.06941225291628554,
        0.07083728943594361,
        0.06540384812011188,
        0.0530632600582718,
        0.06848761570549658,
        0.056245572950724035,
        0.06818882288312722,
        0.05898415475242107,
        0.07060687452650927,
        0.057079397770946214,
        0.06178830055875005,
        0.05214731493891249,
        0.06620927225554767,
        0.06125658028653213,
        0.06271385433021703
      ]
    },
    {
      "similarity": 0.8,
      "target_index": 9,
      "mech_attn": [
        0.6027380694682324,
        0.01815742094933799,
        0.0068619133170610734,
        0.09221586747653239,
        0.037733692168366854,
        0.060950846681755745,
        0.014068571414889116,
        0.020951957078815354,
        0.015559432950045542,
        0.017499246865035203,
        0.009730933414169429,
        0.04431150236799882,
        0.01504485015912063,
        0.029258564265338512,
        0.005670080347125914,
        0.00924705107617499
      ],
      "base_attn": [
        0.08137075568908816,
        0.06077320498855645,
        0.05603956314675318,
        0.0695864660137573,
        0.06459294333116164,
        0.06722631094590761,
        0.0594947259155705,
        0.061502535558218926,
        0.0599962053089253,
        0.060586506614769,
        0.05769486732236744,
        0.06546371840940803,
        0.05982829355275809,
        0.06323808575140119,
        0.05515565759778598,
        0.05745015985357113
      ]
    }
  ]
}