{
  "modulus": 97,
  "d_head": 128,
  "train_acc": 1.0,
  "random_baseline_alignment": 0.015625,
  "trained_alignment": [
    0.8701009383339293,
    0.7862407685130204,
    0.6921656421680047,
    0.9575671101752021,
    0.8384125295867372,
    0.8552497520833093,
    0.5433768485848052,
    0.8632235820680579,
    0.8156886166567368,
    0.9979894035833999,
    0.5517302099729391,
    0.8573383181058816,
    0.7952321539796259,
    0.9925982031407952,
    0.9727208314624314,
    0.9968185862994342,
    0.5471546484571739,
    0.820643103753002,
    0.7730240122953951,
    0.8452037437537577,
    0.9555127478487668,
    0.9819177012142443,
    0.777215290425401,
    0.8200627388755996,
    0.8825748572895588,
    0.6218628931664908,
    0.6458357237324459,
    0.9859283679229149,
    0.894274396922744,
    0.857571411275923,
    0.8749131319005352,
    0.9686781093425926,
    0.9483203661512617,
    0.6599197690469611,
    0.9761258912110063,
    0.9041138343434046,
    0.7807780890435789,
    0.6376303557481673,
    0.7502416389939459,
    0.9611205467168235,
    0.6321730179461102,
    0.6706178138662313,
    0.8783970513636259,
    0.7728952697284237,
    0.6927378614762747,
    0.9724847726273989,
    0.5046306526055273,
    0.9477350505843594
  ],
  "trained_phase": [
    1.4891751728292464,
    0.7198527932515986,
    2.9868127124430166,
    2.48085088916299,
    2.1942496715860056,
    2.6233404867931327,
    2.848091615056848,
    3.1236375786029624,
    2.3966110324657364,
    2.8741808338406436,
    2.3457417929982403,
    2.798174199746791,
    2.518321474772613,
    2.6685715041904143,
    2.89086797149645,
    2.806737361531716,
    0.5639697924233893,
    1.6548276678616867,
    1.5516394330815808,
    2.493070064089263,
    1.5398970470481839,
    2.646776588476835,
    2.824701536459997,
    2.723122137036095,
    2.977692953668041,
    1.1417763625080322,
    2.736061903533072,
    2.5208564856291225,
    2.3468530887558754,
    3.114396514961768,
    3.0482665897243297,
    2.7612845471881946,
    1.816154077794904,
    0.004379846296136434,
    2.664924819449411,
    1.4446183674756292,
    1.014728418076511,
    2.9922673573972145,
    1.8243986293931347,
    2.9540726945244344,
    2.920123279789107,
    1.974717615244939,
    2.402757216172468,
    2.230388851723484,
    1.9604006434915535,
    2.81972323539309,
    1.9162750351496793,
    1.5484122124073223
  ],
  "trained_explained_variance": [
    0.013211075220951022,
    0.0160891570937924,
    0.11193500396974129,
    0.2391758365452525,
    0.011260159178242982,
    0.0227716835252444,
    0.036612642480509494,
    0.010900335725287605,
    0.0037377507770595605,
    0.012707626454556312,
    0.05447176269856516,
    0.0021703458676781847,
    0.006270445840007538,
    0.002109834858655634,
    0.0031609494518257,
    0.001316574265599928,
    0.0004061612733071913,
    7.453293211478405e-05,
    0.0007252820639600307,
    0.0008480484116078298,
    0.0009864046109339386,
    0.00017994441273286196,
    0.1502930332317323,
    0.00036751112260274545,
    0.0013940513440794575,
    0.0007713208715213582,
    0.0014823967693801507,
    0.001445575017675203,
    0.0041461442602584355,
    0.00013258735461647766,
    0.0035876274531142513,
    0.002120539227452616,
    0.00046974054249719307,
    0.00019659016465235416,
    0.000791947318765733,
    0.0007793563468538641,
    0.0604956057448968,
    0.0007334361534677774,
    0.00023355197000055574,
    0.0019771577803273746,
    0.003569296510299081,
    0.0009384160017609437,
    0.19737218908942336,
    0.0005705054704590689,
    0.0019403738050291,
    0.00981281956792375,
    0.0013429657328507731,
    0.0019137031928243941
  ],
  "untrained_alignment": [
    0.08311743575901874,
    0.07907873941895856,
    0.07215347757329321,
    0.05636757148483736,
    0.04184797048571515,
    0.07786754675459232,
    0.0475147079705538,
    0.12888670101005312,
    0.06859811657771642,
    0.1111953693792232,
    0.12633225015018537,
    0.060566973510085144,
    0.0827429175272452,
    0.09960066761851662,
    0.10287076655893641,
    0.10308155754565225,
    0.1425578639248084,
    0.10578365431720864,
    0.054228101653573065,
    0.08653930223618267,
    0.07976812614483884,
    0.05955147067893683,
    0.05547134855043063,
    0.07503838874627135,
    0.11794122806691738,
    0.11901351125622729,
    0.09807665110116265,
    0.08597906406903737,
    0.10421033568182073,
    0.04696049404956318,
    0.0910615731671097,
    0.097354553956557,
    0.13367070260683211,
    0.15532492518390467,
    0.0643604730489065,
    0.07875037283668193,
    0.07158252696012804,
    0.11909250294274393,
    0.1766126157160575,
    0.09102848236980618,
    0.08553010194510466,
    0.08176140985814873,
    0.1074049336296064,
    0.020530298178212336,
    0.129680716669408,
    0.07116616126935475,
    0.037097376346058274,
    0.11299798821899543
  ],
  "fourier_alignment_canonical": 0.8193489240488324,
  "untrained_alignment_canonical": 0.08954062551469122,
  "embedding_power": [
    0.49227121472358704,
    0.035304345190525055,
    0.013509068638086319,
    0.692713737487793,
    0.009940804913640022,
    0.007608463056385517,
    0.004479577299207449,
    0.2179020643234253,
    0.0031521953642368317,
    0.004322636406868696,
    0.35441824793815613,
    0.0029879652429372072,
    0.002710409462451935,
    0.0031906249932944775,
    0.002600461710244417,
    0.002032643184065819,
    0.003011059947311878,
    0.002830545185133815,
    0.001999238971620798,
    0.0022553526796400547,
    0.0016946177929639816,
    0.0016818213043734431,
    0.29295191168785095,
    0.0019394931150600314,
    0.0016816211864352226,
    0.0018518287688493729,
    0.0017263621557503939,
    0.001408680691383779,
    0.001955766463652253,
    0.0019078808836638927,
    0.0023790758568793535,
    0.0014375635655596852,
    0.002630033530294895,
    0.0021272592712193727,
    0.0012483892496675253,
    0.0022656077053397894,
    0.9453173875808716,
    0.0024219462648034096,
    0.0019025576766580343,
    0.0031939372420310974,
    0.0022813379764556885,
    0.0027023262809962034,
    0.7392033338546753,
    0.0017439615912735462,
    0.002219672780483961,
    0.003106228541582823,
    0.0018825825536623597,
    0.00317414035089314
  ],
  "ablation": {
    "full_acc": 1.0,
    "ablate_top_acc": 0.09522797167301178,
    "ablate_random_acc": 1.0,
    "top_freqs": [
      37,
      43,
      4,
      1,
      11
    ],
    "random_freqs": [
      45,
      38,
      9,
      17,
      47
    ],
    "power": [
      0.49227121472358704,
      0.035304345190525055,
      0.013509068638086319,
      0.692713737487793,
      0.009940804913640022,
      0.007608463056385517,
      0.004479577299207449,
      0.2179020643234253,
      0.0031521953642368317,
      0.004322636406868696,
      0.35441824793815613,
      0.0029879652429372072,
      0.002710409462451935,
      0.0031906249932944775,
      0.002600461710244417,
      0.002032643184065819,
      0.003011059947311878,
      0.002830545185133815,
      0.001999238971620798,
      0.0022553526796400547,
      0.0016946177929639816,
      0.0016818213043734431,
      0.29295191168785095,
      0.0019394931150600314,
      0.0016816211864352226,
      0.0018518287688493729,
      0.0017263621557503939,
      0.001408680691383779,
      0.001955766463652253,
      0.0019078808836638927,
      0.0023790758568793535,
      0.0014375635655596852,
      0.002630033530294895,
      0.0021272592712193727,
      0.0012483892496675253,
      0.0022656077053397894,
      0.9453173875808716,
      0.0024219462648034096,
      0.0019025576766580343,
      0.0031939372420310974,
      0.0022813379764556885,
      0.0027023262809962034,
      0.7392033338546753,
      0.0017439615912735462,
      0.002219672780483961,
      0.003106228541582823,
      0.0018825825536623597,
      0.00317414035089314
    ],
    "top_k": 5
  },