{
  "goal": "attention_cfg_generate",
  "attempt": "first_pass",
  "run_id": "20260613T214133Z",
  "metrics": {
    "version": 1,
    "cfg_acc_canonical": 0.15234580917237744,
    "cfg_acc_depth_1": 0.0,
    "cfg_acc_depth_2": 0.2317829457364341,
    "cfg_acc_depth_3": 0.22701383238405207,
    "cfg_ce_canonical": 2.096308881416917,
    "cfg_ce_depth_1": 2.165747880935669,
    "cfg_ce_depth_2": 2.0571391582489014,
    "cfg_ce_depth_3": 2.066500425338745,
    "linear_baseline_acc_struct": 0.125,
    "linear_baseline_ce": 2.0794415416798357,
    "lift_over_baseline_acc": 0.027345809172377444,
    "lift_over_baseline_ce": -0.0168673397370811,
    "depth_robustness": 0.0
  },
  "payload": {
    "version": 1,
    "canonical_seed": 42,
    "vocab_size": 8,
    "max_depth": 3,
    "seq_len": 32,
    "batch_size": 256,
    "slice_axis": "max_depth",
    "sweep": [
      {
        "max_depth": 1,
        "n_sequences": 85,
        "n_positions": 2720,
        "ce_loss": 2.165747880935669,
        "acc_any": 0.012867647058823529,
        "acc_struct": 0.0,
        "struct_positions": 1275
      },
      {
        "max_depth": 2,
        "n_sequences": 86,
        "n_positions": 2752,
        "ce_loss": 2.0571391582489014,
        "acc_any": 0.12790697674418605,
        "acc_struct": 0.2317829457364341,
        "struct_positions": 1290
      },
      {
        "max_depth": 3,
        "n_sequences": 85,
        "n_positions": 2720,
        "ce_loss": 2.066500425338745,
        "acc_any": 0.11985294117647059,
        "acc_struct": 0.22701383238405207,
        "struct_positions": 1229
      }
    ],
    "linear_baseline": {
      "ce_loss": 2.0794415416798357,
      "acc_any": 0.125,
      "acc_struct": 0.125
    }
  }
}