{
  "goal": "attention_gcd",
  "attempt": "first_pass",
  "run_id": "20260613T184638Z",
  "metrics": {
    "version": 1,
    "gcd_attn_corr_canonical": 0.9999999999999997,
    "linear_baseline_attn_corr_canonical": 0.08815975586200579,
    "attn_corr_lift_over_baseline": 0.9118402441379939,
    "gcd_resid_r2_canonical": 0.9999898816410627,
    "gcd_decode_acc_canonical": 1.0,
    "linear_baseline_resid_r2_canonical": 0.0,
    "linear_baseline_acc_canonical": 0.125,
    "gcd_decodability": 0.9999898816410627,
    "resid_r2_lift_over_baseline": 0.9999898816410627,
    "decode_acc_lift_over_baseline": 0.875,
    "gcd_decode_acc_g1": 1.0,
    "gcd_decode_acc_baseline_g1": 0.0949367088607595,
    "gcd_decode_acc_g2_3": 1.0,
    "gcd_decode_acc_baseline_g2_3": 0.17857142857142858,
    "gcd_decode_acc_g4_8": 1.0,
    "gcd_decode_acc_baseline_g4_8": 0.22580645161290322,
    "gcd_decode_acc_g9p": 1.0,
    "gcd_decode_acc_baseline_g9p": 0.0,
    "gcd_decode_robustness": 1.0
  },
  "payload": {
    "version": 1,
    "config": {
      "max_n": 100,
      "batch_size": 512,
      "n_layers": 1,
      "n_heads": 4,
      "d_model": 128,
      "n_train": 256,
      "n_test": 256,
      "sep_idx": 2
    },
    "attn_corr": [
      [
        0.9999999999999997,
        0.0,
        0.0,
        0.0
      ]
    ],
    "baseline_attn_corr": 0.08815975586200579,
    "global": {
      "resid_r2": [
        0.9999898816410627
      ],
      "resid_acc": [
        1.0
      ],
      "baseline_r2": -0.16957918438187813,
      "baseline_acc": 0.125
    },
    "sweep": [
      {
        "bin": "g1",
        "lo": 1,
        "hi": 1,
        "count": 158,
        "resid_acc": [
          1.0
        ],
        "baseline_acc": 0.0949367088607595
      },
      {
        "bin": "g2_3",
        "lo": 2,
        "hi": 3,
        "count": 56,
        "resid_acc": [
          1.0
        ],
        "baseline_acc": 0.17857142857142858
      },
      {
        "bin": "g4_8",
        "lo": 4,
        "hi": 8,
        "count": 31,
        "resid_acc": [
          1.0
        ],
        "baseline_acc": 0.22580645161290322
      },
      {
        "bin": "g9p",
        "lo": 9,
        "hi": 1000000000,
        "count": 11,
        "resid_acc": [
          1.0
        ],
        "baseline_acc": 0.0
      }
    ]
  }
}