{
  "induction_detection": 0.9777777777777777,
  "ablation_detection": 0.0,
  "random_baseline": 0.015873015873015872,
  "cells": {
    "plen2_dist8": 1.0,
    "plen2_dist16": 1.0,
    "plen2_dist32": 0.96,
    "plen3_dist8": 0.98,
    "plen3_dist16": 1.0,
    "plen3_dist32": 1.0,
    "plen4_dist8": 0.9,
    "plen4_dist16": 0.98,
    "plen4_dist32": 0.98
  }
}