{
  "tau": 0.5,
  "beta_max": 20.0,
  "alphas": [
    0.0,
    0.1,
    0.2,
    0.3,
    0.4,
    0.5,
    0.6,
    0.7,
    0.8,
    0.9,
    1.0
  ],
  "canonical": [
    {
      "alpha": 0.0,
      "max_score": 0.18485012650489807,
      "beta": 0.0,
      "gated": [
        0.3333333432674408,
        0.3333333432674408,
        0.3333333432674408
      ],
      "gated_mw": 0.3333333432674408,
      "softmax_scaled": [
        0.2798421084880829,
        0.3478908836841583,
        0.37226706743240356
      ],
      "softmax_scaled_mw": 0.37226706743240356,
      "softmax_raw": [
        0.10581504553556442,
        0.36248481273651123,
        0.5317001342773438
      ],
      "softmax_raw_mw": 0.5317001342773438,
      "linear": [
        3.5141023424500872e-09,
        0.4326878786087036,
        0.5673121213912964
      ],
      "linear_mw": 0.5673121213912964
    },
    {
      "alpha": 0.1,
      "max_score": 0.2393559366464615,
      "beta": 0.0,
      "gated": [
        0.3333333432674408,
        0.3333333432674408,
        0.3333333432674408
      ],
      "gated_mw": 0.3333333432674408,
      "softmax_scaled": [
        0.29283371567726135,
        0.31428590416908264,
        0.392880380153656
      ],
      "softmax_scaled_mw": 0.392880380153656,
      "softmax_raw": [
        0.12879188358783722,
        0.19212126731872559,
        0.6790868043899536
      ],
      "softmax_raw_mw": 0.6790868043899536,
      "linear": [
        4.848531354184615e-09,
        0.19390687346458435,
        0.806093156337738
      ],
      "linear_mw": 0.806093156337738
    },
    {
      "alpha": 0.2,
      "max_score": 0.24380336701869965,
      "beta": 0.0,
      "gated": [
        0.3333333432674408,
        0.3333333432674408,
        0.3333333432674408
      ],
      "gated_mw": 0.3333333432674408,
      "softmax_scaled": [
        0.309719979763031,
        0.29173943400382996,
        0.3985404968261719
      ],
      "softmax_scaled_mw": 0.3985404968261719,
      "softmax_raw": [
        0.17017437517642975,
        0.1213284432888031,
        0.708497166633606
      ],
      "softmax_raw_mw": 0.708497166633606,
      "linear": [
        0.16087856888771057,
        4.755186466809391e-09,
        0.8391214609146118
      ],
      "linear_mw": 0.8391214609146118
    },
    {
      "alpha": 0.3,
      "max_score": 0.22797709703445435,
      "beta": 0.0,
      "gated": [
        0.3333333432674408,
        0.3333333432674408,
        0.3333333432674408
      ],
      "gated_mw": 0.3333333432674408,
      "softmax_scaled": [
        0.3227136433124542,
        0.2807753384113312,
        0.3965110182762146
      ],
      "softmax_scaled_mw": 0.3965110182762146,
      "softmax_raw": [
        0.21455581486225128,
        0.09761938452720642,
        0.6878248453140259
      ],
      "softmax_raw_mw": 0.6878248453140259,
      "linear": [
        0.28741154074668884,
        3.649699209518076e-09,
        0.7125884890556335
      ],
      "linear_mw": 0.7125884890556335
    },
    {
      "alpha": 0.4,
      "max_score": 0.21126388013362885,
      "beta": 0.0,
      "gated": [
        0.3333333432674408,
        0.3333333432674408,
        0.3333333432674408
      ],
      "gated_mw": 0.3333333432674408,
      "softmax_scaled": [
        0.33136874437332153,
        0.2755001485347748,
        0.3931310474872589
      ],
      "softmax_scaled_mw": 0.3931310474872589,
      "softmax_raw": [
        0.2511657178401947,
        0.08837694674730301,
        0.6604573130607605
      ],
      "softmax_raw_mw": 0.6604573130607605,
      "linear": [
        0.3418070077896118,
        3.272440762813744e-09,
        0.6581929922103882
      ],
      "linear_mw": 0.6581929922103882
    },
    {
      "alpha": 0.5,
      "max_score": 0.19770251214504242,
      "beta": 0.0,
      "gated": [
        0.3333333432674408,
        0.3333333432674408,
        0.3333333432674408
      ],
      "gated_mw": 0.3333333432674408,
      "softmax_scaled": [
        0.33716511726379395,
        0.27272510528564453,
        0.3901097774505615
      ],
      "softmax_scaled_mw": 0.3901097774505615,
      "softmax_raw": [
        0.279072105884552,
        0.08406611531972885,
        0.6368618011474609
      ],
      "softmax_raw_mw": 0.6368618011474609,
      "linear": [
        0.37207290530204773,
        3.1009523837610686e-09,
        0.6279270648956299
      ],
      "linear_mw": 0.6279270648956299
    },
    {
      "alpha": 0.6,
      "max_score": 0.18717440962791443,
      "beta": 0.0,
      "gated": [
        0.3333333432674408,
        0.3333333432674408,
        0.3333333432674408
      ],
      "gated_mw": 0.3333333432674408,
      "softmax_scaled": [
        0.3412071764469147,
        0.27112334966659546,
        0.3876694440841675
      ],
      "softmax_scaled_mw": 0.3876694440841675,
      "softmax_raw": [
        0.3001858592033386,
        0.08176109939813614,
        0.6180530786514282
      ],
      "softmax_raw_mw": 0.6180530786514282,
      "linear": [
        0.3913494348526001,
        3.0089912783637374e-09,
        0.6086505651473999
      ],
      "linear_mw": 0.6086505651473999
    },
    {
      "alpha": 0.7,
      "max_score": 0.17896802723407745,
      "beta": 0.0,
      "gated": [
        0.3333333432674408,
        0.3333333432674408,
        0.3333333432674408
      ],
      "gated_mw": 0.3333333432674408,
      "softmax_scaled": [
        0.34414806962013245,
        0.270124614238739,
        0.38572728633880615
      ],
      "softmax_scaled_mw": 0.38572728633880615,
      "softmax_raw": [
        0.3164062798023224,
        0.08039896935224533,
        0.6031947135925293
      ],
      "softmax_raw_mw": 0.6031947135925293,
      "linear": [
        0.404702752828598,
        2.953978839315141e-09,
        0.5952972769737244
      ],
      "linear_mw": 0.5952972769737244
    },
    {
      "alpha": 0.8,
      "max_score": 0.1724661886692047,
      "beta": 0.0,
      "gated": [
        0.3333333432674408,
        0.3333333432674408,
        0.3333333432674408
      ],
      "gated_mw": 0.3333333432674408,
      "softmax_scaled": [
        0.3463679850101471,
        0.2694627046585083,
        0.3841692805290222
      ],
      "softmax_scaled_mw": 0.3841692805290222,
      "softmax_raw": [
        0.3291274309158325,
        0.07953276485204697,
        0.5913398265838623
      ],
      "softmax_raw_mw": 0.5913398265838623,
      "linear": [
        0.41449785232543945,
        2.918431718512693e-09,
        0.5855020880699158
      ],
      "linear_mw": 0.5855020880699158
    },
    {
      "alpha": 0.9,
      "max_score": 0.167219877243042,
      "beta": 0.0,
      "gated": [
        0.3333333432674408,
        0.3333333432674408,
        0.3333333432674408
      ],
      "gated_mw": 0.3333333432674408,
      "softmax_scaled": [
        0.34809646010398865,
        0.2690020501613617,
        0.38290148973464966
      ],
      "softmax_scaled_mw": 0.38290148973464966,
      "softmax_raw": [
        0.33931469917297363,
        0.0789499282836914,
        0.581735372543335
      ],
      "softmax_raw_mw": 0.581735372543335,
      "linear": [
        0.42199158668518066,
        2.894091188920811e-09,
        0.5780084729194641
      ],
      "linear_mw": 0.5780084729194641
    },
    {
      "alpha": 1.0,
      "max_score": 0.16291280090808868,
      "beta": 0.0,
      "gated": [
        0.3333333432674408,
        0.3333333432674408,
        0.3333333432674408
      ],
      "gated_mw": 0.3333333432674408,
      "softmax_scaled": [
        0.3494766354560852,
        0.26866859197616577,
        0.3818548023700714
      ],
      "softmax_scaled_mw": 0.3818548023700714,
      "softmax_raw": [
        0.3476247787475586,
        0.07853999733924866,
        0.5738351941108704
      ],
      "softmax_raw_mw": 0.5738351941108704,
      "linear": [
        0.42790815234184265,
        2.87666312992485e-09,
        0.572091817855835
      ],