{"cos": [-1.0, -0.8999999761581421, -0.800000011920929, -0.699999988079071, -0.6000000238418579, -0.5, -0.4000000059604645, -0.30000001192092896, -0.20000000298023224, -0.10000000149011612, 0.0, 0.10000000149011612, 0.20000000298023224, 0.30000001192092896, 0.4000000059604645, 0.5, 0.6000000238418579, 0.699999988079071, 0.800000011920929, 0.8999999761581421, 1.0], "mean_trained": [7.833037898308248e-07, 3.3246794828301063e-06, 1.344782140222378e-05, 5.263336788630113e-05, 0.00021829549223184586, 0.0009003249579109251, 0.0036810061428695917, 0.015399999916553497, 0.056345585733652115, 0.19616581499576569, 0.5052726864814758, 0.8009580969810486, 0.9427288770675659, 0.9849303364753723, 0.9962522387504578, 0.9990903735160828, 0.9997879266738892, 0.9999451637268066, 0.999987006187439, 0.9999969005584717, 0.9999992251396179], "mean_ablate_zero": [0.0, 0.0, 0.0, 0.0, 0.0, 0.0, 0.0, 0.0, 0.0, 0.0, 0.0, 0.0, 0.0, 0.0, 0.0, 0.0, 0.0, 0.0, 0.0, 0.0, 0.0], "mean_ablate_offdiag": [0.4982173442840576, 0.507668137550354, 0.5039300918579102, 0.4937547445297241, 0.4963622987270355, 0.5014307498931885, 0.5000234842300415, 0.5106506943702698, 0.49524393677711487, 0.49615252017974854, 0.505378782749176, 0.500542402267456, 0.5022866725921631, 0.4948575496673584, 0.4952196478843689, 0.49616754055023193, 0.5096169710159302, 0.4967305362224579, 0.5036210417747498, 0.5023638010025024, 0.5043216943740845], "linear_baseline": [0.0, 0.0, 0.0, 0.0, 0.0, 0.0, 0.0, 0.0, 0.0, 0.0, 0.0, 0.10000000149011612, 0.20000000298023224, 0.30000001192092896, 0.4000000059604645, 0.5, 0.6000000238418579, 0.699999988079071, 0.800000011920929, 0.8999999761581421, 1.0], "train_curve": [[0, 0.6931471824645996], [20, 0.6536019444465637], [40, 0.6166102290153503], [60, 0.5729222297668457], [80, 0.5382521748542786], [100, 0.5069353580474854], [120, 0.49050581455230713], [140, 0.45833897590637207], [160, 0.4368232488632202], [180, 0.41876524686813354], [200, 0.4080694019794464], [220, 0.39208465814590454], [240, 0.373855859041214], [260, 0.3582923412322998], [280, 0.35614901781082153], [300, 0.3463534116744995], [320, 0.3301534950733185], [340, 0.3201010823249817], [360, 0.312905490398407], [380, 0.311629056930542], [399, 0.2926275134086609]], "M_identity_alignment": 0.9923380613327026, "M_mean_diag": 14.074788093566895}