{
  "distances": [
    1,
    2,
    4,
    8,
    16,
    32,
    64,
    128,
    256
  ],
  "content_means": [
    0.9968692660331726,
    0.9968692660331726,
    0.9968692660331726,
    0.9968692660331726,
    0.9968692660331726,
    0.9968692660331726,
    0.9968694448471069,
    0.9968695044517517,
    0.9968698620796204
  ],
  "positional_means": [
    0.046392012387514114,
    0.04412943497300148,
    0.03992997109889984,
    0.03269189968705177,
    0.021914031356573105,
    0.009846610948443413,
    0.0019879955798387527,
    8.103509753709659e-05,
    1.3464443782140734e-07
  ],
  "ablation_means": [
    0.001953125,
    0.001953125,
    0.001953125,
    0.001953125,
    0.001953125,
    0.001953125,
    0.001953125,
    0.001953125,
    0.001953125
  ],
  "content_auc": 0.9968693554401398,
  "positional_auc": 0.02172213153216518,
  "ablation_auc": 0.001953125,
  "uniform_baseline": 0.001953125
}