{
  "model_name": "synthetic_attention_matmul",
  "canonical": "cos_0p3",
  "conditions": [
    "orthogonal",
    "cos_0p3",
    "cos_0p7",
    "uniform"
  ],
  "config": {
    "d_model": 64,
    "n_heads": 4,
    "d_head": 16,
    "seq_len": 32,
    "batch_size": 16
  },
  "hypotheses": [
    "softmax",
    "no_softmax",
    "linear_taylor",
    "wrong_temp",
    "uniform"
  ],
  "per_condition": {
    "orthogonal": {
      "hyp_kl": {
        "softmax": -6.262854412852903e-08,
        "no_softmax": 18.35383415222168,
        "linear_taylor": 2.0214842152199708e-05,
        "wrong_temp": 0.06839679181575775,
        "uniform": 0.002117070156365984
      },
      "hyp_out": {
        "softmax": 5.444610259129211e-16,
        "no_softmax": 0.45111024379730225,
        "linear_taylor": 1.5426232948811958e-06,
        "wrong_temp": 0.009884360246360302,
        "uniform": 0.00014215336698288113
      },
      "rowsum_mae": 7.785274647176266e-08,
      "abl_top": 0.15714208781719208,
      "abl_random": 0.12368717789649963,
      "suff_k": [
        1,
        2,
        4,
        8
      ],
      "suff_top_mse": [
        0.9439998865127563,
        0.45111027359962463,
        0.2148033082485199,
        0.08835165947675705
      ],
      "suff_rand_mse": [
        0.9710167646408081,
        0.46711501479148865,
        0.21568533778190613,
        0.09382390975952148
      ]
    },
    "cos_0p3": {
      "hyp_kl": {
        "softmax": -6.826252896274809e-09,
        "no_softmax": 10.95510482788086,
        "linear_taylor": 2.8648746592807584e-06,
        "wrong_temp": 0.040787361562252045,
        "uniform": 0.001904709494824468
      },
      "hyp_out": {
        "softmax": 4.2293757954726106e-16,
        "no_softmax": 0.0554826445877552,
        "linear_taylor": 1.7667028373580251e-07,
        "wrong_temp": 0.002632525283843279,
        "uniform": 0.00011887723840387885
      },
      "rowsum_mae": 2.4699147616047412e-08,
      "abl_top": 0.14121130108833313,
      "abl_random": 0.1248869076371193,
      "suff_k": [
        1,
        2,
        4,
        8
      ],
      "suff_top_mse": [
        0.9629849791526794,
        0.4646620452404022,
        0.21383194625377655,
        0.08842560648918152
      ],
      "suff_rand_mse": [
        0.975051760673523,
        0.4740402102470398,
        0.21797119081020355,
        0.09298138320446014
      ]
    },
    "cos_0p7": {
      "hyp_kl": {
        "softmax": -7.73650832286421e-09,
        "no_softmax": 10.832609176635742,
        "linear_taylor": 5.135408173373435e-06,
        "wrong_temp": 0.052047014236450195,
        "uniform": 0.00231947803101089
      },
      "hyp_out": {
        "softmax": 4.526123200631314e-16,
        "no_softmax": 0.06516585499048233,
        "linear_taylor": 3.413936155993724e-07,
        "wrong_temp": 0.0038776793517172337,
        "uniform": 0.00014682168145728632
      },
      "rowsum_mae": 2.6827365218196064e-08,
      "abl_top": 0.14758965373039246,
      "abl_random": 0.12422235310077667,
      "suff_k": [
        1,
        2,
        4,
        8
      ],
      "suff_top_mse": [
        0.9542321562767029,
        0.46052780747413635,
        0.21295395493507385,
        0.08796902745962143
      ],
      "suff_rand_mse": [
        0.9686006903648376,
        0.4722241759300232,
        0.22094932198524475,
        0.09471258521080017
      ]
    },
    "uniform": {
      "hyp_kl": {
        "softmax": -7.816636227175877e-09,
        "no_softmax": 3.9970312118530273,
        "linear_taylor": 0.5223913192749023,
        "wrong_temp": 3.6249189376831055,
        "uniform": 0.43704547717377806
      },
      "hyp_out": {
        "softmax": 2.334291936042501e-15,
        "no_softmax": 0.012934524565935135,
        "linear_taylor": 0.011557199992239475,
        "wrong_temp": 0.39226335287094116,
        "uniform": 0.040673680897677894
      },
      "rowsum_mae": 3.265341774749686e-08,
      "abl_top": 0.6484830379486084,
      "abl_random": 0.11057734489440918,
      "suff_k": [
        1,
        2,
        4,
        8
      ],
      "suff_top_mse": [
        0.7598515152931213,
        0.31950438022613525,
        0.11975115537643433,
        0.035306088626384735
      ],
      "suff_rand_mse": [
        1.0104265213012695,
        0.6250641345977783,
        0.35662877559661865,
        0.18338674306869507
      ]
    }
  },
  "heatmaps": {
    "orthogonal": {
      "true": "true_orthogonal.npy",
      "method": "method_orthogonal.npy",
      "straw": "straw_orthogonal.npy"
    },
    "cos_0p3": {
      "true": "true_cos_0p3.npy",
      "method": "method_cos_0p3.npy",
      "straw": "straw_cos_0p3.npy"
    },
    "cos_0p7": {
      "true": "true_cos_0p7.npy",
      "method": "method_cos_0p7.npy",
      "straw": "straw_cos_0p7.npy"
    },
    "uniform": {
      "true": "true_uniform.npy",
      "method": "method_uniform.npy",
      "straw": "straw_uniform.npy"
    }
  },
  "operating_range": {
    "scales": [
      0.1,
      0.14677992676220694,
      0.21544346900318834,
      0.31622776601683794,
      0.46415888336127786,
      0.6812920690579611,
      1.0,
      1.467799267622069,
      2.1544346900318834,
      3.1622776601683795,
      4.6415888336127775,
      6.812920690579611,
      10.0
    ],
    "fidelity": {
      "softmax": [
        1.0,
        1.0,
        1.0,
        1.0,
        1.0,
        1.0,
        1.0,
        1.0,
        1.0,
        1.0,
        1.0,
        1.0,
        1.0
      ],
      "linear_taylor": [
        0.9998587212507812,
        0.9999276310135844,
        0.9999036952709857,
        0.9998422781088636,
        0.9996716110635498,
        0.999306729369519,
        0.9984966008638699,
        0.9967148453463164,
        0.9927122542491715,
        0.9832238685751662,
        0.9559834421360901,
        0.4034068562938231,
        0.0
      ],
      "no_softmax": [
        0.0,
        0.0,
        0.0,
        0.0,
        0.0,
        0.0,
        0.0,
        0.0,
        0.0,
        0.0,
        0.0,
        0.0,
        0.0
      ]
    }
  }
}