{
  "goal": "attention_and",
  "attempt": "first_pass",
  "run_id": "20260613T145610Z",
  "metrics": {
    "version": 2,
    "and_sharpness_cos_0p0": 0.9840726938098501,
    "false_positive_rate_cos_0p0": 0.019443393519941836,
    "false_negative_rate_cos_0p0": 0.201984126984127,
    "linear_baseline_sharpness_cos_0p0": 0.7678697930541383,
    "and_sharpness_cos_0p2": 0.9952815095396268,
    "false_positive_rate_cos_0p2": 0.0055191999012223734,
    "false_negative_rate_cos_0p2": 0.2634848484848485,
    "linear_baseline_sharpness_cos_0p2": 0.7638116483658888,
    "and_sharpness_cos_0p4": 0.9985721007606694,
    "false_positive_rate_cos_0p4": 0.0021390986044383434,
    "false_negative_rate_cos_0p4": 0.35595238095238096,
    "linear_baseline_sharpness_cos_0p4": 0.7942156407244182,
    "and_sharpness_cos_0p6": 0.9998736286347072,
    "false_positive_rate_cos_0p6": 0.0,
    "false_negative_rate_cos_0p6": 0.44749361749361743,
    "linear_baseline_sharpness_cos_0p6": 0.7790761515649935,
    "and_sharpness_cos_0p8": 0.9999906297747556,
    "false_positive_rate_cos_0p8": 0.0,
    "false_negative_rate_cos_0p8": 0.5884812409812409,
    "linear_baseline_sharpness_cos_0p8": 0.7763276180216159,
    "and_sharpness_cos_1p0": 0.9999995178166146,
    "false_positive_rate_cos_1p0": 0.0,
    "false_negative_rate_cos_1p0": 0.6638636363636364,
    "linear_baseline_sharpness_cos_1p0": 0.7837675979602678,
    "and_sharpness_canonical": 0.9840726938098501,
    "lift_over_baseline_canonical": 0.2162029007557118,
    "superposition_robustness": 1.0
  },
  "payload": {
    "version": 2,
    "model_name": "synthetic_attention_and",
    "d": 64,
    "canonical_cosine": 0.0,
    "cos_AB_sweep": [
      0.0,
      0.2,
      0.4,
      0.6,
      0.8,
      1.0
    ],
    "sweep": [
      {
        "cosine": 0.0,
        "and_sharpness": 0.9840726938098501,
        "false_positive_rate": 0.019443393519941836,
        "false_negative_rate": 0.201984126984127,
        "n_seeds": 10
      },
      {
        "cosine": 0.2,
        "and_sharpness": 0.9952815095396268,
        "false_positive_rate": 0.0055191999012223734,
        "false_negative_rate": 0.2634848484848485,
        "n_seeds": 10
      },
      {
        "cosine": 0.4,
        "and_sharpness": 0.9985721007606694,
        "false_positive_rate": 0.0021390986044383434,
        "false_negative_rate": 0.35595238095238096,
        "n_seeds": 10
      },
      {
        "cosine": 0.6,
        "and_sharpness": 0.9998736286347072,
        "false_positive_rate": 0.0,
        "false_negative_rate": 0.44749361749361743,
        "n_seeds": 10
      },
      {
        "cosine": 0.8,
        "and_sharpness": 0.9999906297747556,
        "false_positive_rate": 0.0,
        "false_negative_rate": 0.5884812409812409,
        "n_seeds": 10
      },
      {
        "cosine": 1.0,
        "and_sharpness": 0.9999995178166146,
        "false_positive_rate": 0.0,
        "false_negative_rate": 0.6638636363636364,
        "n_seeds": 10
      }
    ],
    "linear_baseline": [
      {
        "cosine": 0.0,
        "and_sharpness": 0.7678697930541383,
        "n_seeds": 10
      },
      {
        "cosine": 0.2,
        "and_sharpness": 0.7638116483658888,
        "n_seeds": 10
      },
      {
        "cosine": 0.4,
        "and_sharpness": 0.7942156407244182,
        "n_seeds": 10
      },
      {
        "cosine": 0.6,
        "and_sharpness": 0.7790761515649935,
        "n_seeds": 10
      },
      {
        "cosine": 0.8,
        "and_sharpness": 0.7763276180216159,
        "n_seeds": 10
      },
      {
        "cosine": 1.0,
        "and_sharpness": 0.7837675979602678,
        "n_seeds": 10
      }
    ]
  }
}