{
  "densities": [
    0.1,
    0.2,
    0.3,
    0.5
  ],
  "level_attention": [
    1.0,
    1.0,
    1.0,
    1.0
  ],
  "direct_edge_strawman": [
    0.7804878048780488,
    0.78,
    0.7253521126760564,
    0.7202643171806168
  ],
  "uniform_ablation": [
    0.5,
    0.5,
    0.5,
    0.5
  ],
  "uniform_reference": [
    0.5,
    0.5,
    0.5,
    0.5
  ],
  "canonical_density": 0.3
}