{
  "sigmas": [
    0.0,
    0.1,
    0.25,
    0.5,
    1.0,
    2.0
  ],
  "pathlens": [
    1,
    2,
    3,
    4,
    5,
    6
  ],
  "accuracy_matrix": [
    [
      1.0,
      1.0,
      1.0,
      1.0,
      1.0,
      1.0
    ],
    [
      1.0,
      1.0,
      1.0,
      1.0,
      1.0,
      1.0
    ],
    [
      1.0,
      0.9318181818181818,
      1.0,
      0.9629629629629629,
      0.96,
      0.9166666666666666
    ],
    [
      1.0,
      0.6136363636363636,
      0.6923076923076923,
      0.3333333333333333,
      0.52,
      0.4166666666666667
    ],
    [
      1.0,
      0.4090909090909091,
      0.3076923076923077,
      0.18518518518518517,
      0.16,
      0.0
    ],
    [
      1.0,
      0.2727272727272727,
      0.07692307692307693,
      0.07407407407407407,
      0.04,
      0.0
    ]
  ],
  "headline_per_sigma": [
    1.0,
    1.0,
    0.953125,
    0.546875,
    0.296875,
    0.1796875
  ]
}