{
  "goal": "attention_or",
  "attempt": "pass_2",
  "run_id": "20260613T144236Z",
  "metrics": {
    "version": 1,
    "or_sharpness_cos_0p0": 0.7071067811865476,
    "linear_baseline_sharpness_cos_0p0": 0.9999999999999997,
    "or_noise_leakage_cos_0p0": 0.5191297105052763,
    "or_sharpness_cos_0p1": 0.7416198487095661,
    "linear_baseline_sharpness_cos_0p1": 1.0999999999999999,
    "or_noise_leakage_cos_0p1": 0.44493125626251295,
    "or_sharpness_cos_0p2": 0.774596669241483,
    "linear_baseline_sharpness_cos_0p2": 1.1999999999999995,
    "or_noise_leakage_cos_0p2": 0.4584909062531303,
    "or_sharpness_cos_0p3": 0.8062257748298547,
    "linear_baseline_sharpness_cos_0p3": 1.2999999999999996,
    "or_noise_leakage_cos_0p3": 0.3662999151957512,
    "or_sharpness_cos_0p4": 0.8366600265340752,
    "linear_baseline_sharpness_cos_0p4": 1.3999999999999992,
    "or_noise_leakage_cos_0p4": 0.6871875670183054,
    "or_sharpness_cos_0p5": 0.8660254037844388,
    "linear_baseline_sharpness_cos_0p5": 1.4999999999999998,
    "or_noise_leakage_cos_0p5": 0.5086169119535494,
    "or_sharpness_cos_0p6": 0.8944271909999159,
    "linear_baseline_sharpness_cos_0p6": 1.6,
    "or_noise_leakage_cos_0p6": 0.3869293041595341,
    "or_sharpness_cos_0p7": 0.9219544457292882,
    "linear_baseline_sharpness_cos_0p7": 1.6999999999999995,
    "or_noise_leakage_cos_0p7": 0.44911764186190944,
    "or_sharpness_cos_0p8": 0.9486832980505133,
    "linear_baseline_sharpness_cos_0p8": 1.7999999999999992,
    "or_noise_leakage_cos_0p8": 0.3650925567092124,
    "or_sharpness_cos_0p9": 0.9746794344808961,
    "linear_baseline_sharpness_cos_0p9": 1.9,
    "or_noise_leakage_cos_0p9": 0.39481159632557855,
    "or_sharpness_cos_1p0": 1.0,
    "linear_baseline_sharpness_cos_1p0": 2.0,
    "or_noise_leakage_cos_1p0": 0.2964111736780258,
    "or_sharpness_canonical": 0.7071067811865476,
    "lift_over_linear_canonical": -0.2928932188134521,
    "superposition_robustness": 1.0
  },
  "payload": {
    "version": 1,
    "canonical_cos": 0.0,
    "sweep": [
      {
        "cos": 0.0,
        "s_A_at_A": 0.17677669529663692,
        "s_A_at_B": -4.906538933386797e-18,
        "s_A_noise_max": 0.060863490652596816,
        "s_B_at_A": -4.906538933386797e-18,
        "s_B_at_B": 0.17677669529663687,
        "s_B_noise_max": 0.07241044084832463,
        "s_AB_at_A": 0.12500000000000003,
        "s_AB_at_B": 0.12500000000000003,
        "s_AB_noise_max": 0.06489121381315956
      },
      {
        "cos": 0.1,
        "s_A_at_A": 0.17677669529663687,
        "s_A_at_B": 0.01767766952966369,
        "s_A_noise_max": 0.059064958996982005,
        "s_B_at_A": 0.01767766952966369,
        "s_B_at_B": 0.17677669529663684,
        "s_B_noise_max": 0.06018057821873126,
        "s_AB_at_A": 0.13110110602126893,
        "s_AB_at_B": 0.1311011060212689,
        "s_AB_noise_max": 0.05833097979944808
      },
      {
        "cos": 0.2,
        "s_A_at_A": 0.17677669529663692,
        "s_A_at_B": 0.03535533905932738,
        "s_A_noise_max": 0.06930084395823298,
        "s_B_at_A": 0.03535533905932738,
        "s_B_at_B": 0.17677669529663684,
        "s_B_noise_max": 0.056897681155461614,
        "s_AB_at_A": 0.13693063937629152,
        "s_AB_at_B": 0.1369306393762915,
        "s_AB_noise_max": 0.06278145294145647
      },
      {
        "cos": 0.30000000000000004,
        "s_A_at_A": 0.17677669529663692,
        "s_A_at_B": 0.05303300858899108,
        "s_A_noise_max": 0.05697839146607267,
        "s_B_at_A": 0.05303300858899108,
        "s_B_at_B": 0.17677669529663684,
        "s_B_noise_max": 0.06598274830608139,
        "s_AB_at_A": 0.14252192813739223,
        "s_AB_at_B": 0.14252192813739223,
        "s_AB_noise_max": 0.05220577019026172
      },
      {
        "cos": 0.4,
        "s_A_at_A": 0.17677669529663695,
        "s_A_at_B": 0.07071067811865477,
        "s_A_noise_max": 0.06993061823245199,
        "s_B_at_A": 0.07071067811865477,
        "s_B_at_B": 0.17677669529663684,
        "s_B_noise_max": 0.10013962777255313,
        "s_AB_at_A": 0.1479019945774904,
        "s_AB_at_B": 0.1479019945774904,
        "s_AB_noise_max": 0.10163641181086022
      },
      {
        "cos": 0.5,
        "s_A_at_A": 0.17677669529663684,
        "s_A_at_B": 0.08838834764831843,
        "s_A_noise_max": 0.07664116839079496,
        "s_B_at_A": 0.08838834764831843,
        "s_B_at_B": 0.17677669529663687,
        "s_B_noise_max": 0.07482378028784224,
        "s_AB_at_A": 0.15309310892394865,
        "s_AB_at_B": 0.15309310892394865,
        "s_AB_noise_max": 0.07786574430226714
      },
      {
        "cos": 0.6000000000000001,
        "s_A_at_A": 0.17677669529663687,
        "s_A_at_B": 0.10606601717798216,
        "s_A_noise_max": 0.062372213896192005,
        "s_B_at_A": 0.10606601717798216,
        "s_B_at_B": 0.17677669529663684,
        "s_B_noise_max": 0.06110826101982146,
        "s_AB_at_A": 0.15811388300841897,
        "s_AB_at_B": 0.15811388300841894,
        "s_AB_noise_max": 0.061178894730409536
      },
      {
        "cos": 0.7000000000000001,
        "s_A_at_A": 0.17677669529663692,
        "s_A_at_B": 0.12374368670764582,
        "s_A_noise_max": 0.07509300991931432,
        "s_B_at_A": 0.12374368670764582,
        "s_B_at_B": 0.17677669529663687,
        "s_B_noise_max": 0.05987599537788935,
        "s_AB_at_A": 0.16298006013006622,
        "s_AB_at_B": 0.16298006013006616,
        "s_AB_noise_max": 0.07319722027612754
      },
      {
        "cos": 0.8,
        "s_A_at_A": 0.17677669529663692,
        "s_A_at_B": 0.1414213562373095,
        "s_A_noise_max": 0.07780282094139451,
        "s_B_at_A": 0.1414213562373095,
        "s_B_at_B": 0.17677669529663684,
        "s_B_noise_max": 0.06694464647993212,
        "s_AB_at_A": 0.16770509831248426,
        "s_AB_at_B": 0.16770509831248417,
        "s_AB_noise_max": 0.0612278831160747
      },
      {
        "cos": 0.9,
        "s_A_at_A": 0.17677669529663692,
        "s_A_at_B": 0.1590990257669732,
        "s_A_noise_max": 0.07325569683269012,
        "s_B_at_A": 0.1590990257669732,
        "s_B_at_B": 0.17677669529663692,
        "s_B_noise_max": 0.059709939238451665,
        "s_AB_at_A": 0.1723006094011278,
        "s_AB_at_B": 0.17230060940112776,
        "s_AB_noise_max": 0.06802627864552925
      },
      {
        "cos": 1.0,
        "s_A_at_A": 0.17677669529663684,
        "s_A_at_B": 0.17677669529663684,
        "s_A_noise_max": 0.05239858773179886,
        "s_B_at_A": 0.17677669529663684,
        "s_B_at_B": 0.17677669529663684,
        "s_B_noise_max": 0.05239858773179886,
        "s_AB_at_A": 0.17677669529663684,
        "s_AB_at_B": 0.17677669529663684,
        "s_AB_noise_max": 0.05239858773179886
      }
    ],
    "model_config": {
      "d": 32,
      "n": 64,
      "seed": 0
    }
  }
}