{
  "goal": "attention_shift_by_k",
  "attempt": "pass_2",
  "run_id": "20260613T151329Z",
  "metrics": {
    "version": 1,
    "shift_mass_k_1": 0.9985945801445264,
    "shift_argmax_acc_k_1": 1.0,
    "mean_head_mass_k_1": 0.4998232591647004,
    "linear_baseline_mass_k_1": 0.03125,
    "shift_lift_k_1": 0.9985492440201563,
    "shift_mass_canonical": 0.9985945801445264,
    "shift_argmax_acc_canonical": 1.0,
    "lift_over_baseline_canonical": 0.9673445801445264,
    "shift_mass_k_2": 0.9985945801445264,
    "shift_argmax_acc_k_2": 1.0,
    "mean_head_mass_k_2": 0.4993199581344483,
    "linear_baseline_mass_k_2": 0.03125,
    "shift_lift_k_2": 0.9985492440201563,
    "shift_mass_k_3": 4.5336124370208604e-05,
    "shift_argmax_acc_k_3": 0.0,
    "mean_head_mass_k_3": 4.5336124370208604e-05,
    "linear_baseline_mass_k_3": 0.03125,
    "shift_lift_k_3": 0.0,
    "shift_mass_k_4": 4.5336124370208604e-05,
    "shift_argmax_acc_k_4": 0.0,
    "mean_head_mass_k_4": 4.5336124370208604e-05,
    "linear_baseline_mass_k_4": 0.03125,
    "shift_lift_k_4": 0.0,
    "shift_mass_k_8": 4.533612437020861e-05,
    "shift_argmax_acc_k_8": 0.0,
    "mean_head_mass_k_8": 4.533612437020861e-05,
    "linear_baseline_mass_k_8": 0.03125,
    "shift_lift_k_8": 0.0,
    "shift_robustness": 0.3994196976080625,
    "uniform_baseline": 0.03125
  },
  "payload": {
    "version": 1,
    "model_name": "unknown",
    "seq_len": 32,
    "batch_size": 8,
    "vocab_size": 64,
    "num_heads": 2,
    "k_values": [
      1,
      2,
      3,
      4,
      8
    ],
    "canonical_k": 1,
    "uniform_baseline": 0.03125,
    "sweep": [
      {
        "k": 1,
        "best_head_index": 0,
        "best_head_mass": 0.9985945801445264,
        "best_head_argmax_acc": 1.0,
        "mean_head_mass": 0.4998232591647004,
        "uniform_baseline": 0.03125
      },
      {
        "k": 2,
        "best_head_index": 1,
        "best_head_mass": 0.9985945801445264,
        "best_head_argmax_acc": 1.0,
        "mean_head_mass": 0.4993199581344483,
        "uniform_baseline": 0.03125
      },
      {
        "k": 3,
        "best_head_index": 0,
        "best_head_mass": 4.5336124370208604e-05,
        "best_head_argmax_acc": 0.0,
        "mean_head_mass": 4.5336124370208604e-05,
        "uniform_baseline": 0.03125
      },
      {
        "k": 4,
        "best_head_index": 0,
        "best_head_mass": 4.5336124370208604e-05,
        "best_head_argmax_acc": 0.0,
        "mean_head_mass": 4.5336124370208604e-05,
        "uniform_baseline": 0.03125
      },
      {
        "k": 8,
        "best_head_index": 0,
        "best_head_mass": 4.533612437020861e-05,
        "best_head_argmax_acc": 0.0,
        "mean_head_mass": 4.533612437020861e-05,
        "uniform_baseline": 0.03125
      }
    ]
  }
}