{
  "goal": "attention_or",
  "attempt": "first_pass",
  "run_id": "20260613T151146Z",
  "metrics": {
    "version": 1,
    "or_sharpness_cos_0p0": 0.7071067094802856,
    "linear_baseline_sharpness_cos_0p0": 0.9999999981373549,
    "or_noise_leakage_cos_0p0": 0.519129782129431,
    "or_sharpness_cos_0p1": 0.7416198253631592,
    "linear_baseline_sharpness_cos_0p1": 1.0999999344348907,
    "or_noise_leakage_cos_0p1": 0.44493127324527043,
    "or_sharpness_cos_0p2": 0.774596631526947,
    "linear_baseline_sharpness_cos_0p2": 1.2000000029802322,
    "or_noise_leakage_cos_0p2": 0.45849090940570153,
    "or_sharpness_cos_0p3": 0.8062257766723633,
    "linear_baseline_sharpness_cos_0p3": 1.300000011920929,
    "or_noise_leakage_cos_0p3": 0.36629990010515867,
    "or_sharpness_cos_0p4": 0.8366600275039673,
    "linear_baseline_sharpness_cos_0p4": 1.4000000357627869,
    "or_noise_leakage_cos_0p4": 0.6871875451045699,
    "or_sharpness_cos_0p5": 0.866025447845459,
    "linear_baseline_sharpness_cos_0p5": 1.5,
    "or_noise_leakage_cos_0p5": 0.5086168508529133,
    "or_sharpness_cos_0p6": 0.8944271802902222,
    "linear_baseline_sharpness_cos_0p6": 1.600000023841858,
    "or_noise_leakage_cos_0p6": 0.38692925409364615,
    "or_sharpness_cos_0p7": 0.9219544529914856,
    "linear_baseline_sharpness_cos_0p7": 1.7000000476837158,
    "or_noise_leakage_cos_0p7": 0.44911761695839797,
    "or_sharpness_cos_0p8": 0.9486832618713379,
    "linear_baseline_sharpness_cos_0p8": 1.800000011920929,
    "or_noise_leakage_cos_0p8": 0.36509255563994164,
    "or_sharpness_cos_0p9": 0.9746794700622559,
    "linear_baseline_sharpness_cos_0p9": 1.8999999165534973,
    "or_noise_leakage_cos_0p9": 0.39481160817416006,
    "or_sharpness_cos_1p0": 1.0,
    "linear_baseline_sharpness_cos_1p0": 2.0,
    "or_noise_leakage_cos_1p0": 0.2964111566543579,
    "or_sharpness_canonical": 0.7071067094802856,
    "lift_over_linear_canonical": -0.2928932886570692,
    "superposition_robustness": 1.0
  },
  "payload": {
    "version": 1,
    "canonical_cos": 0.0,
    "sweep": [
      {
        "cos": 0.0,
        "s_A_at_A": 1.0,
        "s_A_at_B": -1.862645149230957e-09,
        "s_A_noise_max": 0.3442959189414978,
        "s_B_at_A": -1.862645149230957e-09,
        "s_B_at_B": 1.0,
        "s_B_noise_max": 0.40961527824401855,
        "s_AB_at_A": 0.7071067094802856,
        "s_AB_at_B": 0.7071067094802856,
        "s_AB_noise_max": 0.3670801520347595
      },
      {
        "cos": 0.1,
        "s_A_at_A": 0.9999999403953552,
        "s_A_at_B": 0.09999999403953552,
        "s_A_noise_max": 0.33412185311317444,
        "s_B_at_A": 0.09999999403953552,
        "s_B_at_B": 1.0,
        "s_B_noise_max": 0.3404327630996704,
        "s_AB_at_A": 0.7416198253631592,
        "s_AB_at_B": 0.7416198253631592,
        "s_AB_noise_max": 0.3299698531627655
      },
      {
        "cos": 0.2,
        "s_A_at_A": 1.0,
        "s_A_at_B": 0.20000000298023224,
        "s_A_noise_max": 0.39202478528022766,
        "s_B_at_A": 0.20000000298023224,
        "s_B_at_B": 1.0,
        "s_B_noise_max": 0.3218618929386139,
        "s_AB_at_A": 0.774596631526947,
        "s_AB_at_B": 0.774596631526947,
        "s_AB_noise_max": 0.35514551401138306
      },
      {
        "cos": 0.30000000000000004,
        "s_A_at_A": 1.0,
        "s_A_at_B": 0.30000001192092896,
        "s_A_noise_max": 0.322318434715271,
        "s_B_at_A": 0.30000001192092896,
        "s_B_at_B": 1.0,
        "s_B_noise_max": 0.37325477600097656,
        "s_AB_at_A": 0.8062257766723633,
        "s_AB_at_B": 0.8062257766723633,
        "s_AB_noise_max": 0.29532042145729065
      },
      {
        "cos": 0.4,
        "s_A_at_A": 1.0,
        "s_A_at_B": 0.40000003576278687,
        "s_A_noise_max": 0.39558732509613037,
        "s_B_at_A": 0.40000003576278687,
        "s_B_at_B": 1.0,
        "s_B_noise_max": 0.5664752721786499,
        "s_AB_at_A": 0.8366600275039673,
        "s_AB_at_B": 0.8366600275039673,
        "s_AB_noise_max": 0.5749423503875732
      },
      {
        "cos": 0.5,
        "s_A_at_A": 1.0,
        "s_A_at_B": 0.5,
        "s_A_noise_max": 0.43354788422584534,
        "s_B_at_A": 0.5,
        "s_B_at_B": 1.0,
        "s_B_noise_max": 0.4232672452926636,
        "s_AB_at_A": 0.866025447845459,
        "s_AB_at_B": 0.866025447845459,
        "s_AB_noise_max": 0.44047513604164124
      },
      {
        "cos": 0.6000000000000001,
        "s_A_at_A": 1.0,
        "s_A_at_B": 0.6000000238418579,
        "s_A_noise_max": 0.3528304994106293,
        "s_B_at_A": 0.6000000238418579,
        "s_B_at_B": 1.0,
        "s_B_noise_max": 0.34568047523498535,
        "s_AB_at_A": 0.8944271802902222,
        "s_AB_at_B": 0.8944272398948669,
        "s_AB_noise_max": 0.34608006477355957
      },
      {
        "cos": 0.7000000000000001,
        "s_A_at_A": 1.0,
        "s_A_at_B": 0.7000000476837158,
        "s_A_noise_max": 0.4247902035713196,
        "s_B_at_A": 0.7000000476837158,
        "s_B_at_B": 1.0,
        "s_B_noise_max": 0.3387097716331482,
        "s_AB_at_A": 0.9219544529914856,
        "s_AB_at_B": 0.9219544529914856,
        "s_AB_noise_max": 0.41406598687171936
      },
      {
        "cos": 0.8,
        "s_A_at_A": 1.0,
        "s_A_at_B": 0.800000011920929,
        "s_A_noise_max": 0.4401192367076874,
        "s_B_at_A": 0.800000011920929,
        "s_B_at_B": 1.0,
        "s_B_noise_max": 0.378696084022522,
        "s_AB_at_A": 0.9486832618713379,
        "s_AB_at_B": 0.9486832618713379,
        "s_AB_noise_max": 0.34635719656944275
      },
      {
        "cos": 0.9,
        "s_A_at_A": 1.0,
        "s_A_at_B": 0.8999999761581421,
        "s_A_noise_max": 0.41439682245254517,
        "s_B_at_A": 0.8999999761581421,
        "s_B_at_B": 0.9999999403953552,
        "s_B_noise_max": 0.3377704322338104,
        "s_AB_at_A": 0.9746794700622559,
        "s_AB_at_B": 0.9746794700622559,
        "s_AB_noise_max": 0.3848147690296173
      },
      {
        "cos": 1.0,
        "s_A_at_A": 1.0,
        "s_A_at_B": 1.0,
        "s_A_noise_max": 0.2964111566543579,
        "s_B_at_A": 1.0,
        "s_B_at_B": 1.0,
        "s_B_noise_max": 0.2964111566543579,
        "s_AB_at_A": 1.0,
        "s_AB_at_B": 1.0,
        "s_AB_noise_max": 0.2964111566543579
      }
    ],
    "model_config": {
      "d": 32,
      "n": 64,
      "seed": 0
    }
  }
}