{
  "goal": "attention_bipartite",
  "attempt": "first_pass",
  "run_id": "20260613T213124Z",
  "metrics": {
    "version": 1,
    "bipartite_score_canonical": 0.9799998309463263,
    "mean_attn_within_canonical": 0.9899998307228088,
    "mean_attn_cross_canonical": 0.009999999776482582,
    "row_entropy_mean_canonical": 2.1354429721832275,
    "linear_baseline_bipartite_score": 0.0,
    "random_baseline_bipartite_score": 0.0,
    "lift_over_baseline_canonical": 0.9799998309463263
  },
  "payload": {
    "version": 1,
    "config": {
      "n_per_group": 8,
      "seq_len": 16,
      "num_batches": 32,
      "temperature": 1.0
    },
    "sweep": [
      {
        "condition": "canonical",
        "mean_attn_within": 0.9899998307228088,
        "mean_attn_cross": 0.009999999776482582,
        "bipartite_score": 0.9799998309463263,
        "row_entropy_mean": 2.1354429721832275
      }
    ]
  }
}