{
  "goal": "attention_distance_compare",
  "attempt": "pass_3",
  "run_id": "20260613T161056Z",
  "metrics": {
    "version": 1,
    "distance_decay_slope_canonical": 0.533577817788492,
    "uniform_baseline_decay_slope": -0.0,
    "lift_over_uniform_decay_slope": 0.533577817788492,
    "local_attention_fraction_canonical": 0.7621263610425093,
    "attn_entropy_canonical": 3.024782023280636,
    "mean_attn_dist_0": 0.06509853369925636,
    "mean_attn_dist_1": 0.05416101861930463,
    "mean_attn_dist_2": 0.04626511184034316,
    "mean_attn_dist_3": 0.040477676955926425,
    "mean_attn_dist_4": 0.03507322909455059,
    "mean_attn_dist_6": 0.02905217922185722,
    "mean_attn_dist_9": 0.020778563143127638,
    "mean_attn_dist_13": 0.013449915721399435,
    "mean_attn_dist_24": 0.007658742922767052,
    "mean_attn_dist_48": 0.004304713458972846,
    "layer_head_decay_slope_layer0_head0": 3.7216733178782904,
    "layer_head_decay_slope_layer0_head1": 2.8965723371862127,
    "layer_head_decay_slope_layer0_head2": 1.7954235435721528,
    "layer_head_decay_slope_layer0_head3": 1.2322237276927124,
    "layer_head_decay_slope_layer0_head4": 0.8713376293567827,
    "layer_head_decay_slope_layer0_head5": 0.5439859688494438,
    "layer_head_decay_slope_layer0_head6": 0.2490591176626515,
    "layer_head_decay_slope_layer0_head7": 0.09912696427014216,
    "layer_head_decay_slope_layer1_head0": 2.9285425412956245,
    "layer_head_decay_slope_layer1_head1": 1.86848211859741,
    "layer_head_decay_slope_layer1_head2": 1.217115538056025,
    "layer_head_decay_slope_layer1_head3": 0.9873373299906338,
    "layer_head_decay_slope_layer1_head4": 0.6515571498942168,
    "layer_head_decay_slope_layer1_head5": 0.3959335057745969,
    "layer_head_decay_slope_layer1_head6": 0.21084528280930023,
    "layer_head_decay_slope_layer1_head7": 0.05409622761216515,
    "layer_head_decay_slope_layer2_head0": 1.8045209490063523,
    "layer_head_decay_slope_layer2_head1": 1.366146010080872,
    "layer_head_decay_slope_layer2_head2": 0.8798488478548814,
    "layer_head_decay_slope_layer2_head3": 0.6894191805149699,
    "layer_head_decay_slope_layer2_head4": 0.5202562896342215,
    "layer_head_decay_slope_layer2_head5": 0.2619905494871175,
    "layer_head_decay_slope_layer2_head6": 0.1348841790666005,
    "layer_head_decay_slope_layer2_head7": 0.021890528392800004,
    "layer_head_decay_slope_layer3_head0": 1.0643363475827108,
    "layer_head_decay_slope_layer3_head1": 0.865445951761379,
    "layer_head_decay_slope_layer3_head2": 0.5398334945461112,
    "layer_head_decay_slope_layer3_head3": 0.4284023926283573,
    "layer_head_decay_slope_layer3_head4": 0.30520002229879895,
    "layer_head_decay_slope_layer3_head5": 0.17687710239446883,
    "layer_head_decay_slope_layer3_head6": 0.09867663155612248,
    "layer_head_decay_slope_layer3_head7": 0.012060528777173368
  },
  "payload": {
    "version": 1,
    "canonical_config": {
      "seq_len": 64,
      "batch_size": 32,
      "n_layers": 4,
      "n_heads": 8,
      "vocab_size": 1000,
      "seed": 0,
      "distance_bin_edges": [
        0,
        1,
        2,
        3,
        4,
        5,
        7,
        11,
        17,
        33,
        64
      ]
    },
    "distance_bins": [
      0.5,
      1.5,
      2.5,
      3.5,
      4.5,
      6.0,
      9.0,
      13.5,
      24.5,
      48.0
    ],
    "mean_attn_per_bin": [
      0.06509853369925636,
      0.05416101861930463,
      0.04626511184034316,
      0.040477676955926425,
      0.03507322909455059,
      0.02905217922185722,
      0.020778563143127638,
      0.013449915721399435,
      0.007658742922767052,
      0.004304713458972846
    ],
    "uniform_baseline_per_bin": [
      0.015625,
      0.015625,
      0.015625,
      0.015625,
      0.015625,
      0.015625,
      0.015625,
      0.015625,
      0.015625,
      0.015625
    ],
    "mean_attn_per_layer_head_bin": [
      [
        [
          0.25581481087336266,
          0.13225044125960508,
          0.08434806941691673,
          0.05669391085761342,
          0.03971590103032912,
          0.02214841548837166,
          0.006767375235088308,
          0.0010196983416918836,
          1.3599426977297118e-05,
          9.078590370764779e-11
        ],
        [
          0.12173180329273509,
          0.11160950531388675,
          0.08557375389278553,
          0.07357960651966983,
          0.04922294323167702,
          0.030844648036542053,
          0.016020777097604175,
          0.003425194776597495,
          0.00019399574591885514,
          5.102711880779566e-09
        ],
        [
          0.10602556670845753,
          0.09002208387050535,
          0.07944372679870919,
          0.06270798674405507,
          0.05028336081756814,
          0.03673693077964309,
          0.019333471401642443,
          0.006860910310008901,
          0.0007857086508885225,
          4.8701130357826704e-06
        ],
        [
          0.08242321942237239,
          0.07796736333020358,
          0.06640180873812536,
          0.05302289387358836,
          0.04914709986357792,
          0.03824860876007884,
          0.023708021817561577,
          0.010558128273053075,
          0.001821874393328291,
          0.00012413902807614083
        ],
        [
          0.08488284432330398,
          0.053434503886252406,
          0.05710989616367904,
          0.049480573773481036,
          0.03630493138398468,
          0.03778330634368683,
          0.02334317365417465,
          0.01394999800322987,
          0.0048690104463723445,
          0.0005505152195094398
        ],
        [
          0.039415721678757926,
          0.045001901063108585,
          0.04207731555267783,
          0.03726852516817763,
          0.03911851271395973,
          0.02835705059817073,
          0.023429556360143978,
          0.017512642684875006,
          0.00874138422518385,
          0.002669900928104391
        ],
        [
          0.017170503584175056,
          0.026840344606791404,
          0.026581530691483418,
          0.02334549252103705,
          0.025785867647340418,
          0.022240830051973696,
          0.023145636488383352,
          0.01883651965754002,
          0.013082059102155891,
          0.006904203691512024
        ],
        [
          0.01363004284336779,
          0.01993824376530247,
          0.020073145770489402,
          0.021858304278720195,
          0.018992768030542114,
          0.01847129103563931,
          0.01789276167485984,
          0.015958447112917176,
          0.014624342962460405,
          0.012860772573686454
        ]
      ],
      [
        [
          0.1156605878539619,
          0.12581330576746289,
          0.0833331990684739,
          0.06761792704702294,
          0.04725968335546519,
          0.03328621979380918,
          0.01492237465216781,
          0.003069989653295102,
          0.0001712437559950745,
          4.778729401448747e-09
        ],
        [
          0.13654531958096616,
          0.09865852014415202,
          0.0778274816542102,
          0.062437781449626105,
          0.05022145938872279,
          0.03503287628184367,
          0.016306058405804826,
          0.005512485109465384,
          0.0005961298010313897,
          3.908413298384134e-06
        ],
        [
          0.0735918642472552,
          0.07541600599517667,
          0.06185210783169008,
          0.058183190324416476,
          0.04984115457656714,
          0.03620458445974919,
          0.026477692238000294,
          0.00968244815491586,
          0.0022345355235414057,
          0.00011972820190651359
        ],
        [
          0.12193735631438335,
          0.05510105746543595,
          0.05527910060976238,
          0.04878501612237235,
          0.040432718923438075,
          0.03381492968147409,
          0.02462519805775207,
          0.012122374324930752,
          0.004058736288193697,
          0.0002744822687104933
        ],
        [
