{
  "goal": "attention_polyeval",
  "attempt": "pass_2",
  "run_id": "20260613T223005Z",
  "metrics": {
    "version": 1,
    "poly_mse_degree_1": 0.2503454387187958,
    "poly_correlation_degree_1": 0.7294352054595947,
    "poly_r2_degree_1": 0.2458880100201155,
    "linear_baseline_mse_degree_1": 4.946838494390704e-09,
    "linear_baseline_correlation_degree_1": 1.0,
    "linear_baseline_r2_degree_1": 0.999999985098709,
    "nonlinear_lift_mse_degree_1": -0.2503454337719573,
    "nonlinear_lift_r2_degree_1": -0.7541119750785935,
    "poly_mse_degree_2": 0.21325606107711792,
    "poly_correlation_degree_2": 0.014089123345911503,
    "poly_r2_degree_2": -1.4112037610498698,
    "linear_baseline_mse_degree_2": 0.08844325691461563,
    "linear_baseline_correlation_degree_2": 0.0025245880242437124,
    "linear_baseline_r2_degree_2": 6.318062380050726e-06,
    "nonlinear_lift_mse_degree_2": -0.12481280416250229,
    "nonlinear_lift_r2_degree_2": -1.4112100791122497,
    "poly_mse_degree_3": 0.09674665331840515,
    "poly_correlation_degree_3": 0.681595504283905,
    "poly_r2_degree_3": 0.31717954604755927,
    "linear_baseline_mse_degree_3": 0.022799979895353317,
    "linear_baseline_correlation_degree_3": 0.9160141348838806,
    "linear_baseline_r2_degree_3": 0.8390818484334077,
    "nonlinear_lift_mse_degree_3": -0.07394667342305183,
    "nonlinear_lift_r2_degree_3": -0.5219023023858484,
    "poly_mse_canonical": 0.21325606107711792,
    "poly_correlation_canonical": 0.014089123345911503,
    "poly_r2_canonical": -1.4112037610498698,
    "linear_baseline_mse_canonical": 0.08844325691461563,
    "linear_baseline_correlation_canonical": 0.0025245880242437124,
    "linear_baseline_r2_canonical": 6.318062380050726e-06,
    "nonlinear_lift_mse_canonical": -0.12481280416250229,
    "nonlinear_lift_r2_canonical": -1.4112100791122497,
    "poly_eval_headline": -1.4112100791122497
  },
  "payload": {
    "version": 1,
    "config": {
      "seed": 42,
      "input_scale": 1.0,
      "degrees": [
        1,
        2,
        3
      ],
      "seq_len": 128,
      "d_model": 64,
      "n_heads": 4,
      "d_head": 16
    },
    "sweep": [
      {
        "degree": 1,
        "mse": 0.2503454387187958,
        "correlation": 0.7294352054595947,
        "variance_explained": 0.2458880100201155
      },
      {
        "degree": 2,
        "mse": 0.21325606107711792,
        "correlation": 0.014089123345911503,
        "variance_explained": -1.4112037610498698
      },
      {
        "degree": 3,
        "mse": 0.09674665331840515,
        "correlation": 0.681595504283905,
        "variance_explained": 0.31717954604755927
      }
    ],
    "linear_baseline": [
      {
        "degree": 1,
        "mse": 4.946838494390704e-09,
        "correlation": 1.0,
        "variance_explained": 0.999999985098709
      },
      {
        "degree": 2,
        "mse": 0.08844325691461563,
        "correlation": 0.0025245880242437124,
        "variance_explained": 6.318062380050726e-06
      },
      {
        "degree": 3,
        "mse": 0.022799979895353317,
        "correlation": 0.9160141348838806,
        "variance_explained": 0.8390818484334077
      }
    ]
  }
}