{
  "range_lens": [
    2,
    4,
    8,
    16,
    32
  ],
  "full": {
    "2": 0.0,
    "4": 0.0,
    "8": 0.0,
    "16": 0.0,
    "32": 0.0
  },
  "no_selection": {
    "2": 14.28015625,
    "4": 28.151875,
    "8": 33.1475,
    "16": 26.86,
    "32": 27.475
  },
  "no_scaling": {
    "2": 26.705,
    "4": 222.4153125,
    "8": 1161.9584375,
    "16": 5318.20458984375,
    "32": 22076.652270507813
  },
  "baseline": {
    "2": 14.275599999999999,
    "4": 28.107775,
    "8": 33.0991,
    "16": 26.846774999999997,
    "32": 24.567974999999997
  }
}