{"cos_sweep": [0.0, 0.2, 0.4, 0.6, 0.8, 1.0], "and_head": [0.9958732150123891, 0.9958157768221859, 0.9992120556802269, 0.9983920264262467, 0.9988420481268598, 0.99965909826059], "linear_baseline": [0.7678697930541383, 0.7638116483658888, 0.7942156407244182, 0.7790761515649935, 0.7763276180216159, 0.7837675979602678], "no_gate": [0.7505740727015155, 0.7500992537793593, 0.7643202203064476, 0.7633747057077241, 0.7620032563601824, 0.7708160288888457], "product_gate": [0.6471055526260437, 0.640792230435508, 0.6387339432300221, 0.6466164760556259, 0.6319044452883233, 8.673617379884035e-17]}