{"betas": [1.0, 2.0, 5.0, 10.0, 20.0, 50.0, 100.0, 300.0, 1000.0], "accuracy": [0.0, 0.0, 0.4733333333333333, 0.8966666666666668, 0.9866666666666667, 1.0, 1.0, 1.0, 1.0], "order_corr": [0.9426785714285713, 0.9766071428571426, 0.994285714285714, 0.9976785714285713, 0.999285714285714, 0.9994642857142855, 0.9999999999999998, 0.9999999999999998, 0.9999999999999998]}