{
  "beta": 1000.0,
  "distance_accuracy_canonical": 1.0,
  "order_correlation_canonical": 0.9999999999999998,
  "onehop_baseline_canonical": 0.22666666666666666,
  "distance_accuracy_per_n": {
    "8": 1.0,
    "16": 1.0,
    "32": 1.0,
    "64": 1.0
  }
}