{"L": 16, "p1": 10, "p2": 12, "tokens": [35, 8, 77, 96, 61, 20, 79, 74, 91, 71, 4, 30, 4, 110, 120, 1], "attn": [[1.0, 0.0, 0.0, 0.0, 0.0, 0.0, 0.0, 0.0, 0.0, 0.0, 0.0, 0.0, 0.0, 0.0, 0.0, 0.0], [1.0, 9.357622912219837e-14, 0.0, 0.0, 0.0, 0.0, 0.0, 0.0, 0.0, 0.0, 0.0, 0.0, 0.0, 0.0, 0.0, 0.0], [0.5, 0.5, 4.6788114561099187e-14, 0.0, 0.0, 0.0, 0.0, 0.0, 0.0, 0.0, 0.0, 0.0, 0.0, 0.0, 0.0, 0.0], [0.3333333432674408, 0.3333333432674408, 0.3333333432674408, 3.1192076374066124e-14, 0.0, 0.0, 0.0, 0.0, 0.0, 0.0, 0.0, 0.0, 0.0, 0.0, 0.0, 0.0], [0.25, 0.25, 0.25, 0.25, 2.3394057280549593e-14, 0.0, 0.0, 0.0, 0.0, 0.0, 0.0, 0.0, 0.0, 0.0, 0.0, 0.0], [0.20000000298023224, 0.20000000298023224, 0.20000000298023224, 0.20000000298023224, 0.20000000298023224, 1.8715245485626496e-14, 0.0, 0.0, 0.0, 0.0, 0.0, 0.0, 0.0, 0.0, 0.0, 0.0], [0.1666666716337204, 0.1666666716337204, 0.1666666716337204, 0.1666666716337204, 0.1666666716337204, 0.1666666716337204, 1.5596038187033062e-14, 0.0, 0.0, 0.0, 0.0, 0.0, 0.0, 0.0, 0.0, 0.0], [0.1428571492433548, 0.1428571492433548, 0.1428571492433548, 0.1428571492433548, 0.1428571492433548, 0.1428571492433548, 0.1428571492433548, 1.3368032368728505e-14, 0.0, 0.0, 0.0, 0.0, 0.0, 0.0, 0.0, 0.0], [0.125, 0.125, 0.125, 0.125, 0.125, 0.125, 0.125, 0.125, 1.1697028640274797e-14, 0.0, 0.0, 0.0, 0.0, 0.0, 0.0, 0.0], [0.1111111119389534, 0.1111111119389534, 0.1111111119389534, 0.1111111119389534, 0.1111111119389534, 0.1111111119389534, 0.1111111119389534, 0.1111111119389534, 0.1111111119389534, 1.039735907369969e-14, 0.0, 0.0, 0.0, 0.0, 0.0, 0.0], [0.10000000149011612, 0.10000000149011612, 0.10000000149011612, 0.10000000149011612, 0.10000000149011612, 0.10000000149011612, 0.10000000149011612, 0.10000000149011612, 0.10000000149011612, 0.10000000149011612, 9.357622742813248e-15, 0.0, 0.0, 0.0, 0.0, 0.0], [0.09090909361839294, 0.09090909361839294, 0.09090909361839294, 0.09090909361839294, 0.09090909361839294, 0.09090909361839294, 0.09090909361839294, 0.09090909361839294, 0.09090909361839294, 0.09090909361839294, 0.09090909361839294, 8.506929766193862e-15, 0.0, 0.0, 0.0, 0.0], [9.357622912219837e-14, 9.357622912219837e-14, 9.357622912219837e-14, 9.357622912219837e-14, 9.357622912219837e-14, 9.357622912219837e-14, 9.357622912219837e-14, 9.357622912219837e-14, 9.357622912219837e-14, 9.357622912219837e-14, 1.0, 9.357622912219837e-14, 8.75651089272076e-27, 0.0, 0.0, 0.0], [0.07692307978868484, 0.07692307978868484, 0.07692307978868484, 0.07692307978868484, 0.07692307978868484, 0.07692307978868484, 0.07692307978868484, 0.07692307978868484, 0.07692307978868484, 0.07692307978868484, 0.07692307978868484, 0.07692307978868484, 0.07692307978868484, 7.198171536094717e-15, 0.0, 0.0], [0.0714285746216774, 0.0714285746216774, 0.0714285746216774, 0.0714285746216774, 0.0714285746216774, 0.0714285746216774, 0.0714285746216774, 0.0714285746216774, 0.0714285746216774, 0.0714285746216774, 0.0714285746216774, 0.0714285746216774, 0.0714285746216774, 0.0714285746216774, 6.684016184364252e-15, 0.0], [0.06666667014360428, 0.06666667014360428, 0.06666667014360428, 0.06666667014360428, 0.06666667014360428, 0.06666667014360428, 0.06666667014360428, 0.06666667014360428, 0.06666667014360428, 0.06666667014360428, 0.06666667014360428, 0.06666667014360428, 0.06666667014360428, 0.06666667014360428, 0.06666667014360428, 6.238415444219814e-15]]}