{
  "goal": "attention_astar",
  "attempt": "first_pass",
  "run_id": "20260613T214509Z",
  "metrics": {
    "version": 1,
    "astar_alignment_canonical": 1.1301634262197135e-06,
    "greedy_alignment_canonical": 1.1301634262197135e-06,
    "astar_over_greedy_lift_canonical": 0.0,
    "astar_robustness": 0.6000007911133766,
    "linear_baseline_astar_alignment_canonical": 0.3333333333333333,
    "lift_over_linear_baseline_canonical": -0.3333322031699071,
    "astar_alignment_seed_0": 1.1301634262197135e-06,
    "astar_alignment_seed_1": 2.2603242979035742e-06,
    "astar_alignment_seed_2": 0.49999943491828686,
    "astar_alignment_seed_3": 0.5,
    "astar_alignment_seed_4": 0.49999943491828686,
    "astar_alignment_seed_5": 2.2603242979035742e-06,
    "astar_alignment_seed_6": 0.49999943491828686,
    "astar_alignment_seed_7": 0.49999943491828686,
    "astar_alignment_seed_8": 1.1301634262197135e-06,
    "astar_alignment_seed_9": 0.49999943491828686,
    "greedy_alignment_seed_0": 1.1301634262197135e-06,
    "greedy_alignment_seed_1": 2.2603242979035742e-06,
    "greedy_alignment_seed_2": 1.1301634262197135e-06,
    "greedy_alignment_seed_3": 0.5,
    "greedy_alignment_seed_4": 1.1301634262197135e-06,
    "greedy_alignment_seed_5": 2.2603242979035742e-06,
    "greedy_alignment_seed_6": 1.1301634262197135e-06,
    "greedy_alignment_seed_7": 1.1301634262197135e-06,
    "greedy_alignment_seed_8": 1.1301634262197135e-06,
    "greedy_alignment_seed_9": 1.1301634262197135e-06
  },
  "payload": {
    "version": 1,
    "canonical": {
      "seed": 0,
      "grid_shape": [
        8,
        8
      ],
      "obstacle_density": 0.2,
      "start": [
        0,
        0
      ],
      "goal": [
        7,
        7
      ],
      "agent_pos": [
        0,
        0
      ],
      "astar_action": 7,
      "greedy_action": 7,
      "model_logits": [
        0.0,
        0.0,
        0.0,
        0.0,
        -14.0,
        0.0,
        -14.0,
        -13.0,
        0.0
      ],
      "model_probs": [
        0.0,
        0.0,
        0.0,
        0.0,
        0.0,
        0.49999943491828686,
        0.0,
        1.1301634262197135e-06,
        0.49999943491828686
      ],
      "valid_mask": [
        false,
        false,
        false,
        false,
        false,
        true,
        false,
        true,
        true
      ]
    },
    "sweep": [
      {
        "seed": 0,
        "agent_pos": [
          0,
          0
        ],
        "astar_action": 7,
        "greedy_action": 7,
        "model_probs": [
          0.0,
          0.0,
          0.0,
          0.0,
          0.0,
          0.49999943491828686,
          0.0,
          1.1301634262197135e-06,
          0.49999943491828686
        ],
        "valid_mask": [
          false,
          false,
          false,
          false,
          false,
          true,
          false,
          true,
          true
        ]
      },
      {
        "seed": 1,
        "agent_pos": [
          0,
          0
        ],
        "astar_action": 7,
        "greedy_action": 7,
        "model_probs": [
          0.0,
          0.0,
          0.0,
          0.0,
          0.0,
          0.0,
          0.0,
          2.2603242979035742e-06,
          0.999997739675702
        ],
        "valid_mask": [
          false,
          false,
          false,
          false,
          false,
          false,
          false,
          true,
          true
        ]
      },
      {
        "seed": 2,
        "agent_pos": [
          0,
          0
        ],
        "astar_action": 5,
        "greedy_action": 7,
        "model_probs": [
          0.0,
          0.0,
          0.0,
          0.0,
          0.0,
          0.49999943491828686,
          0.0,
          1.1301634262197135e-06,
          0.49999943491828686
        ],
        "valid_mask": [
          false,
          false,
          false,
          false,
          false,
          true,
          false,
          true,
          true
        ]
      },
      {
        "seed": 3,
        "agent_pos": [
          0,
          0
        ],
        "astar_action": 7,
        "greedy_action": 7,
        "model_probs": [
          0.0,
          0.0,
          0.0,
          0.0,
          0.0,
          0.5,
          0.0,
          0.5,
          0.0
        ],
        "valid_mask": [
          false,
          false,
          false,
          false,
          false,
          true,
          false,
          true,
          false
        ]
      },
      {
        "seed": 4,
        "agent_pos": [
          0,
          0
        ],
        "astar_action": 5,
        "greedy_action": 7,
        "model_probs": [
          0.0,
          0.0,
          0.0,
          0.0,
          0.0,
          0.49999943491828686,
          0.0,
          1.1301634262197135e-06,
          0.49999943491828686
        ],
        "valid_mask": [
          false,
          false,
          false,
          false,
          false,
          true,
          false,
          true,
          true
        ]
      },
      {
        "seed": 5,
        "agent_pos": [
          0,
          0
        ],
        "astar_action": 7,
        "greedy_action": 7,
        "model_probs": [
          0.0,
          0.0,
          0.0,
          0.0,
          0.0,
          0.0,
          0.0,
          2.2603242979035742e-06,
          0.999997739675702
        ],
        "valid_mask": [
          false,
          false,
          false,
          false,
          false,
          false,
          false,
          true,
          true
        ]
      },
      {
        "seed": 6,
        "agent_pos": [
          0,
          0
        ],
        "astar_action": 5,
        "greedy_action": 7,
        "model_probs": [
          0.0,
          0.0,
          0.0,
          0.0,
          0.0,
          0.49999943491828686,
          0.0,
          1.1301634262197135e-06,
          0.49999943491828686
        ],
        "valid_mask": [
          false,
          false,
          false,
          false,
          false,
          true,
          false,
          true,
          true
        ]
      },
      {
        "seed": 7,
        "agent_pos": [
          0,
          0
        ],
        "astar_action": 5,
        "greedy_action": 7,
        "model_probs": [
          0.0,
          0.0,
          0.0,
          0.0,
          0.0,
          0.49999943491828686,
          0.0,
          1.1301634262197135e-06,
          0.49999943491828686
        ],
        "valid_mask": [
          false,
          false,
          false,
          false,
          false,
          true,
          false,
          true,
          true
        ]
      },
      {
        "seed": 8,
        "agent_pos": [
          0,
          0
        ],
        "astar_action": 7,
        "greedy_action": 7,
        "model_probs": [
          0.0,
          0.0,
          0.0,
          0.0,
          0.0,
          0.49999943491828686,
          0.0,
          1.1301634262197135e-06,
          0.49999943491828686
        ],
        "valid_mask": [
          false,
          false,
          false,
          false,
          false,
          true,
          false,
          true,
          true
        ]
      },
      {
        "seed": 9,
        "agent_pos": [
          0,
          0
        ],
        "astar_action": 5,
        "greedy_action": 7,
        "model_probs": [
          0.0,
          0.0,
          0.0,
          0.0,
          0.0,
          0.49999943491828686,
          0.0,
          1.1301634262197135e-06,
          0.49999943491828686
        ],
        "valid_mask": [
          false,
          false,
          false,
          false,
          false,
          true,
          false,
          true,
          true
        ]
      }
    ],
    "config": {
      "grid_size": 8,
      "obstacle_density": 0.2,
      "num_sweep_seeds": 10,
      "movement": "4-connected"
    }
  }
}