{
  "goal": "attention_histogram",
  "attempt": "pass_2",
  "run_id": "20260613T215622Z",
  "metrics": {
    "version": 1,
    "attention_sharpness_sim_0p0": 0.9457043502120258,
    "attention_entropy_sim_0p0": 0.15053950626881807,
    "target_hit_rate_sim_0p0": 0.75,
    "linear_baseline_sharpness_sim_0p0": 0.005632795041497524,
    "linear_baseline_hit_rate_sim_0p0": 0.8125,
    "attention_sharpness_sim_0p2": 0.8375060558021271,
    "attention_entropy_sim_0p2": 0.4505288771152828,
    "target_hit_rate_sim_0p2": 0.625,
    "linear_baseline_sharpness_sim_0p2": 0.00537076232907812,
    "linear_baseline_hit_rate_sim_0p2": 0.5,
    "attention_sharpness_sim_0p4": 0.7801618367654053,
    "attention_entropy_sim_0p4": 0.6095208121021451,
    "target_hit_rate_sim_0p4": 0.6875,
    "linear_baseline_sharpness_sim_0p4": 0.003731030360191033,
    "linear_baseline_hit_rate_sim_0p4": 0.5625,
    "attention_sharpness_sim_0p6": 0.5331372068223332,
    "attention_entropy_sim_0p6": 1.2944185151977625,
    "target_hit_rate_sim_0p6": 0.5625,
    "linear_baseline_sharpness_sim_0p6": 0.0030138141775669716,
    "linear_baseline_hit_rate_sim_0p6": 0.0625,
    "attention_sharpness_sim_0p8": 0.13754022402747113,
    "attention_entropy_sim_0p8": 2.391246248246882,
    "target_hit_rate_sim_0p8": 0.875,
    "linear_baseline_sharpness_sim_0p8": 0.0016338704558353581,
    "linear_baseline_hit_rate_sim_0p8": 0.0,
    "attention_sharpness_canonical": 0.9457043502120258,
    "target_hit_rate_canonical": 0.75,
    "lift_over_baseline_canonical": 0.9400715551705283,
    "histogram_robustness": 0.1454368101369469,
    "mean_target_hit_rate": 0.7
  },
  "payload": {
    "version": 1,
    "model_name": "iter_denoise_attn(b1=10,b2=12)",
    "d": 32,
    "n_positions": 16,
    "chance_hit_rate": 0.0625,
    "canonical_similarity": 0.0,
    "key_sim_sweep": [
      0.0,
      0.2,
      0.4,
      0.6,
      0.8
    ],
    "sweep": [
      {
        "similarity": 0.0,
        "attention_sharpness": 0.9457043502120258,
        "attention_entropy": 0.15053950626881807,
        "target_hit_rate": 0.75,
        "n_seeds": 16
      },
      {
        "similarity": 0.2,
        "attention_sharpness": 0.8375060558021271,
        "attention_entropy": 0.4505288771152828,
        "target_hit_rate": 0.625,
        "n_seeds": 16
      },
      {
        "similarity": 0.4,
        "attention_sharpness": 0.7801618367654053,
        "attention_entropy": 0.6095208121021451,
        "target_hit_rate": 0.6875,
        "n_seeds": 16
      },
      {
        "similarity": 0.6,
        "attention_sharpness": 0.5331372068223332,
        "attention_entropy": 1.2944185151977625,
        "target_hit_rate": 0.5625,
        "n_seeds": 16
      },
      {
        "similarity": 0.8,
        "attention_sharpness": 0.13754022402747113,
        "attention_entropy": 2.391246248246882,
        "target_hit_rate": 0.875,
        "n_seeds": 16
      }
    ],
    "linear_baseline": [
      {
        "similarity": 0.0,
        "attention_sharpness": 0.005632795041497524,
        "target_hit_rate": 0.8125,
        "n_seeds": 16
      },
      {
        "similarity": 0.2,
        "attention_sharpness": 0.00537076232907812,
        "target_hit_rate": 0.5,
        "n_seeds": 16
      },
      {
        "similarity": 0.4,
        "attention_sharpness": 0.003731030360191033,
        "target_hit_rate": 0.5625,
        "n_seeds": 16
      },
      {
        "similarity": 0.6,
        "attention_sharpness": 0.0030138141775669716,
        "target_hit_rate": 0.0625,
        "n_seeds": 16
      },
      {
        "similarity": 0.8,
        "attention_sharpness": 0.0016338704558353581,
        "target_hit_rate": 0.0,
        "n_seeds": 16
      }
    ]
  }
}