{
  "goal": "attention_knapsack",
  "attempt": "first_pass",
  "run_id": "20260613T213929Z",
  "metrics": {
    "version": 1,
    "knapsack_optimality_n_8_tau_0p3_rho_neg0p5": 0.8595494664542868,
    "knapsack_optimality_n_8_tau_0p3_rho_0p0": 0.7806765541971826,
    "knapsack_optimality_n_8_tau_0p3_rho_0p5": 0.8040773991802831,
    "knapsack_optimality_n_8_tau_0p5_rho_neg0p5": 0.873804933227659,
    "knapsack_optimality_n_8_tau_0p5_rho_0p0": 0.7726497696034206,
    "knapsack_optimality_n_8_tau_0p5_rho_0p5": 0.7874058822948121,
    "knapsack_optimality_n_8_tau_0p7_rho_neg0p5": 0.8944722040872318,
    "knapsack_optimality_n_8_tau_0p7_rho_0p0": 0.8354990543978288,
    "knapsack_optimality_n_8_tau_0p7_rho_0p5": 0.8397813654697824,
    "knapsack_optimality_n_10_tau_0p3_rho_neg0p5": 0.8337214935099015,
    "knapsack_optimality_n_10_tau_0p3_rho_0p0": 0.7322301851190068,
    "knapsack_optimality_n_10_tau_0p3_rho_0p5": 0.7081079913472822,
    "knapsack_optimality_n_10_tau_0p5_rho_neg0p5": 0.8599321785826883,
    "knapsack_optimality_n_10_tau_0p5_rho_0p0": 0.7548680553154943,
    "knapsack_optimality_n_10_tau_0p5_rho_0p5": 0.7574560894339315,
    "knapsack_optimality_n_10_tau_0p7_rho_neg0p5": 0.9059518208476913,
    "knapsack_optimality_n_10_tau_0p7_rho_0p0": 0.839324219123565,
    "knapsack_optimality_n_10_tau_0p7_rho_0p5": 0.7704704993293044,
    "knapsack_optimality_n_12_tau_0p3_rho_neg0p5": 0.783589089958915,
    "knapsack_optimality_n_12_tau_0p3_rho_0p0": 0.679840222398471,
    "knapsack_optimality_n_12_tau_0p3_rho_0p5": 0.6922187566788078,
    "knapsack_optimality_n_12_tau_0p5_rho_neg0p5": 0.839561712919137,
    "knapsack_optimality_n_12_tau_0p5_rho_0p0": 0.759056898602115,
    "knapsack_optimality_n_12_tau_0p5_rho_0p5": 0.7572747105158268,
    "knapsack_optimality_n_12_tau_0p7_rho_neg0p5": 0.9085106418099537,
    "knapsack_optimality_n_12_tau_0p7_rho_0p0": 0.8407346325110371,
    "knapsack_optimality_n_12_tau_0p7_rho_0p5": 0.7965902300800279,
    "knapsack_optimality_canonical": 0.7548680553154943,
    "lift_over_random_canonical": 0.5394715745183642,
    "lift_over_greedy_value_canonical": -23.08705924045702,
    "lift_over_greedy_ratio_canonical": -15.555974095008667,
    "random_baseline_optimality_canonical": 0.4677159299599397,
    "greedy_value_baseline_optimality_canonical": 0.9898230854070895,
    "greedy_ratio_baseline_optimality_canonical": 0.9851937467842252
  },
  "payload": {
    "version": 1,
    "canonical_condition": {
      "n_items": 10,
      "capacity_fraction": 0.5,
      "value_weight_corr": 0.0
    },
    "sweep": [
      {
        "n_items": 8,
        "capacity_fraction": 0.30000001192092896,
        "value_weight_corr": -0.5,
        "model_value": 185.06673430465162,
        "optimal_value": 215.30667114257812,
        "random_baseline_value": 102.30859375,
        "greedy_value_baseline": 214.9671630859375,
        "greedy_ratio_baseline": 214.4995574951172,
        "batch_size": 256
      },
      {
        "n_items": 8,
        "capacity_fraction": 0.30000001192092896,
        "value_weight_corr": 0.0,
        "model_value": 102.42605995573103,
        "optimal_value": 131.20166015625,
        "random_baseline_value": 59.977272033691406,
        "greedy_value_baseline": 130.1852569580078,
        "greedy_ratio_baseline": 128.6717529296875,
        "batch_size": 256
      },
      {
        "n_items": 8,
        "capacity_fraction": 0.30000001192092896,
        "value_weight_corr": 0.5,
        "model_value": 105.93884142115712,
        "optimal_value": 131.75204467773438,
        "random_baseline_value": 60.45557403564453,
        "greedy_value_baseline": 128.5573272705078,
        "greedy_ratio_baseline": 127.69239807128906,
        "batch_size": 256
      },
      {
        "n_items": 8,
        "capacity_fraction": 0.5,
        "value_weight_corr": -0.5,
        "model_value": 195.98331596329808,
        "optimal_value": 224.28726196289062,
        "random_baseline_value": 107.31790161132812,
        "greedy_value_baseline": 224.16163635253906,
        "greedy_ratio_baseline": 223.05564880371094,
        "batch_size": 256
      },
      {
        "n_items": 8,
        "capacity_fraction": 0.5,
        "value_weight_corr": 0.0,
        "model_value": 112.95057101361454,
        "optimal_value": 146.1859893798828,
        "random_baseline_value": 68.11032104492188,
        "greedy_value_baseline": 145.02178955078125,
        "greedy_ratio_baseline": 143.786865234375,
        "batch_size": 256
      },
      {
        "n_items": 8,
        "capacity_fraction": 0.5,
        "value_weight_corr": 0.5,
        "model_value": 138.3992594908923,
        "optimal_value": 175.76609802246094,
        "random_baseline_value": 81.8741455078125,
        "greedy_value_baseline": 174.21218872070312,
        "greedy_ratio_baseline": 172.39141845703125,
        "batch_size": 256
      },
      {
        "n_items": 8,
        "capacity_fraction": 0.699999988079071,
        "value_weight_corr": -0.5,
        "model_value": 203.81698925048113,
        "optimal_value": 227.86285400390625,
        "random_baseline_value": 110.39202880859375,
        "greedy_value_baseline": 227.6873321533203,
        "greedy_ratio_baseline": 227.38870239257812,
        "batch_size": 256
      },
      {
        "n_items": 8,
        "capacity_fraction": 0.699999988079071,
        "value_weight_corr": 0.0,
        "model_value": 135.75280069559813,
        "optimal_value": 162.48109436035156,
        "random_baseline_value": 77.3638916015625,
        "greedy_value_baseline": 162.0054473876953,
        "greedy_ratio_baseline": 160.83132934570312,
        "batch_size": 256
      },
      {
        "n_items": 8,
        "capacity_fraction": 0.699999988079071,
        "value_weight_corr": 0.5,
        "model_value": 173.4811774753034,
        "optimal_value": 206.5789794921875,
        "random_baseline_value": 98.51889038085938,
        "greedy_value_baseline": 204.7042999267578,
        "greedy_ratio_baseline": 203.1466064453125,
        "batch_size": 256
      },
      {
        "n_items": 10,
        "capacity_fraction": 0.30000001192092896,
        "value_weight_corr": -0.5,
        "model_value": 225.2417892254889,
        "optimal_value": 270.164306640625,
        "random_baseline_value": 127.59452819824219,
        "greedy_value_baseline": 269.317138671875,
        "greedy_ratio_baseline": 268.6040344238281,
        "batch_size": 256
      },
      {
        "n_items": 10,
        "capacity_fraction": 0.30000001192092896,
        "value_weight_corr": 0.0,
        "model_value": 121.42573293903843,
        "optimal_value": 165.8300018310547,
        "random_baseline_value": 75.88876342773438,
        "greedy_value_baseline": 163.93023681640625,
        "greedy_ratio_baseline": 163.45571899414062,
        "batch_size": 256
      },
      {
        "n_items": 10,
        "capacity_fraction": 0.30000001192092896,
        "value_weight_corr": 0.5,
        "model_value": 118.45124505087733,
        "optimal_value": 167.27850341796875,
        "random_baseline_value": 75.96897888183594,
        "greedy_value_baseline": 162.4044647216797,
        "greedy_ratio_baseline": 162.6231689453125,
        "batch_size": 256
      },
      {
        "n_items": 10,
        "capacity_fraction": 0.5,
        "value_weight_corr": -0.5,
        "model_value": 249.2321373000741,
        "optimal_value": 289.8276672363281,
        "random_baseline_value": 137.77134704589844,
        "greedy_value_baseline": 289.5750732421875,
        "greedy_ratio_baseline": 288.56097412109375,
        "batch_size": 256
      },
      {
        "n_items": 10,
        "capacity_fraction": 0.5,
        "value_weight_corr": 0.0,
        "model_value": 142.1988228019327,
        "optimal_value": 188.375732421875,
        "random_baseline_value": 88.10633087158203,
        "greedy_value_baseline": 186.45864868164062,
        "greedy_ratio_baseline": 185.5865936279297,