{"modulus": 97, "d_head": 128, "random_baseline_alignment": 0.015625, "freq": [1, 2, 3, 4, 5, 6, 7, 8, 9, 10, 11, 12, 13, 14, 15, 16, 17, 18, 19, 20, 21, 22, 23, 24, 25, 26, 27, 28, 29, 30, 31, 32, 33, 34, 35, 36, 37, 38, 39, 40, 41, 42, 43, 44, 45, 46, 47, 48], "add": {"alignment": [0.9999999999898865, 0.9999999999898346, 0.9999999999882137, 0.9999999999775511, 0.9999999999753761, 0.9999999999687628, 0.9999999999836389, 0.9999999999869378, 0.9999999999852789, 0.9999999999896391, 0.9999999999824808, 0.9999999999922689, 0.999999999988713, 0.9999999999909075, 0.9999999999881937, 0.9999999999828262, 0.9999999999877482, 0.9999999999862914, 0.9999999999869105, 0.9999999999885845, 0.9999999999866225, 0.9999999999872093, 0.9999999999825515, 0.9999999999871707, 0.9999999999874813, 0.9999999999890914, 0.9999999999904712, 0.9999999999886963, 0.9999999999861495, 0.9999999999857286, 0.9999999999885919, 0.9999999999883418, 0.9999999999826646, 0.9999999999841613, 0.9999999999867992, 0.9999999999855647, 0.9999999999892695, 0.9999999999879339, 0.9999999999896866, 0.9999999999864103, 0.9999999999892386, 0.9999999999919932, 0.9999999999886324, 0.9999999999929481, 0.9999999999925101, 0.999999999989459, 0.9999999999902205, 0.999999999991505], "phase_error": [1.5707963516918622, 1.570796266349751, 1.5707964455563102, 1.5707962314731214, 1.5707961645033348, 1.5707965993146822, 1.5707962359129617, 1.5707965324594397, 1.5707965484171602, 1.570796091969419, 1.5707962200379406, 1.5707961182413188, 1.5707961002581572, 1.5707959132707505, 1.570796196306473, 1.570796235336566, 1.5707967029948542, 1.5707963453651084, 1.5707954457569748, 1.5707960273271933, 1.5707960366448672, 1.5707955802310125, 1.5707964983816611, 1.570795557491311, 1.5707957583665617, 1.5707977489330252, 1.5707963532592264, 1.5707961364043492, 1.5707956135682746, 1.5707950350756001, 1.5707965809329332, 1.5707959241017406, 1.5707951619641536, 1.5707963755189072, 1.5707952132942642, 1.5707963296009044, 1.5707964460771364, 1.5707955353965233, 1.570796325062241, 1.5707950376341302, 1.5707956264664302, 1.5707972585935124, 1.5707943048643447, 1.5707963744478264, 1.570793931830342, 1.5707969383743412, 1.5707959712119763, 1.57079528211589], "explained_variance": [0.02083333334809419, 0.020833333298083484, 0.02083333331421438, 0.020833333340932663, 0.020833333314512176, 0.020833333247176282, 0.0208333333845913, 0.02083333327488648, 0.02083333344049497, 0.020833333308186444, 0.020833333331537404, 0.020833333263018637, 0.020833333399125065, 0.02083333337082961, 0.020833333401304582, 0.02083333330346869, 0.02083333320472472, 0.02083333342023122, 0.020833333494321815, 0.020833333311335328, 0.02083333334169748, 0.020833333357382185, 0.020833333565603032, 0.020833333291381182, 0.020833333234253914, 0.020833333296078855, 0.020833333242316194, 0.020833333349150586, 0.020833333453718343, 0.020833333345016445, 0.02083333331186407, 0.020833333270521504, 0.020833333282508103, 0.02083333325718403, 0.020833333372165926, 0.020833333424205246, 0.020833333206398685, 0.02083333338302536, 0.02083333328025969, 0.020833333234725217, 0.020833333172926082, 0.020833333380045733, 0.02083333331473392, 0.02083333330120651, 0.020833333457732837, 0.02083333342994037, 0.020833333297843246, 0.020833333375006355]}, "diff": {"alignment": [1.0, 0.9999999999999998, 1.0, 1.0, 1.0, 0.9999999999999997, 1.0, 0.9999999999999997, 1.0, 1.0, 1.0, 1.0, 0.9999999999999994, 1.0, 0.9999999999999998, 0.9999999999999998, 0.9999999999999998, 1.0, 0.9999999999999991, 0.9999999999999998, 0.9999999999999999, 0.9999999999999999, 0.9999999999999998, 1.0, 1.0, 1.0, 1.0, 0.9999999999999999, 0.9999999999999998, 1.0, 1.0, 0.9999999999999998, 1.0, 0.9999999999999993, 1.0, 0.9999999999999998, 1.0, 0.9999999999999996, 1.0, 1.0, 0.9999999999999998, 1.0, 0.9999999999999998, 0.9999999999999997, 1.0, 1.0, 1.0, 1.0], "phase_error": [4.4214247422037405e-10, 3.0419082112213145e-10, 5.099613762608869e-10, 3.081616336221745e-10, 1.937971108563973e-10, 5.068992307784392e-10, 3.4526487587012396e-10, 1.267340308866821e-10, 3.4720540299678106e-11, 3.939513725625212e-10, 1.350200590749389e-10, 3.6474565704322973e-10, 4.0521259692359856e-10, 3.982692250283801e-10, 2.4412436948590385e-10, 2.056066429092624e-10, 2.1671823000340496e-10, 2.6748950716531626e-10, 8.903644776320374e-11, 4.4074078346715976e-11, 1.5734953810241665e-10, 7.555537375102813e-10, 1.5044368694529534e-11, 5.025482561026869e-11, 2.7562381814269056e-10, 9.220989264350612e-12, 1.9681712087630004e-10, 1.9656837281442876e-10, 3.1358934782552787e-10, 4.1976631525572714e-10, 2.946777119688943e-10, 5.122348213649118e-10, 3.639642901369871e-10, 4.785161187989499e-10, 1.436135122833318e-10, 1.730225024564291e-10, 2.2241593561101397e-11, 5.643104162138197e-11, 5.032883831297039e-10, 5.072186093539487e-10, 3.1957111031296776e-10, 6.012076479570923e-10, 7.756249144188737e-11, 3.444124340268227e-10, 4.192668459523633e-11, 5.773877252848963e-10, 3.2362592914972643e-10, 5.077401874562959e-11]}, "rand": {"alignment": [0.11337346540638285, 0.12567093988651293, 0.10010843276956456, 0.07386080142207618, 0.09688881171480362, 0.06084140050286619, 0.14407721363855805, 0.11022684880234922, 0.1081976984301603, 0.12347139532616673, 0.12511119861980985, 0.055416724534653905, 0.1039617583878106, 0.10065264583390335, 0.09609064808799749, 0.09049478046367619, 0.13800857019194218, 0.18034733797577276, 0.07260806062678782, 0.11584122491156298, 0.10179004231681718, 0.11790466130557746, 0.10799135955115316, 0.10892440348895507, 0.05333856679837929, 0.1565636192781057, 0.0615607527206994, 0.11113028216289302, 0.11676900107030817, 0.10760563206870355, 0.07377829655359758, 0.06041915638361171, 0.07024355193161906, 0.1664596015533092, 0.1207904677635086, 0.10133954906865275, 0.1791035621927621, 0.10855679402357515, 0.14166680260913694, 0.035539465294572956, 0.08739729160200199, 0.20299689527872755, 0.11913449392580995, 0.12180203179510578, 0.06581413797602201, 0.030856080319325897, 0.12778627068369477, 0.17019380046309884], "phase_error": [1.5322011705230745, 1.5363992784039804, 1.4965924754862923, 1.5013770424225388, 1.618715914934647, 1.5776727176636272, 1.4687046181494392, 1.3844714145925214, 1.7029924045881144, 1.4686423145093712, 1.7810585812646875, 1.5986671924226363, 1.6354768291546704, 1.5773097520470047, 1.4595443779977637, 1.6556523062840942, 1.654419614068795, 1.7293161070442666, 1.5606405240118775, 1.5158832590176905, 1.586349259616035, 1.4387432291547866, 1.5756250927416677, 1.5602599367448193, 1.5633492839790368, 1.5321471511620437, 1.604417221399611, 1.5802194184790535, 1.5599162480230073, 1.5485911134921404, 1.555814840213585, 1.6180667118346859, 1.6378673852313888, 1.5252898435934945, 1.3865418393096962, 1.5002851625493416, 1.2797280009013023, 1.6255115787956562, 1.4971492305825438, 1.524578506841931, 1.6568731469061255, 1.5716667890295593, 1.4634613486772579, 1.3709002141905042, 1.481413051856778, 1.5305253416101399, 1.627457405081986, 1.4930785178965156]}, "operating_range": [{"modulus": 11, "mean_alignment": 0.999999999999844, "max_alignment": 0.9999999999998856, "mean_phase": 1.570796473653974}, {"modulus": 23, "mean_alignment": 0.9999999999990794, "max_alignment": 0.9999999999994647, "mean_phase": 1.5707965091119194}, {"modulus": 47, "mean_alignment": 0.9999999999977881, "max_alignment": 0.9999999999987601, "mean_phase": 1.5707963275322323}, {"modulus": 73, "mean_alignment": 0.9999999999937906, "max_alignment": 0.9999999999967918, "mean_phase": 1.570796324334796}, {"modulus": 97, "mean_alignment": 0.9999999999870238, "max_alignment": 0.9999999999929481, "mean_phase": 1.5707960355913932}, {"modulus": 113, "mean_alignment": 0.9999999999838431, "max_alignment": 0.9999999999914064, "mean_phase": 1.5707961242638875}], "max_alignment": 0.9999999999929481, "argmax_alignment_freq": 44, "total_explained_variance": 0.9999999999999606}