{
  "bars": {
    "full": 1.0,
    "ablated_head": 0.33251953125,
    "random": 0.3333333333333333
  },
  "per_position": {
    "full": [
      1.0,
      1.0,
      1.0,
      1.0,
      1.0,
      1.0,
      1.0,
      1.0,
      1.0,
      1.0,
      1.0,
      1.0,
      1.0,
      1.0,
      1.0,
      1.0,
      1.0,
      1.0,
      1.0,
      1.0,
      1.0,
      1.0,
      1.0,
      1.0,
      1.0,
      1.0,
      1.0,
      1.0,
      1.0,
      1.0,
      1.0,
      1.0,
      1.0,
      1.0,
      1.0,
      1.0,
      1.0,
      1.0,
      1.0,
      1.0,
      1.0,
      1.0,
      1.0,
      1.0,
      1.0,
      1.0,
      1.0,
      1.0,
      1.0,
      1.0,
      1.0,
      1.0,
      1.0,
      1.0,
      1.0,
      1.0,
      1.0,
      1.0,
      1.0,
      1.0,
      1.0,
      1.0,
      1.0,
      1.0
    ],
    "ablated_head": [
      1.0,
      0.25,
      0.2734375,
      0.40625,
      0.3828125,
      0.3125,
      0.4140625,
      0.359375,
      0.3125,
      0.2421875,
      0.296875,
      0.3984375,
      0.3203125,
      0.34375,
      0.3203125,
      0.3125,
      0.3046875,
      0.3359375,
      0.3671875,
      0.3671875,
      0.2890625,
      0.359375,
      0.3671875,
      0.375,
      0.3046875,
      0.34375,
      0.375,
      0.3515625,
      0.2578125,
      0.421875,
      0.34375,
      0.296875,
      0.265625,
      0.3515625,
      0.34375,
      0.328125,
      0.3984375,
      0.265625,
      0.3984375,
      0.3828125,
      0.3125,
      0.3984375,
      0.3203125,
      0.25,
      0.2578125,
      0.3046875,
      0.34375,
      0.34375,
      0.3125,
      0.3203125,
      0.359375,
      0.3125,
      0.328125,
      0.34375,
      0.375,
      0.265625,
      0.4140625,
      0.3359375,
      0.328125,
      0.3828125,
      0.2421875,
      0.2421875,
      0.390625,
      0.28125
    ]
  },
  "burnin": 16,
  "operating_range": {
    "lengths": [
      8,
      16,
      32,
      64,
      128,
      256,
      512,
      1024
    ],
    "full": [
      1.0,
      1.0,
      1.0,
      1.0,
      1.0,
      1.0,
      1.0,
      1.0
    ],
    "ablated_head": [
      0.3603515625,
      0.337890625,
      0.3291015625,
      0.3341471354166667,
      0.3304617745535714,
      0.3346354166666667,
      0.3343623991935484,
      0.3329264322916667
    ]
  },
  "per_state_recall": [
    1.0,
    1.0,
    1.0
  ],
  "transition_confusion": [
    [
      2089,
      0,
      0
    ],
    [
      0,
      2024,
      0
    ],
    [
      0,
      0,
      2031
    ]
  ],
  "robustness": 1.0,
  "note": "Z/3 permutation automaton: s0 unidentifiable from tokens; head computes prefix-sum."
}