{
  "sweep_fracs": [
    0.3,
    0.4,
    0.5,
    0.6,
    0.7
  ],
  "model_optimality": [
    0.9960486802592066,
    0.9959074136195908,
    0.9966771494689373,
    0.9979208841713629,
    0.998469700061212
  ],
  "baseline_optimality": [
    0.9880670143828039,
    0.9906742703790674,
    0.9918708835222215,
    0.9940909339607157,
    0.995664150173434
  ],
  "model_feasible": [
    1.0,
    1.0,
    1.0,
    1.0,
    1.0
  ],
  "model_value": [
    49.234375,
    57.984375,
    65.61328125,
    71.24609375,
    76.4609375
  ],
  "optimal_value": [
    49.4296875,
    58.22265625,
    65.83203125,
    71.39453125,
    76.578125
  ],
  "baseline_value": [
    48.83984375,
    57.6796875,
    65.296875,
    70.97265625,
    76.24609375
  ],
  "canonical_optimality": 0.9966771494689373,
  "baseline_canonical_optimality": 0.9918708835222215,
  "canonical_feasible": 1.0,
  "robustness": 0.9970047655160619
}