{"cos_0.0": {"S": [1.0005857944488525, 1.410584807395935, 1.201865315437317, -0.24608907103538513, -0.49265623092651367, 0.37175124883651733, 0.4884851276874542, 0.47826364636421204, -0.06590040028095245, 0.24593034386634827, -0.4096863865852356, -0.16600655019283295, 1.0131620168685913, 0.9262658357620239, 1.233493447303772, 0.5999114513397217, -0.17380288243293762, 0.4126420319080353, 1.4062819480895996, 1.5953935384750366, 0.5715929269790649, 0.8641653656959534, 0.4655930697917938, 0.520678699016571, -0.2967453598976135, 0.9615518450737, 0.12074784934520721, 1.093190312385559, 1.4476498365402222, 0.4841954708099365, 0.09415315091609955, 2.1844706535339355, -0.4132905602455139, 2.059105157852173, -0.16870777308940887, 0.43430817127227783, 0.6287909746170044, 0.5528882741928101, -1.0322803258895874, -0.16389460861682892, 0.7290588021278381, 1.530709981918335, -0.3160318434238434, 1.1805024147033691, 1.3948763608932495, 1.1354053020477295, -0.39923083782196045, 1.3124033212661743, 0.8993369340896606, 0.27471303939819336, 1.6469684839248657, -0.1420283019542694, 0.9822732210159302, -0.12252365797758102, 1.4198861122131348, -0.5419550538063049, 0.4830551743507385, 1.2032113075256348, -0.1375681757926941, -0.22445425391197205, 0.25264406204223633, 1.269820213317871, 0.602737307548523, -0.076748788356781, 0.5821532011032104, 1.0123679637908936, -0.03478771448135376, -0.14309696853160858, 0.4793052673339844, -0.44930148124694824, 0.9024561643600464, 0.5990585088729858, 2.9823203086853027, 0.5442460775375366, -0.021865546703338623, -0.10662797838449478, 1.2808188199996948, 0.17180198431015015, 2.4198079109191895, -0.11349189281463623, 1.3083975315093994, 0.6096242666244507, 0.3463534712791443, 0.8910052180290222, 1.0201301574707031, 0.631624698638916, -0.7186204195022583, 1.424798846244812, 1.1068229675292969, 1.9244195222854614, -0.3258836567401886, -0.13445568084716797, 1.969069004058838, 2.0589513778686523, 0.8954587578773499, -0.06312063336372375, 0.6427748799324036, -0.7867177724838257, 0.29877570271492004, 0.21492823958396912], "label_and": [0, 0, 0, 0, 0, 0, 0, 0, 0, 0, 0, 0, 0, 0, 0, 0, 0, 0, 0, 0, 0, 0, 0, 0, 0, 0, 0, 0, 0, 0, 0, 1, 0, 1, 0, 0, 0, 0, 0, 0, 0, 0, 0, 0, 0, 0, 0, 0, 0, 0, 1, 0, 0, 0, 0, 0, 0, 0, 0, 0, 0, 0, 0, 0, 0, 0, 0, 0, 0, 0, 0, 0, 1, 0, 0, 0, 0, 0, 1, 0, 0, 0, 0, 0, 0, 0, 0, 0, 0, 0, 0, 0, 1, 1, 0, 0, 0, 0, 0, 0], "threshold": 1.5}, "cos_1.0": {"S": [-0.3538534343242645, 0.10993555188179016, 0.05875024199485779, -0.5457258224487305, 0.19236160814762115, 0.4669978618621826, 0.09403762221336365, 0.20346097648143768, 1.6551954746246338, 0.08105042576789856, 0.8203167915344238, 1.043661117553711, 0.860977828502655, 0.15516670048236847, 0.9019951820373535, 0.7171643376350403, 0.1746409684419632, 0.4354574680328369, 0.14646165072917938, -0.7892700433731079, -0.05677546188235283, 0.21895846724510193, 1.132856845855713, 0.07137185335159302, 1.1092660427093506, 1.301483392715454, 1.2756894826889038, 0.29386669397354126, 0.5669205188751221, 0.059536177664995193, 0.5496491193771362, 2.1445116996765137, 0.8802447319030762, 1.4138908386230469, -0.19438956677913666, 0.9883460402488708, -0.4073875844478607, 0.9704424142837524, 0.04211091250181198, 0.9356029033660889, 1.5240302085876465, 0.9644663333892822, 0.9935921430587769, 0.6461563110351562, -0.039497196674346924, -0.12223974615335464, 0.33360570669174194, 0.3843955397605896, -0.0744638442993164, 0.13042373955249786, -0.1807490438222885, 1.9060407876968384, 0.859634518623352, 1.1203510761260986, 0.883460283279419, 0.2812120020389557, -0.7381104230880737, 0.7494692206382751, -0.22339855134487152, 0.6580941081047058, 1.3390984535217285, 0.4874490797519684, 2.500401496887207, 0.21139922738075256, -0.3755633533000946, 0.1907336711883545, 1.0706844329833984, 1.248941421508789, 0.896412193775177, 0.7502944469451904, 0.8569930195808411, 1.8115453720092773, 1.3340835571289062, -0.2634478807449341, -0.2540402412414551, -0.21742857992649078, 2.1986074447631836, 0.9537558555603027, 2.040433168411255, 0.16687601804733276, 0.22982195019721985, -0.08921565860509872, 1.0322240591049194, 0.825297474861145, 1.6337108612060547, -0.13946262001991272, 0.48205387592315674, 0.003064163029193878, -0.08581611514091492, 0.50718092918396, 0.046031273901462555, 0.8799643516540527, 0.27183759212493896, 0.7371371388435364, 0.5496171116828918, -0.023520592600107193, 2.0514638423919678, 0.8399968147277832, 0.6469704508781433, 1.014175295829773], "label_and": [0, 0, 0, 0, 0, 0, 0, 0, 1, 0, 0, 0, 0, 0, 0, 0, 0, 0, 0, 0, 0, 0, 0, 0, 0, 0, 0, 0, 0, 0, 0, 1, 0, 0, 0, 0, 0, 0, 0, 0, 0, 0, 0, 0, 0, 0, 0, 0, 0, 0, 0, 1, 0, 0, 0, 0, 0, 0, 0, 0, 0, 0, 1, 0, 0, 0, 0, 0, 0, 0, 0, 0, 0, 0, 0, 0, 1, 0, 1, 0, 0, 0, 0, 0, 1, 0, 0, 0, 0, 0, 0, 0, 0, 0, 0, 0, 1, 0, 0, 0], "threshold": 1.5}}