{
  "goal": "attention_argmin",
  "attempt": "pass_2",
  "run_id": "20260613T145514Z",
  "metrics": {
    "version": 1,
    "argmin_sharpness_canonical": 1.2067554473131894,
    "argmin_accuracy_canonical": 0.43,
    "argmin_attn_at_min_canonical": 0.018855553864268584,
    "linear_baseline_sharpness_canonical": 1.0,
    "linear_baseline_accuracy_canonical": 0.0,
    "lift_over_baseline_canonical": 0.2067554473131894,
    "argmin_sharpness_gap_0p05": 1.1478862571716308,
    "argmin_accuracy_gap_0p05": 0.525,
    "linear_baseline_sharpness_gap_0p05": 1.0,
    "lift_over_baseline_gap_0p05": 0.14788625717163084,
    "argmin_sharpness_gap_0p10": 1.1292048965394497,
    "argmin_accuracy_gap_0p10": 0.535,
    "linear_baseline_sharpness_gap_0p10": 1.0,
    "lift_over_baseline_gap_0p10": 0.12920489653944967,
    "argmin_sharpness_gap_0p20": 1.1064269384741783,
    "argmin_accuracy_gap_0p20": 0.455,
    "linear_baseline_sharpness_gap_0p20": 1.0,
    "lift_over_baseline_gap_0p20": 0.10642693847417828,
    "argmin_sharpness_gap_0p50": 1.2067554473131894,
    "argmin_accuracy_gap_0p50": 0.43,
    "linear_baseline_sharpness_gap_0p50": 1.0,
    "lift_over_baseline_gap_0p50": 0.2067554473131894,
    "argmin_sharpness_gap_1p00": 1.720717178955674,
    "argmin_accuracy_gap_1p00": 0.505,
    "linear_baseline_sharpness_gap_1p00": 1.0,
    "lift_over_baseline_gap_1p00": 0.7207171789556741,
    "argmin_sharpness_gap_2p00": 3.261265612989664,
    "argmin_accuracy_gap_2p00": 0.575,
    "linear_baseline_sharpness_gap_2p00": 1.0,
    "lift_over_baseline_gap_2p00": 2.261265612989664,
    "argmin_robustness": 0.33926305605629453,
    "worst_slice_sharpness": 1.1064269384741783
  },
  "payload": {
    "version": 1,
    "canonical": {
      "gap": 0.5,
      "sequences": 200,
      "seq_len": 64,
      "attn_at_min": 0.018855553864268584,
      "attn_at_others": 0.015573721362632655,
      "argmax_correct": 0.43
    },
    "sweep": [
      {
        "gap": 0.05,
        "sequences": 200,
        "seq_len": 64,
        "attn_at_min": 0.017935722768306732,
        "attn_at_others": 0.015588321921947812,
        "argmax_correct": 0.525
      },
      {
        "gap": 0.1,
        "sequences": 200,
        "seq_len": 64,
        "attn_at_min": 0.0176438265084289,
        "attn_at_others": 0.015592955141328276,
        "argmax_correct": 0.535
      },
      {
        "gap": 0.2,
        "sequences": 200,
        "seq_len": 64,
        "attn_at_min": 0.017287920913659036,
        "attn_at_others": 0.01559860443223327,
        "argmax_correct": 0.455
      },
      {
        "gap": 0.5,
        "sequences": 200,
        "seq_len": 64,
        "attn_at_min": 0.018855553864268584,
        "attn_at_others": 0.015573721362632655,
        "argmax_correct": 0.43
      },
      {
        "gap": 1.0,
        "sequences": 200,
        "seq_len": 64,
        "attn_at_min": 0.026886205921182408,
        "attn_at_others": 0.0154462506971322,
        "argmax_correct": 0.505
      },
      {
        "gap": 2.0,
        "sequences": 200,
        "seq_len": 64,
        "attn_at_min": 0.0509572752029635,
        "attn_at_others": 0.015064170280035347,
        "argmax_correct": 0.575
      }
    ],
    "linear_baseline": {
      "canonical": {
        "gap": 0.5,
        "sequences": 200,
        "seq_len": 64,
        "attn_at_min": 0.015625,
        "attn_at_others": 0.015625,
        "argmax_correct": 0.0
      },
      "sweep": [
        {
          "gap": 0.05,
          "sequences": 200,
          "seq_len": 64,
          "attn_at_min": 0.015625,
          "attn_at_others": 0.015625,
          "argmax_correct": 0.005
        },
        {
          "gap": 0.1,
          "sequences": 200,
          "seq_len": 64,
          "attn_at_min": 0.015625,
          "attn_at_others": 0.015625,
          "argmax_correct": 0.02
        },
        {
          "gap": 0.2,
          "sequences": 200,
          "seq_len": 64,
          "attn_at_min": 0.015625,
          "attn_at_others": 0.015625,
          "argmax_correct": 0.025
        },
        {
          "gap": 0.5,
          "sequences": 200,
          "seq_len": 64,
          "attn_at_min": 0.015625,
          "attn_at_others": 0.015625,
          "argmax_correct": 0.0
        },
        {
          "gap": 1.0,
          "sequences": 200,
          "seq_len": 64,
          "attn_at_min": 0.015625,
          "attn_at_others": 0.015625,
          "argmax_correct": 0.01
        },
        {
          "gap": 2.0,
          "sequences": 200,
          "seq_len": 64,
          "attn_at_min": 0.015625,
          "attn_at_others": 0.015625,
          "argmax_correct": 0.005
        }
      ]
    },
    "model_config": {
      "seq_len": 64,
      "key_dim": 32,
      "n_seq_per_gap": 200,
      "gaps": [
        0.05,
        0.1,
        0.2,
        0.5,
        1.0,
        2.0
      ],
      "canonical_gap": 0.5,
      "seed": 0
    }
  }
}