{
  "goal": "attention_or",
  "attempt": "pass_4",
  "run_id": "20260613T155605Z",
  "metrics": {
    "version": 1,
    "or_sharpness_cos_0p0": 0.982646047034624,
    "linear_baseline_sharpness_cos_0p0": 1.4999994933604892,
    "or_noise_leakage_cos_0p0": 0.8269842544607064,
    "or_sharpness_cos_0p1": 0.9826628565788269,
    "linear_baseline_sharpness_cos_0p1": 1.5499998331069946,
    "or_noise_leakage_cos_0p1": 0.790543497532413,
    "or_sharpness_cos_0p2": 0.9826635091299133,
    "linear_baseline_sharpness_cos_0p2": 1.5999996542929984,
    "or_noise_leakage_cos_0p2": 0.7865742912851263,
    "or_sharpness_cos_0p3": 0.9826686371963403,
    "linear_baseline_sharpness_cos_0p3": 1.6499995976686237,
    "or_noise_leakage_cos_0p3": 0.7400418343675668,
    "or_sharpness_cos_0p4": 0.9826026496658264,
    "linear_baseline_sharpness_cos_0p4": 1.699995529650043,
    "or_noise_leakage_cos_0p4": 0.8668242694065409,
    "or_sharpness_cos_0p5": 0.9826690275707093,
    "linear_baseline_sharpness_cos_0p5": 1.7500005513438515,
    "or_noise_leakage_cos_0p5": 0.7834718695246623,
    "or_sharpness_cos_0p6": 0.9826789203741869,
    "linear_baseline_sharpness_cos_0p6": 1.800006699619576,
    "or_noise_leakage_cos_0p6": 0.7209914187235295,
    "or_sharpness_cos_0p7": 0.9827314043438743,
    "linear_baseline_sharpness_cos_0p7": 1.8500521811406843,
    "or_noise_leakage_cos_0p7": 0.7415770513008935,
    "or_sharpness_cos_0p8": 0.9831255993358936,
    "linear_baseline_sharpness_cos_0p8": 1.900408137270751,
    "or_noise_leakage_cos_0p8": 0.6935201902438983,
    "or_sharpness_cos_0p9": 0.9861933166461545,
    "linear_baseline_sharpness_cos_0p9": 1.9529648282548728,
    "or_noise_leakage_cos_0p9": 0.6995438792988935,
    "or_sharpness_cos_1p0": 1.0,
    "linear_baseline_sharpness_cos_1p0": 2.0,
    "or_noise_leakage_cos_1p0": 0.6308770115751645,
    "or_sharpness_canonical": 0.982646047034624,
    "lift_over_linear_canonical": -0.5173534463258652,
    "superposition_robustness": 0.999955836214954
  },
  "payload": {
    "version": 1,
    "canonical_cos": 0.0,
    "sweep": [
      {
        "cos": 0.0,
        "s_A_at_A": 0.9999999403953552,
        "s_A_at_B": 0.4999997615814209,
        "s_A_noise_max": 0.6721479892730713,
        "s_B_at_A": 0.4999997317790985,
        "s_B_at_B": 0.9999996423721313,
        "s_B_noise_max": 0.7048075795173645,
        "s_AB_at_A": 0.982646107673645,
        "s_AB_at_B": 0.9826459884643555,
        "s_AB_noise_max": 0.8126328587532043
      },
      {
        "cos": 0.1,
        "s_A_at_A": 1.0,
        "s_A_at_B": 0.5499998927116394,
        "s_A_noise_max": 0.667060911655426,
        "s_B_at_A": 0.550000011920929,
        "s_B_at_B": 0.9999999403953552,
        "s_B_noise_max": 0.6702162623405457,
        "s_AB_at_A": 0.9826629757881165,
        "s_AB_at_B": 0.9826628565788269,
        "s_AB_noise_max": 0.7768378257751465
      },
      {
        "cos": 0.2,
        "s_A_at_A": 0.9999995231628418,
        "s_A_at_B": 0.5999995470046997,
        "s_A_noise_max": 0.6960120797157288,
        "s_B_at_A": 0.5999998450279236,
        "s_B_at_B": 0.9999998211860657,
        "s_B_noise_max": 0.6609309911727905,
        "s_AB_at_A": 0.9826633334159851,
        "s_AB_at_B": 0.9826633334159851,
        "s_AB_noise_max": 0.7729377150535583
      },
      {
        "cos": 0.30000000000000004,
        "s_A_at_A": 0.9999999403953552,
        "s_A_at_B": 0.6499997973442078,
        "s_A_noise_max": 0.661159098148346,
        "s_B_at_A": 0.6499997973442078,
        "s_B_at_B": 0.9999997019767761,
        "s_B_noise_max": 0.6866271495819092,
        "s_AB_at_A": 0.9826686978340149,
        "s_AB_at_B": 0.9826685786247253,
        "s_AB_noise_max": 0.7272159457206726
      },
      {
        "cos": 0.4,
        "s_A_at_A": 0.9999996423721313,
        "s_A_at_B": 0.6999997496604919,
        "s_A_noise_max": 0.6977934241294861,
        "s_B_at_A": 0.6999952793121338,
        "s_B_at_B": 0.9999951720237732,
        "s_B_noise_max": 0.7832370400428772,
        "s_AB_at_A": 0.9826022982597351,
        "s_AB_at_B": 0.9826022982597351,
        "s_AB_noise_max": 0.8517435193061829
      },
      {
        "cos": 0.5,
        "s_A_at_A": 0.9999983906745911,
        "s_A_at_B": 0.749999463558197,
        "s_A_noise_max": 0.7167726755142212,
        "s_B_at_A": 0.7499995827674866,
        "s_B_at_B": 0.9999982714653015,
        "s_B_noise_max": 0.7116323113441467,
        "s_AB_at_A": 0.9826675653457642,
        "s_AB_at_B": 0.9826674461364746,
        "s_AB_noise_max": 0.7698923945426941
      },
      {
        "cos": 0.6000000000000001,
        "s_A_at_A": 0.9999914169311523,
        "s_A_at_B": 0.7999998331069946,
        "s_A_noise_max": 0.676406741142273,
        "s_B_at_A": 0.7999998927116394,
        "s_B_at_B": 0.9999914169311523,
        "s_B_noise_max": 0.6728317737579346,
        "s_AB_at_A": 0.9826704859733582,
        "s_AB_at_B": 0.9826704859733582,
        "s_AB_noise_max": 0.7084969878196716
      },
      {
        "cos": 0.7000000000000001,
        "s_A_at_A": 0.9999376535415649,
        "s_A_at_B": 0.8499996066093445,
        "s_A_noise_max": 0.7123327851295471,
        "s_B_at_A": 0.8499998450279236,
        "s_B_at_B": 0.9999380111694336,
        "s_B_noise_max": 0.6692926287651062,
        "s_AB_at_A": 0.9826704859733582,
        "s_AB_at_B": 0.9826706051826477,
        "s_AB_noise_max": 0.7287259697914124
      },
      {
        "cos": 0.8,
        "s_A_at_A": 0.9995459914207458,
        "s_A_at_B": 0.8999995589256287,
        "s_A_noise_max": 0.7196056842803955,
        "s_B_at_A": 0.8999997973442078,
        "s_B_at_B": 0.999546229839325,
        "s_B_noise_max": 0.6888940930366516,
        "s_AB_at_A": 0.9826794862747192,
        "s_AB_at_B": 0.9826794862747192,
        "s_AB_noise_max": 0.6815080642700195
      },
      {
        "cos": 0.9,
        "s_A_at_A": 0.9968885779380798,
        "s_A_at_B": 0.9499998092651367,
        "s_A_noise_max": 0.7040250897407532,
        "s_B_at_A": 0.9499999284744263,
        "s_B_at_B": 0.9968886375427246,
        "s_B_noise_max": 0.6657120585441589,
        "s_AB_at_A": 0.9831249117851257,
        "s_AB_at_B": 0.9831249117851257,
        "s_AB_noise_max": 0.6877390146255493
      },
      {
        "cos": 1.0,
        "s_A_at_A": 0.9999998211860657,
        "s_A_at_B": 0.9999998211860657,
        "s_A_noise_max": 0.630876898765564,
        "s_B_at_A": 0.9999998211860657,
        "s_B_at_B": 0.9999998211860657,
        "s_B_noise_max": 0.630876898765564,
        "s_AB_at_A": 0.9999998211860657,
        "s_AB_at_B": 0.9999998211860657,
        "s_AB_noise_max": 0.630876898765564
      }
    ],
    "model_config": {
      "d": 32,
      "n": 64,
      "seed": 0
    }
  }
}