{
  "goal": "attention_argmin",
  "attempt": "pass_2",
  "run_id": "20260613T151300Z",
  "metrics": {
    "version": 1,
    "argmin_sharpness_canonical": 1.226700712069869,
    "argmin_accuracy_canonical": 0.45,
    "argmin_attn_at_min_canonical": 0.019167198626091703,
    "linear_baseline_sharpness_canonical": 1.0,
    "linear_baseline_accuracy_canonical": 0.0,
    "lift_over_baseline_canonical": 0.22670071206986897,
    "argmin_sharpness_gap_0p05": 1.1570567531883718,
    "argmin_accuracy_gap_0p05": 0.53,
    "linear_baseline_sharpness_gap_0p05": 1.0,
    "lift_over_baseline_gap_0p05": 0.15705675318837176,
    "argmin_sharpness_gap_0p10": 1.1633224312961101,
    "argmin_accuracy_gap_0p10": 0.53,
    "linear_baseline_sharpness_gap_0p10": 1.0,
    "lift_over_baseline_gap_0p10": 0.16332243129611013,
    "argmin_sharpness_gap_0p20": 1.1933489148318768,
    "argmin_accuracy_gap_0p20": 0.515,
    "linear_baseline_sharpness_gap_0p20": 1.0,
    "lift_over_baseline_gap_0p20": 0.19334891483187677,
    "argmin_sharpness_gap_0p50": 1.226700712069869,
    "argmin_accuracy_gap_0p50": 0.45,
    "linear_baseline_sharpness_gap_0p50": 1.0,
    "lift_over_baseline_gap_0p50": 0.22670071206986897,
    "argmin_sharpness_gap_1p00": 1.594413312971592,
    "argmin_accuracy_gap_1p00": 0.48,
    "linear_baseline_sharpness_gap_1p00": 1.0,
    "lift_over_baseline_gap_1p00": 0.5944133129715921,
    "argmin_sharpness_gap_2p00": 2.1759683248214423,
    "argmin_accuracy_gap_2p00": 0.445,
    "linear_baseline_sharpness_gap_2p00": 1.0,
    "lift_over_baseline_gap_2p00": 1.1759683248214423,
    "argmin_robustness": 0.5317433806318475,
    "worst_slice_sharpness": 1.1570567531883718
  },
  "payload": {
    "version": 1,
    "canonical": {
      "gap": 0.5,
      "sequences": 200,
      "seq_len": 64,
      "attn_at_min": 0.019167198626091703,
      "attn_at_others": 0.015568774570600085,
      "argmax_correct": 0.45
    },
    "sweep": [
      {
        "gap": 0.05,
        "sequences": 200,
        "seq_len": 64,
        "attn_at_min": 0.01807901176856831,
        "attn_at_others": 0.015586047388117997,
        "argmax_correct": 0.53
      },
      {
        "gap": 0.1,
        "sequences": 200,
        "seq_len": 64,
        "attn_at_min": 0.01817691298900172,
        "attn_at_others": 0.015584493422259888,
        "argmax_correct": 0.53
      },
      {
        "gap": 0.2,
        "sequences": 200,
        "seq_len": 64,
        "attn_at_min": 0.018646076794248075,
        "attn_at_others": 0.015577046373223382,
        "argmax_correct": 0.515
      },
      {
        "gap": 0.5,
        "sequences": 200,
        "seq_len": 64,
        "attn_at_min": 0.019167198626091703,
        "attn_at_others": 0.015568774570600085,
        "argmax_correct": 0.45
      },
      {
        "gap": 1.0,
        "sequences": 200,
        "seq_len": 64,
        "attn_at_min": 0.024912708015181126,
        "attn_at_others": 0.015477576017202366,
        "argmax_correct": 0.48
      },
      {
        "gap": 2.0,
        "sequences": 200,
        "seq_len": 64,
        "attn_at_min": 0.033999505075335036,
        "attn_at_others": 0.015333341171351513,
        "argmax_correct": 0.445
      }
    ],
    "linear_baseline": {
      "canonical": {
        "gap": 0.5,
        "sequences": 200,
        "seq_len": 64,
        "attn_at_min": 0.015625,
        "attn_at_others": 0.015625,
        "argmax_correct": 0.0
      },
      "sweep": [
        {
          "gap": 0.05,
          "sequences": 200,
          "seq_len": 64,
          "attn_at_min": 0.015625,
          "attn_at_others": 0.015625,
          "argmax_correct": 0.005
        },
        {
          "gap": 0.1,
          "sequences": 200,
          "seq_len": 64,
          "attn_at_min": 0.015625,
          "attn_at_others": 0.015625,
          "argmax_correct": 0.02
        },
        {
          "gap": 0.2,
          "sequences": 200,
          "seq_len": 64,
          "attn_at_min": 0.015625,
          "attn_at_others": 0.015625,
          "argmax_correct": 0.025
        },
        {
          "gap": 0.5,
          "sequences": 200,
          "seq_len": 64,
          "attn_at_min": 0.015625,
          "attn_at_others": 0.015625,
          "argmax_correct": 0.0
        },
        {
          "gap": 1.0,
          "sequences": 200,
          "seq_len": 64,
          "attn_at_min": 0.015625,
          "attn_at_others": 0.015625,
          "argmax_correct": 0.01
        },
        {
          "gap": 2.0,
          "sequences": 200,
          "seq_len": 64,
          "attn_at_min": 0.015625,
          "attn_at_others": 0.015625,
          "argmax_correct": 0.005
        }
      ]
    },
    "model_config": {
      "seq_len": 64,
      "key_dim": 32,
      "n_seq_per_gap": 200,
      "gaps": [
        0.05,
        0.1,
        0.2,
        0.5,
        1.0,
        2.0
      ],
      "canonical_gap": 0.5,
      "seed": 0
    }
  }
}