{
  "goal": "attention_induction",
  "attempt": "pass_4",
  "run_id": "20260613T161331Z",
  "metrics": {
    "version": 1,
    "induction_accuracy": 0.9995993589743589,
    "induction_ce_loss": 0.00027910913498300696,
    "uniform_baseline_accuracy": 0.0078125,
    "uniform_baseline_ce_loss": 4.852030263919617,
    "lift_over_uniform": 0.9917868589743589,
    "num_targets": 2496,
    "induction_accuracy_dist_16": 1.0,
    "induction_ce_loss_dist_16": 2.6176647661384385e-07,
    "num_targets_dist_16": 240,
    "induction_accuracy_dist_32": 1.0,
    "induction_ce_loss_dist_32": 2.617664766302585e-07,
    "num_targets_dist_32": 496,
    "induction_accuracy_dist_48": 0.9986702127659575,
    "induction_ce_loss_dist_48": 0.0009257977130084494,
    "num_targets_dist_48": 752,
    "induction_accuracy_dist_64": 1.0,
    "induction_ce_loss_dist_64": 2.6176647662243493e-07,
    "num_targets_dist_64": 1008,
    "induction_accuracy_canonical": 1.0,
    "distance_robustness": 1.0
  },
  "payload": {
    "version": 1,
    "model_name": "synthetic_induction",
    "vocab_size": 128,
    "seq_len": 192,
    "canonical_distance": 16,
    "sweep": [
      {
        "distance": 16,
        "num_targets": 240,
        "accuracy": 1.0,
        "ce_loss": 2.6176647661384385e-07,
        "uniform_baseline_accuracy": 0.0078125,
        "uniform_baseline_ce_loss": 4.852030263919617
      },
      {
        "distance": 32,
        "num_targets": 496,
        "accuracy": 1.0,
        "ce_loss": 2.617664766302585e-07,
        "uniform_baseline_accuracy": 0.0078125,
        "uniform_baseline_ce_loss": 4.852030263919617
      },
      {
        "distance": 48,
        "num_targets": 752,
        "accuracy": 0.9986702127659575,
        "ce_loss": 0.0009257977130084494,
        "uniform_baseline_accuracy": 0.0078125,
        "uniform_baseline_ce_loss": 4.852030263919617
      },
      {
        "distance": 64,
        "num_targets": 1008,
        "accuracy": 1.0,
        "ce_loss": 2.6176647662243493e-07,
        "uniform_baseline_accuracy": 0.0078125,
        "uniform_baseline_ce_loss": 4.852030263919617
      }
    ],
    "aggregate": {
      "accuracy": 0.9995993589743589,
      "ce_loss": 0.00027910913498300696,
      "num_targets": 2496,
      "uniform_baseline_accuracy": 0.0078125,
      "uniform_baseline_ce_loss": 4.852030263919617
    }
  }
}