{
  "goal": "attention_and",
  "attempt": "pass_4",
  "run_id": "20260613T161637Z",
  "metrics": {
    "version": 2,
    "and_sharpness_cos_0p0": 0.9907306235991854,
    "false_positive_rate_cos_0p0": 0.001098901098901099,
    "false_negative_rate_cos_0p0": 0.2977777777777778,
    "linear_baseline_sharpness_cos_0p0": 0.7678697930541383,
    "and_sharpness_cos_0p2": 0.9979255645493215,
    "false_positive_rate_cos_0p2": 0.0033213977034201756,
    "false_negative_rate_cos_0p2": 0.2962626262626263,
    "linear_baseline_sharpness_cos_0p2": 0.7638116483658888,
    "and_sharpness_cos_0p4": 0.9995358023506375,
    "false_positive_rate_cos_0p4": 0.0010638297872340426,
    "false_negative_rate_cos_0p4": 0.27261904761904765,
    "linear_baseline_sharpness_cos_0p4": 0.7942156407244182,
    "and_sharpness_cos_0p6": 0.9998824367513709,
    "false_positive_rate_cos_0p6": 0.0,
    "false_negative_rate_cos_0p6": 0.36566711066711066,
    "linear_baseline_sharpness_cos_0p6": 0.7790761515649935,
    "and_sharpness_cos_0p8": 0.9998968527195444,
    "false_positive_rate_cos_0p8": 0.0,
    "false_negative_rate_cos_0p8": 0.422521645021645,
    "linear_baseline_sharpness_cos_0p8": 0.7763276180216159,
    "and_sharpness_cos_1p0": 0.9999632361236717,
    "false_positive_rate_cos_1p0": 0.0,
    "false_negative_rate_cos_1p0": 0.4164646464646465,
    "linear_baseline_sharpness_cos_1p0": 0.7837675979602678,
    "and_sharpness_canonical": 0.9907306235991854,
    "lift_over_baseline_canonical": 0.22286083054504713,
    "superposition_robustness": 1.0
  },
  "payload": {
    "version": 2,
    "model_name": "synthetic_attention_and",
    "d": 64,
    "canonical_cosine": 0.0,
    "cos_AB_sweep": [
      0.0,
      0.2,
      0.4,
      0.6,
      0.8,
      1.0
    ],
    "sweep": [
      {
        "cosine": 0.0,
        "and_sharpness": 0.9907306235991854,
        "false_positive_rate": 0.001098901098901099,
        "false_negative_rate": 0.2977777777777778,
        "n_seeds": 10
      },
      {
        "cosine": 0.2,
        "and_sharpness": 0.9979255645493215,
        "false_positive_rate": 0.0033213977034201756,
        "false_negative_rate": 0.2962626262626263,
        "n_seeds": 10
      },
      {
        "cosine": 0.4,
        "and_sharpness": 0.9995358023506375,
        "false_positive_rate": 0.0010638297872340426,
        "false_negative_rate": 0.27261904761904765,
        "n_seeds": 10
      },
      {
        "cosine": 0.6,
        "and_sharpness": 0.9998824367513709,
        "false_positive_rate": 0.0,
        "false_negative_rate": 0.36566711066711066,
        "n_seeds": 10
      },
      {
        "cosine": 0.8,
        "and_sharpness": 0.9998968527195444,
        "false_positive_rate": 0.0,
        "false_negative_rate": 0.422521645021645,
        "n_seeds": 10
      },
      {
        "cosine": 1.0,
        "and_sharpness": 0.9999632361236717,
        "false_positive_rate": 0.0,
        "false_negative_rate": 0.4164646464646465,
        "n_seeds": 10
      }
    ],
    "linear_baseline": [
      {
        "cosine": 0.0,
        "and_sharpness": 0.7678697930541383,
        "n_seeds": 10
      },
      {
        "cosine": 0.2,
        "and_sharpness": 0.7638116483658888,
        "n_seeds": 10
      },
      {
        "cosine": 0.4,
        "and_sharpness": 0.7942156407244182,
        "n_seeds": 10
      },
      {
        "cosine": 0.6,
        "and_sharpness": 0.7790761515649935,
        "n_seeds": 10
      },
      {
        "cosine": 0.8,
        "and_sharpness": 0.7763276180216159,
        "n_seeds": 10
      },
      {
        "cosine": 1.0,
        "and_sharpness": 0.7837675979602678,
        "n_seeds": 10
      }
    ]
  }
}