{
  "goal": "attention_distance_compare",
  "attempt": "pass_2",
  "run_id": "20260613T144957Z",
  "metrics": {
    "version": 1,
    "distance_decay_slope_canonical": 1.7881965036571386,
    "uniform_baseline_decay_slope": -0.0,
    "lift_over_uniform_decay_slope": 1.7881965036571386,
    "local_attention_fraction_canonical": 0.9147171602218821,
    "attn_entropy_canonical": 2.351950644499637,
    "mean_attn_dist_0": 0.24920270397374794,
    "mean_attn_dist_1": 0.09239898349855269,
    "mean_attn_dist_2": 0.07037123552182095,
    "mean_attn_dist_3": 0.05408042424795783,
    "mean_attn_dist_4": 0.0417470681004443,
    "mean_attn_dist_6": 0.028711508201981182,
    "mean_attn_dist_9": 0.013931096009135228,
    "mean_attn_dist_13": 0.004209174954099535,
    "mean_attn_dist_24": 0.0004853027025510833,
    "mean_attn_dist_48": 7.237605165311472e-06,
    "layer_head_decay_slope_layer0_head0": 1.7881965036571381,
    "layer_head_decay_slope_layer0_head1": 1.7881965036571381,
    "layer_head_decay_slope_layer0_head2": 1.7881965036571381,
    "layer_head_decay_slope_layer0_head3": 1.7881965036571381,
    "layer_head_decay_slope_layer0_head4": 1.7881965036571381,
    "layer_head_decay_slope_layer0_head5": 1.7881965036571381,
    "layer_head_decay_slope_layer0_head6": 1.7881965036571381,
    "layer_head_decay_slope_layer0_head7": 1.7881965036571381,
    "layer_head_decay_slope_layer1_head0": 1.7881965036571381,
    "layer_head_decay_slope_layer1_head1": 1.7881965036571381,
    "layer_head_decay_slope_layer1_head2": 1.7881965036571381,
    "layer_head_decay_slope_layer1_head3": 1.7881965036571381,
    "layer_head_decay_slope_layer1_head4": 1.7881965036571381,
    "layer_head_decay_slope_layer1_head5": 1.7881965036571381,
    "layer_head_decay_slope_layer1_head6": 1.7881965036571381,
    "layer_head_decay_slope_layer1_head7": 1.7881965036571381,
    "layer_head_decay_slope_layer2_head0": 1.7881965036571381,
    "layer_head_decay_slope_layer2_head1": 1.7881965036571381,
    "layer_head_decay_slope_layer2_head2": 1.7881965036571381,
    "layer_head_decay_slope_layer2_head3": 1.7881965036571381,
    "layer_head_decay_slope_layer2_head4": 1.7881965036571381,
    "layer_head_decay_slope_layer2_head5": 1.7881965036571381,
    "layer_head_decay_slope_layer2_head6": 1.7881965036571381,
    "layer_head_decay_slope_layer2_head7": 1.7881965036571381,
    "layer_head_decay_slope_layer3_head0": 1.7881965036571381,
    "layer_head_decay_slope_layer3_head1": 1.7881965036571381,
    "layer_head_decay_slope_layer3_head2": 1.7881965036571381,
    "layer_head_decay_slope_layer3_head3": 1.7881965036571381,
    "layer_head_decay_slope_layer3_head4": 1.7881965036571381,
    "layer_head_decay_slope_layer3_head5": 1.7881965036571381,
    "layer_head_decay_slope_layer3_head6": 1.7881965036571381,
    "layer_head_decay_slope_layer3_head7": 1.7881965036571381
  },
  "payload": {
    "version": 1,
    "canonical_config": {
      "seq_len": 64,
      "batch_size": 32,
      "n_layers": 4,
      "n_heads": 8,
      "vocab_size": 1000,
      "seed": 0,
      "distance_bin_edges": [
        0,
        1,
        2,
        3,
        4,
        5,
        7,
        11,
        17,
        33,
        64
      ]
    },
    "distance_bins": [
      0.5,
      1.5,
      2.5,
      3.5,
      4.5,
      6.0,
      9.0,
      13.5,
      24.5,
      48.0
    ],
    "mean_attn_per_bin": [
      0.24920270397374794,
      0.09239898349855269,
      0.07037123552182095,
      0.05408042424795783,
      0.0417470681004443,
      0.028711508201981182,
      0.013931096009135228,
      0.004209174954099535,
      0.0004853027025510833,
      7.237605165311472e-06
    ],
    "uniform_baseline_per_bin": [
      0.015625,
      0.015625,
      0.015625,
      0.015625,
      0.015625,
      0.015625,
      0.015625,
      0.015625,
      0.015625,
      0.015625
    ],
    "mean_attn_per_layer_head_bin": [
      [
        [
          0.24920270397374786,
          0.09239898349855272,
          0.070371235521821,
          0.05408042424795786,
          0.04174706810044428,
          0.028711508201981168,
          0.013931096009135236,
          0.004209174954099538,
          0.0004853027025510833,
          7.237605165311477e-06
        ],
        [
          0.24920270397374786,
          0.09239898349855272,
          0.070371235521821,
          0.05408042424795786,
          0.04174706810044428,
          0.028711508201981168,
          0.013931096009135236,
          0.004209174954099538,
          0.0004853027025510833,
          7.237605165311477e-06
        ],
        [
          0.24920270397374786,
          0.09239898349855272,
          0.070371235521821,
          0.05408042424795786,
          0.04174706810044428,
          0.028711508201981168,
          0.013931096009135236,
          0.004209174954099538,
          0.0004853027025510833,
          7.237605165311477e-06
        ],
        [
          0.24920270397374786,
          0.09239898349855272,
          0.070371235521821,
          0.05408042424795786,
          0.04174706810044428,
          0.028711508201981168,
          0.013931096009135236,
          0.004209174954099538,
          0.0004853027025510833,
          7.237605165311477e-06
        ],
        [
          0.24920270397374786,
          0.09239898349855272,
          0.070371235521821,
          0.05408042424795786,
          0.04174706810044428,
          0.028711508201981168,
          0.013931096009135236,
          0.004209174954099538,
          0.0004853027025510833,
          7.237605165311477e-06
        ],
        [
          0.24920270397374786,
          0.09239898349855272,
          0.070371235521821,
          0.05408042424795786,
          0.04174706810044428,
          0.028711508201981168,
          0.013931096009135236,
          0.004209174954099538,
          0.0004853027025510833,
          7.237605165311477e-06
        ],
        [
          0.24920270397374786,
          0.09239898349855272,
          0.070371235521821,
          0.05408042424795786,
          0.04174706810044428,
          0.028711508201981168,
          0.013931096009135236,
          0.004209174954099538,
          0.0004853027025510833,
          7.237605165311477e-06
        ],
        [
          0.24920270397374786,
          0.09239898349855272,
          0.070371235521821,
          0.05408042424795786,
          0.04174706810044428,
          0.028711508201981168,
          0.013931096009135236,
          0.004209174954099538,
          0.0004853027025510833,
          7.237605165311477e-06
        ]
      ],
      [
        [
          0.24920270397374786,
          0.09239898349855272,
          0.070371235521821,
          0.05408042424795786,
          0.04174706810044428,
          0.028711508201981168,
          0.013931096009135236,
          0.004209174954099538,
          0.0004853027025510833,
          7.237605165311477e-06
        ],
        [
          0.24920270397374786,
          0.09239898349855272,
          0.070371235521821,
          0.05408042424795786,
          0.04174706810044428,
          0.028711508201981168,
          0.013931096009135236,
          0.004209174954099538,
          0.0004853027025510833,
          7.237605165311477e-06
        ],
        [
          0.24920270397374786,
          0.09239898349855272,
          0.070371235521821,
          0.05408042424795786,
          0.04174706810044428,
          0.028711508201981168,
          0.013931096009135236,
          0.004209174954099538,
          0.0004853027025510833,
          7.237605165311477e-06
        ],
        [
          0.24920270397374786,
          0.09239898349855272,
          0.070371235521821,
          0.05408042424795786,
          0.04174706810044428,
          0.028711508201981168,
          0.013931096009135236,
          0.004209174954099538,
          0.0004853027025510833,
          7.237605165311477e-06
        ],
        [
