{
  "goal": "attention_and",
  "attempt": "pass_5",
  "run_id": "20260613T155503Z",
  "metrics": {
    "version": 2,
    "and_sharpness_cos_0p0": 0.9958732150123891,
    "false_positive_rate_cos_0p0": 0.012943505631323968,
    "false_negative_rate_cos_0p0": 0.1791269841269841,
    "linear_baseline_sharpness_cos_0p0": 0.7678697930541383,
    "and_sharpness_cos_0p2": 0.9958157768221859,
    "false_positive_rate_cos_0p2": 0.005460239435231379,
    "false_negative_rate_cos_0p2": 0.12954545454545452,
    "linear_baseline_sharpness_cos_0p2": 0.7638116483658888,
    "and_sharpness_cos_0p4": 0.9992120556802269,
    "false_positive_rate_cos_0p4": 0.0032754622408019797,
    "false_negative_rate_cos_0p4": 0.13095238095238096,
    "linear_baseline_sharpness_cos_0p4": 0.7942156407244182,
    "and_sharpness_cos_0p6": 0.9983920264262467,
    "false_positive_rate_cos_0p6": 0.00339690003483107,
    "false_negative_rate_cos_0p6": 0.2030902430902431,
    "linear_baseline_sharpness_cos_0p6": 0.7790761515649935,
    "and_sharpness_cos_0p8": 0.9988420481268598,
    "false_positive_rate_cos_0p8": 0.002215422276621787,
    "false_negative_rate_cos_0p8": 0.146547619047619,
    "linear_baseline_sharpness_cos_0p8": 0.7763276180216159,
    "and_sharpness_cos_1p0": 0.99965909826059,
    "false_positive_rate_cos_1p0": 0.0010869565217391304,
    "false_negative_rate_cos_1p0": 0.11366161616161616,
    "linear_baseline_sharpness_cos_1p0": 0.7837675979602678,
    "and_sharpness_canonical": 0.9958732150123891,
    "lift_over_baseline_canonical": 0.22800342195825085,
    "superposition_robustness": 1.0
  },
  "payload": {
    "version": 2,
    "model_name": "synthetic_attention_and",
    "d": 64,
    "canonical_cosine": 0.0,
    "cos_AB_sweep": [
      0.0,
      0.2,
      0.4,
      0.6,
      0.8,
      1.0
    ],
    "sweep": [
      {
        "cosine": 0.0,
        "and_sharpness": 0.9958732150123891,
        "false_positive_rate": 0.012943505631323968,
        "false_negative_rate": 0.1791269841269841,
        "n_seeds": 10
      },
      {
        "cosine": 0.2,
        "and_sharpness": 0.9958157768221859,
        "false_positive_rate": 0.005460239435231379,
        "false_negative_rate": 0.12954545454545452,
        "n_seeds": 10
      },
      {
        "cosine": 0.4,
        "and_sharpness": 0.9992120556802269,
        "false_positive_rate": 0.0032754622408019797,
        "false_negative_rate": 0.13095238095238096,
        "n_seeds": 10
      },
      {
        "cosine": 0.6,
        "and_sharpness": 0.9983920264262467,
        "false_positive_rate": 0.00339690003483107,
        "false_negative_rate": 0.2030902430902431,
        "n_seeds": 10
      },
      {
        "cosine": 0.8,
        "and_sharpness": 0.9988420481268598,
        "false_positive_rate": 0.002215422276621787,
        "false_negative_rate": 0.146547619047619,
        "n_seeds": 10
      },
      {
        "cosine": 1.0,
        "and_sharpness": 0.99965909826059,
        "false_positive_rate": 0.0010869565217391304,
        "false_negative_rate": 0.11366161616161616,
        "n_seeds": 10
      }
    ],
    "linear_baseline": [
      {
        "cosine": 0.0,
        "and_sharpness": 0.7678697930541383,
        "n_seeds": 10
      },
      {
        "cosine": 0.2,
        "and_sharpness": 0.7638116483658888,
        "n_seeds": 10
      },
      {
        "cosine": 0.4,
        "and_sharpness": 0.7942156407244182,
        "n_seeds": 10
      },
      {
        "cosine": 0.6,
        "and_sharpness": 0.7790761515649935,
        "n_seeds": 10
      },
      {
        "cosine": 0.8,
        "and_sharpness": 0.7763276180216159,
        "n_seeds": 10
      },
      {
        "cosine": 1.0,
        "and_sharpness": 0.7837675979602678,
        "n_seeds": 10
      }
    ]
  }
}