{
  "goal": "attention_and",
  "attempt": "pass_4",
  "run_id": "20260613T162038Z",
  "metrics": {
    "version": 2,
    "and_sharpness_cos_0p0": 0.9994479977065194,
    "false_positive_rate_cos_0p0": 0.0,
    "false_negative_rate_cos_0p0": 0.4223809523809524,
    "linear_baseline_sharpness_cos_0p0": 0.7678697930541383,
    "and_sharpness_cos_0p2": 0.9998231934471983,
    "false_positive_rate_cos_0p2": 0.0,
    "false_negative_rate_cos_0p2": 0.631010101010101,
    "linear_baseline_sharpness_cos_0p2": 0.7638116483658888,
    "and_sharpness_cos_0p4": 0.9999797100363521,
    "false_positive_rate_cos_0p4": 0.0,
    "false_negative_rate_cos_0p4": 0.6254761904761904,
    "linear_baseline_sharpness_cos_0p4": 0.7942156407244182,
    "and_sharpness_cos_0p6": 0.9999990898740265,
    "false_positive_rate_cos_0p6": 0.0,
    "false_negative_rate_cos_0p6": 0.6694844044844045,
    "linear_baseline_sharpness_cos_0p6": 0.7790761515649935,
    "and_sharpness_cos_0p8": 0.999999997865908,
    "false_positive_rate_cos_0p8": 0.0,
    "false_negative_rate_cos_0p8": 0.7555916305916306,
    "linear_baseline_sharpness_cos_0p8": 0.7763276180216159,
    "and_sharpness_cos_1p0": 0.9999999999973841,
    "false_positive_rate_cos_1p0": 0.0,
    "false_negative_rate_cos_1p0": 0.7959848484848485,
    "linear_baseline_sharpness_cos_1p0": 0.7837675979602678,
    "and_sharpness_canonical": 0.9994479977065194,
    "lift_over_baseline_canonical": 0.2315782046523811,
    "superposition_robustness": 1.0
  },
  "payload": {
    "version": 2,
    "model_name": "synthetic_attention_and",
    "d": 64,
    "canonical_cosine": 0.0,
    "cos_AB_sweep": [
      0.0,
      0.2,
      0.4,
      0.6,
      0.8,
      1.0
    ],
    "sweep": [
      {
        "cosine": 0.0,
        "and_sharpness": 0.9994479977065194,
        "false_positive_rate": 0.0,
        "false_negative_rate": 0.4223809523809524,
        "n_seeds": 10
      },
      {
        "cosine": 0.2,
        "and_sharpness": 0.9998231934471983,
        "false_positive_rate": 0.0,
        "false_negative_rate": 0.631010101010101,
        "n_seeds": 10
      },
      {
        "cosine": 0.4,
        "and_sharpness": 0.9999797100363521,
        "false_positive_rate": 0.0,
        "false_negative_rate": 0.6254761904761904,
        "n_seeds": 10
      },
      {
        "cosine": 0.6,
        "and_sharpness": 0.9999990898740265,
        "false_positive_rate": 0.0,
        "false_negative_rate": 0.6694844044844045,
        "n_seeds": 10
      },
      {
        "cosine": 0.8,
        "and_sharpness": 0.999999997865908,
        "false_positive_rate": 0.0,
        "false_negative_rate": 0.7555916305916306,
        "n_seeds": 10
      },
      {
        "cosine": 1.0,
        "and_sharpness": 0.9999999999973841,
        "false_positive_rate": 0.0,
        "false_negative_rate": 0.7959848484848485,
        "n_seeds": 10
      }
    ],
    "linear_baseline": [
      {
        "cosine": 0.0,
        "and_sharpness": 0.7678697930541383,
        "n_seeds": 10
      },
      {
        "cosine": 0.2,
        "and_sharpness": 0.7638116483658888,
        "n_seeds": 10
      },
      {
        "cosine": 0.4,
        "and_sharpness": 0.7942156407244182,
        "n_seeds": 10
      },
      {
        "cosine": 0.6,
        "and_sharpness": 0.7790761515649935,
        "n_seeds": 10
      },
      {
        "cosine": 0.8,
        "and_sharpness": 0.7763276180216159,
        "n_seeds": 10
      },
      {
        "cosine": 1.0,
        "and_sharpness": 0.7837675979602678,
        "n_seeds": 10
      }
    ]
  }
}