{
  "goal": "attention_mst",
  "attempt": "pass_2",
  "run_id": "20260613T222549Z",
  "metrics": {
    "version": 1,
    "edge_f1_noise_0p0": 0.9636363636363636,
    "auroc_noise_0p0": 0.9937190082644628,
    "weight_ratio_noise_0p0": 1.0036010848127714,
    "baseline_edge_f1_noise_0p0": 1.0,
    "baseline_auroc_noise_0p0": 0.9838016528925619,
    "edge_f1_noise_0p1": 0.9090909090909092,
    "auroc_noise_0p1": 0.9808264462809916,
    "weight_ratio_noise_0p1": 1.0231458590986573,
    "baseline_edge_f1_noise_0p1": 0.9272727272727274,
    "baseline_auroc_noise_0p1": 0.9745454545454546,
    "edge_f1_noise_0p2": 0.7636363636363637,
    "auroc_noise_0p2": 0.9563636363636363,
    "weight_ratio_noise_0p2": 1.1808470349157922,
    "baseline_edge_f1_noise_0p2": 0.8181818181818181,
    "baseline_auroc_noise_0p2": 0.9639669421487603,
    "edge_f1_noise_0p3": 0.6363636363636364,
    "auroc_noise_0p3": 0.9199999999999999,
    "weight_ratio_noise_0p3": 1.1726856013893345,
    "baseline_edge_f1_noise_0p3": 0.6545454545454545,
    "baseline_auroc_noise_0p3": 0.9173553719008265,
    "edge_f1_noise_0p4": 0.6727272727272727,
    "auroc_noise_0p4": 0.9213223140495869,
    "weight_ratio_noise_0p4": 1.30764870424699,
    "baseline_edge_f1_noise_0p4": 0.6545454545454545,
    "baseline_auroc_noise_0p4": 0.9161983471074381,
    "edge_f1_noise_0p5": 0.5818181818181818,
    "auroc_noise_0p5": 0.9071074380165289,
    "weight_ratio_noise_0p5": 1.3537716081784752,
    "baseline_edge_f1_noise_0p5": 0.6181818181818182,
    "baseline_auroc_noise_0p5": 0.9038016528925621,
    "edge_f1_noise_0p6": 0.5454545454545454,
    "auroc_noise_0p6": 0.8879338842975206,
    "weight_ratio_noise_0p6": 1.4668280666244025,
    "baseline_edge_f1_noise_0p6": 0.5454545454545454,
    "baseline_auroc_noise_0p6": 0.883801652892562,
    "edge_f1_noise_0p7": 0.4909090909090909,
    "auroc_noise_0p7": 0.843305785123967,
    "weight_ratio_noise_0p7": 1.6734695480204873,
    "baseline_edge_f1_noise_0p7": 0.4909090909090909,
    "baseline_auroc_noise_0p7": 0.849090909090909,
    "edge_f1_noise_0p8": 0.43636363636363634,
    "auroc_noise_0p8": 0.8102479338842976,
    "weight_ratio_noise_0p8": 1.6965054750441158,
    "baseline_edge_f1_noise_0p8": 0.38181818181818183,
    "baseline_auroc_noise_0p8": 0.8095867768595042,
    "edge_f1_noise_0p9": 0.4545454545454545,
    "auroc_noise_0p9": 0.8462809917355371,
    "weight_ratio_noise_0p9": 1.6249101437372435,
    "baseline_edge_f1_noise_0p9": 0.509090909090909,
    "baseline_auroc_noise_0p9": 0.8461157024793389,
    "edge_f1_noise_1p0": 0.38181818181818183,
    "auroc_noise_1p0": 0.8105785123966942,
    "weight_ratio_noise_1p0": 1.966189323390219,
    "baseline_edge_f1_noise_1p0": 0.36363636363636365,
    "baseline_auroc_noise_1p0": 0.8074380165289256,
    "edge_f1_canonical": 0.5818181818181818,
    "auroc_canonical": 0.9071074380165289,
    "baseline_edge_f1_canonical": 0.6181818181818182,
    "lift_over_baseline_canonical": -0.036363636363636376,
    "mst_recovery": 0.6214876033057851,
    "mst_recovery_robustness": 0.39622641509433965
  },
  "payload": {
    "version": 1,
    "model_name": "attention_mst",
    "n_heads": 12,
    "canonical_noise": 0.5,
    "noise_levels": [
      0.0,
      0.1,
      0.2,
      0.3,
      0.4,
      0.5,
      0.6,
      0.7,
      0.8,
      0.9,
      1.0
    ],
    "sweep": [
      {
        "noise_level": 0.0,
        "edge_f1": 0.9636363636363636,
        "precision": 0.9636363636363636,
        "recall": 0.9636363636363636,
        "auroc": 0.9937190082644628,
        "auprc": 0.9809946353487022,
        "weight_ratio": 1.0036010848127714,
        "n_seeds": 5
      },
      {
        "noise_level": 0.1,
        "edge_f1": 0.9090909090909092,
        "precision": 0.9090909090909092,
        "recall": 0.9090909090909092,
        "auroc": 0.9808264462809916,
        "auprc": 0.8984959085852695,
        "weight_ratio": 1.0231458590986573,
        "n_seeds": 5
      },
      {
        "noise_level": 0.2,
        "edge_f1": 0.7636363636363637,
        "precision": 0.7636363636363637,
        "recall": 0.7636363636363637,
        "auroc": 0.9563636363636363,
        "auprc": 0.833506608753375,
        "weight_ratio": 1.1808470349157922,
        "n_seeds": 5
      },
      {
        "noise_level": 0.3,
        "edge_f1": 0.6363636363636364,
        "precision": 0.6363636363636364,
        "recall": 0.6363636363636364,
        "auroc": 0.9199999999999999,
        "auprc": 0.7147303719515936,
        "weight_ratio": 1.1726856013893345,
        "n_seeds": 5
      },
      {
        "noise_level": 0.4,
        "edge_f1": 0.6727272727272727,
        "precision": 0.6727272727272727,
        "recall": 0.6727272727272727,
        "auroc": 0.9213223140495869,
        "auprc": 0.7140464322338183,
        "weight_ratio": 1.30764870424699,
        "n_seeds": 5
      },
      {
        "noise_level": 0.5,
        "edge_f1": 0.5818181818181818,
        "precision": 0.5818181818181818,
        "recall": 0.5818181818181818,
        "auroc": 0.9071074380165289,
        "auprc": 0.6506431887208083,
        "weight_ratio": 1.3537716081784752,
        "n_seeds": 5
      },
      {
        "noise_level": 0.6,
        "edge_f1": 0.5454545454545454,
        "precision": 0.5454545454545454,
        "recall": 0.5454545454545454,
        "auroc": 0.8879338842975206,
        "auprc": 0.6081933272021484,
        "weight_ratio": 1.4668280666244025,
        "n_seeds": 5
      },
      {
        "noise_level": 0.7,
        "edge_f1": 0.4909090909090909,
        "precision": 0.4909090909090909,
        "recall": 0.4909090909090909,
        "auroc": 0.843305785123967,
        "auprc": 0.5174865047724538,
        "weight_ratio": 1.6734695480204873,
        "n_seeds": 5
      },
      {
        "noise_level": 0.8,
        "edge_f1": 0.43636363636363634,
        "precision": 0.43636363636363634,
        "recall": 0.43636363636363634,
        "auroc": 0.8102479338842976,
        "auprc": 0.5001388029187895,
        "weight_ratio": 1.6965054750441158,
        "n_seeds": 5
      },
      {
        "noise_level": 0.9,
        "edge_f1": 0.4545454545454545,
        "precision": 0.4545454545454545,
        "recall": 0.4545454545454545,
        "auroc": 0.8462809917355371,
        "auprc": 0.5350238347613508,
        "weight_ratio": 1.6249101437372435,
        "n_seeds": 5
      },
      {
        "noise_level": 1.0,
        "edge_f1": 0.38181818181818183,
        "precision": 0.38181818181818183,
        "recall": 0.38181818181818183,
        "auroc": 0.8105785123966942,
        "auprc": 0.43711103505915894,
        "weight_ratio": 1.966189323390219,
        "n_seeds": 5
      }
    ],
    "baseline": [
      {
        "noise_level": 0.0,
        "edge_f1": 1.0,
        "precision": 1.0,
        "recall": 1.0,
        "auroc": 0.9838016528925619,
        "auprc": 0.9234736953636474,
        "weight_ratio": 1.0,
        "n_seeds": 5
      },
      {
        "noise_level": 0.1,
        "edge_f1": 0.9272727272727274,
        "precision": 0.9272727272727274,
        "recall": 0.9272727272727274,
        "auroc": 0.9745454545454546,
        "auprc": 0.8799024015200485,
        "weight_ratio": 1.0099847270345543,
        "n_seeds": 5
      },
      {
        "noise_level": 0.2,
        "edge_f1": 0.8181818181818181,
        "precision": 0.8181818181818181,
        "recall": 0.8181818181818181,
        "auroc": 0.9639669421487603,
        "auprc": 0.8489616642543746,
        "weight_ratio": 1.1025822112010044,
        "n_seeds": 5
      },
      {
        "noise_level": 0.3,
        "edge_f1": 0.6545454545454545,
        "precision": 0.6545454545454545,
        "recall": 0.6545454545454545,
        "auroc": 0.9173553719008265,
        "auprc": 0.6922380483293795,
        "weight_ratio": 1.1434902594382632,
        "n_seeds": 5
      },
      {
        "noise_level": 0.4,
        "edge_f1": 0.6545454545454545,
        "precision": 0.6545454545454545,