{
  "goal": "attention_and",
  "attempt": "pass_2",
  "run_id": "20260613T150709Z",
  "metrics": {
    "version": 2,
    "and_sharpness_cos_0p0": 0.3713994605704899,
    "false_positive_rate_cos_0p0": 0.16545632215271486,
    "false_negative_rate_cos_0p0": 0.0,
    "linear_baseline_sharpness_cos_0p0": 0.7678697930541383,
    "and_sharpness_cos_0p2": 0.4609516695828993,
    "false_positive_rate_cos_0p2": 0.17015135737962986,
    "false_negative_rate_cos_0p2": 0.0,
    "linear_baseline_sharpness_cos_0p2": 0.7638116483658888,
    "and_sharpness_cos_0p4": 0.5611338272367652,
    "false_positive_rate_cos_0p4": 0.18850120907992615,
    "false_negative_rate_cos_0p4": 0.0,
    "linear_baseline_sharpness_cos_0p4": 0.7942156407244182,
    "and_sharpness_cos_0p6": 0.6584648264830945,
    "false_positive_rate_cos_0p6": 0.15762335736592778,
    "false_negative_rate_cos_0p6": 0.0,
    "linear_baseline_sharpness_cos_0p6": 0.7790761515649935,
    "and_sharpness_cos_0p8": 0.7429351272543799,
    "false_positive_rate_cos_0p8": 0.1903944159782254,
    "false_negative_rate_cos_0p8": 0.0,
    "linear_baseline_sharpness_cos_0p8": 0.7763276180216159,
    "and_sharpness_cos_1p0": 0.8214978151897864,
    "false_positive_rate_cos_1p0": 0.10529704761166722,
    "false_negative_rate_cos_1p0": 0.0,
    "linear_baseline_sharpness_cos_1p0": 0.7837675979602678,
    "and_sharpness_canonical": 0.3713994605704899,
    "lift_over_baseline_canonical": -0.3964703324836484,
    "superposition_robustness": 1.0
  },
  "payload": {
    "version": 2,
    "model_name": "synthetic_attention_and",
    "d": 64,
    "canonical_cosine": 0.0,
    "cos_AB_sweep": [
      0.0,
      0.2,
      0.4,
      0.6,
      0.8,
      1.0
    ],
    "sweep": [
      {
        "cosine": 0.0,
        "and_sharpness": 0.3713994605704899,
        "false_positive_rate": 0.16545632215271486,
        "false_negative_rate": 0.0,
        "n_seeds": 10
      },
      {
        "cosine": 0.2,
        "and_sharpness": 0.4609516695828993,
        "false_positive_rate": 0.17015135737962986,
        "false_negative_rate": 0.0,
        "n_seeds": 10
      },
      {
        "cosine": 0.4,
        "and_sharpness": 0.5611338272367652,
        "false_positive_rate": 0.18850120907992615,
        "false_negative_rate": 0.0,
        "n_seeds": 10
      },
      {
        "cosine": 0.6,
        "and_sharpness": 0.6584648264830945,
        "false_positive_rate": 0.15762335736592778,
        "false_negative_rate": 0.0,
        "n_seeds": 10
      },
      {
        "cosine": 0.8,
        "and_sharpness": 0.7429351272543799,
        "false_positive_rate": 0.1903944159782254,
        "false_negative_rate": 0.0,
        "n_seeds": 10
      },
      {
        "cosine": 1.0,
        "and_sharpness": 0.8214978151897864,
        "false_positive_rate": 0.10529704761166722,
        "false_negative_rate": 0.0,
        "n_seeds": 10
      }
    ],
    "linear_baseline": [
      {
        "cosine": 0.0,
        "and_sharpness": 0.7678697930541383,
        "n_seeds": 10
      },
      {
        "cosine": 0.2,
        "and_sharpness": 0.7638116483658888,
        "n_seeds": 10
      },
      {
        "cosine": 0.4,
        "and_sharpness": 0.7942156407244182,
        "n_seeds": 10
      },
      {
        "cosine": 0.6,
        "and_sharpness": 0.7790761515649935,
        "n_seeds": 10
      },
      {
        "cosine": 0.8,
        "and_sharpness": 0.7763276180216159,
        "n_seeds": 10
      },
      {
        "cosine": 1.0,
        "and_sharpness": 0.7837675979602678,
        "n_seeds": 10
      }
    ]
  }
}