{
  "goal": "attention_cfg_generate",
  "attempt": "first_pass",
  "run_id": "20260613T214542Z",
  "metrics": {
    "version": 1,
    "cfg_acc_canonical": 0.496309963099631,
    "cfg_acc_depth_1": 0.4768627450980392,
    "cfg_acc_depth_2": 0.5054263565891473,
    "cfg_acc_depth_3": 0.5069161920260374,
    "cfg_ce_canonical": 1.9845320493914187,
    "cfg_ce_depth_1": 1.9859240055084229,
    "cfg_ce_depth_2": 1.9839978218078613,
    "cfg_ce_depth_3": 1.9836806058883667,
    "linear_baseline_acc_struct": 0.125,
    "linear_baseline_ce": 2.0794415416798357,
    "lift_over_baseline_acc": 0.371309963099631,
    "lift_over_baseline_ce": 0.09490949228841705,
    "depth_robustness": 1.0
  },
  "payload": {
    "version": 1,
    "canonical_seed": 42,
    "vocab_size": 8,
    "max_depth": 3,
    "seq_len": 32,
    "batch_size": 256,
    "slice_axis": "max_depth",
    "sweep": [
      {
        "max_depth": 1,
        "n_sequences": 85,
        "n_positions": 2720,
        "ce_loss": 1.9859240055084229,
        "acc_any": 0.23455882352941176,
        "acc_struct": 0.4768627450980392,
        "struct_positions": 1275
      },
      {
        "max_depth": 2,
        "n_sequences": 86,
        "n_positions": 2752,
        "ce_loss": 1.9839978218078613,
        "acc_any": 0.265625,
        "acc_struct": 0.5054263565891473,
        "struct_positions": 1290
      },
      {
        "max_depth": 3,
        "n_sequences": 85,
        "n_positions": 2720,
        "ce_loss": 1.9836806058883667,
        "acc_any": 0.2761029411764706,
        "acc_struct": 0.5069161920260374,
        "struct_positions": 1229
      }
    ],
    "linear_baseline": {
      "ce_loss": 2.0794415416798357,
      "acc_any": 0.125,
      "acc_struct": 0.125
    }
  }
}