{
  "goal": "attention_bipartite",
  "attempt": "first_pass",
  "run_id": "20260613T214257Z",
  "metrics": {
    "version": 1,
    "bipartite_score_canonical": 0.6138012111186981,
    "mean_attn_within_canonical": 0.806900680065155,
    "mean_attn_cross_canonical": 0.1930994689464569,
    "row_entropy_mean_canonical": 2.5686211585998535,
    "linear_baseline_bipartite_score": 0.0,
    "random_baseline_bipartite_score": 0.0,
    "lift_over_baseline_canonical": 0.6138012111186981
  },
  "payload": {
    "version": 1,
    "config": {
      "n_per_group": 8,
      "seq_len": 16,
      "num_batches": 32,
      "temperature": 1.0
    },
    "sweep": [
      {
        "condition": "canonical",
        "mean_attn_within": 0.806900680065155,
        "mean_attn_cross": 0.1930994689464569,
        "bipartite_score": 0.6138012111186981,
        "row_entropy_mean": 2.5686211585998535
      }
    ]
  }
}