{
  "goal": "attention_distance_compare",
  "attempt": "first_pass",
  "run_id": "20260613T132638Z",
  "metrics": {
    "version": 1,
    "distance_decay_slope_canonical": 1.8400162370407396,
    "uniform_baseline_decay_slope": 0.23704128174057212,
    "lift_over_uniform_decay_slope": 1.6029749553001675,
    "local_attention_fraction_canonical": 0.974986391940533,
    "attn_entropy_canonical": 1.9714858640133885,
    "mean_attn_dist_0": 0.249202703973748,
    "mean_attn_dist_1": 0.1847979669971055,
    "mean_attn_dist_2": 0.1244516597697789,
    "mean_attn_dist_4": 0.059275566836811025,
    "mean_attn_dist_8": 0.014712878831598209,
    "mean_attn_dist_16": 0.0011246609183881667,
    "mean_attn_dist_32": 1.0479919957082635e-05,
    "layer_head_decay_slope_layer0_head0": 1.8400162370407396,
    "layer_head_decay_slope_layer0_head1": 1.8400162370407396,
    "layer_head_decay_slope_layer1_head0": 1.8400162370407396,
    "layer_head_decay_slope_layer1_head1": 1.8400162370407396
  },
  "payload": {
    "version": 1,
    "model_name": "attempt-model",
    "seq_len": 64,
    "dataset": "synthetic-uniform-tokens-16x64",
    "n_sequences": 16,
    "n_layers": 2,
    "n_heads": 2,
    "distance_bins": [
      0,
      1,
      2,
      4,
      8,
      16,
      32
    ],
    "mean_attn_per_bin": [
      0.249202703973748,
      0.1847979669971055,
      0.1244516597697789,
      0.059275566836811025,
      0.014712878831598209,
      0.0011246609183881667,
      1.0479919957082635e-05
    ],
    "std_attn_per_bin": [
      0.0,
      0.0,
      0.016290811273863122,
      0.016696108856130674,
      0.008178587462609126,
      0.001160545641648728,
      1.809727181261689e-05
    ],
    "mean_attn_per_layer_head_bin": [
      [
        [
          0.249202703973748,
          0.1847979669971055,
          0.1244516597697789,
          0.059275566836811025,
          0.014712878831598209,
          0.0011246609183881667,
          1.0479919957082635e-05
        ],
        [
          0.249202703973748,
          0.1847979669971055,
          0.1244516597697789,
          0.059275566836811025,
          0.014712878831598209,
          0.0011246609183881667,
          1.0479919957082635e-05
        ]
      ],
      [
        [
          0.249202703973748,
          0.1847979669971055,
          0.1244516597697789,
          0.059275566836811025,
          0.014712878831598209,
          0.0011246609183881667,
          1.0479919957082635e-05
        ],
        [
          0.249202703973748,
          0.1847979669971055,
          0.1244516597697789,
          0.059275566836811025,
          0.014712878831598209,
          0.0011246609183881667,
          1.0479919957082635e-05
        ]
      ]
    ],
    "uniform_baseline_per_bin": [
      0.07412329537040264,
      0.059426839741361405,
      0.05001743977910403,
      0.040833567335150166,
      0.03228616830102234,
      0.024649391171415305,
      0.018119737882734098
    ]
  }
}