{
  "goal": "attention_argmin",
  "attempt": "pass_2",
  "run_id": "20260613T143309Z",
  "metrics": {
    "version": 1,
    "argmin_sharpness_canonical": 3.596758954524994,
    "argmin_accuracy_canonical": 0.99,
    "argmin_attn_at_min_canonical": 0.05619935866445303,
    "linear_baseline_sharpness_canonical": 1.0,
    "linear_baseline_accuracy_canonical": 0.0,
    "lift_over_baseline_canonical": 2.596758954524994,
    "argmin_sharpness_gap_0p05": 2.386288533210754,
    "argmin_accuracy_gap_0p05": 0.42,
    "linear_baseline_sharpness_gap_0p05": 1.0,
    "lift_over_baseline_gap_0p05": 1.3862885332107542,
    "argmin_sharpness_gap_0p10": 2.4976085752248762,
    "argmin_accuracy_gap_0p10": 0.515,
    "linear_baseline_sharpness_gap_0p10": 1.0,
    "lift_over_baseline_gap_0p10": 1.4976085752248762,
    "argmin_sharpness_gap_0p20": 2.719291606545448,
    "argmin_accuracy_gap_0p20": 0.68,
    "linear_baseline_sharpness_gap_0p20": 1.0,
    "lift_over_baseline_gap_0p20": 1.7192916065454482,
    "argmin_sharpness_gap_0p50": 3.596758954524994,
    "argmin_accuracy_gap_0p50": 0.99,
    "linear_baseline_sharpness_gap_0p50": 1.0,
    "lift_over_baseline_gap_0p50": 2.596758954524994,
    "argmin_sharpness_gap_1p00": 5.860077427625656,
    "argmin_accuracy_gap_1p00": 1.0,
    "linear_baseline_sharpness_gap_1p00": 1.0,
    "lift_over_baseline_gap_1p00": 4.860077427625656,
    "argmin_sharpness_gap_2p00": 13.73709743976593,
    "argmin_accuracy_gap_2p00": 1.0,
    "linear_baseline_sharpness_gap_2p00": 1.0,
    "lift_over_baseline_gap_2p00": 12.73709743976593,
    "argmin_robustness": 0.17371126205328966,
    "worst_slice_sharpness": 2.386288533210754
  },
  "payload": {
    "version": 1,
    "canonical": {
      "gap": 0.5,
      "sequences": 200,
      "seq_len": 64,
      "attn_at_min": 0.05619935866445303,
      "attn_at_others": 0.014980962547743398,
      "argmax_correct": 0.99
    },
    "sweep": [
      {
        "gap": 0.05,
        "sequences": 200,
        "seq_len": 64,
        "attn_at_min": 0.037285758331418034,
        "attn_at_others": 0.015281178389642653,
        "argmax_correct": 0.42
      },
      {
        "gap": 0.1,
        "sequences": 200,
        "seq_len": 64,
        "attn_at_min": 0.03902513398788869,
        "attn_at_others": 0.015253569303941544,
        "argmax_correct": 0.515
      },
      {
        "gap": 0.2,
        "sequences": 200,
        "seq_len": 64,
        "attn_at_min": 0.04248893135227263,
        "attn_at_others": 0.015198588419302796,
        "argmax_correct": 0.68
      },
      {
        "gap": 0.5,
        "sequences": 200,
        "seq_len": 64,
        "attn_at_min": 0.05619935866445303,
        "attn_at_others": 0.014980962547743398,
        "argmax_correct": 0.99
      },
      {
        "gap": 1.0,
        "sequences": 200,
        "seq_len": 64,
        "attn_at_min": 0.09156370980665088,
        "attn_at_others": 0.01441962371683783,
        "argmax_correct": 1.0
      },
      {
        "gap": 2.0,
        "sequences": 200,
        "seq_len": 64,
        "attn_at_min": 0.21464214749634267,
        "attn_at_others": 0.01246599776492942,
        "argmax_correct": 1.0
      }
    ],
    "linear_baseline": {
      "canonical": {
        "gap": 0.5,
        "sequences": 200,
        "seq_len": 64,
        "attn_at_min": 0.015625,
        "attn_at_others": 0.015625,
        "argmax_correct": 0.0
      },
      "sweep": [
        {
          "gap": 0.05,
          "sequences": 200,
          "seq_len": 64,
          "attn_at_min": 0.015625,
          "attn_at_others": 0.015625,
          "argmax_correct": 0.005
        },
        {
          "gap": 0.1,
          "sequences": 200,
          "seq_len": 64,
          "attn_at_min": 0.015625,
          "attn_at_others": 0.015625,
          "argmax_correct": 0.02
        },
        {
          "gap": 0.2,
          "sequences": 200,
          "seq_len": 64,
          "attn_at_min": 0.015625,
          "attn_at_others": 0.015625,
          "argmax_correct": 0.025
        },
        {
          "gap": 0.5,
          "sequences": 200,
          "seq_len": 64,
          "attn_at_min": 0.015625,
          "attn_at_others": 0.015625,
          "argmax_correct": 0.0
        },
        {
          "gap": 1.0,
          "sequences": 200,
          "seq_len": 64,
          "attn_at_min": 0.015625,
          "attn_at_others": 0.015625,
          "argmax_correct": 0.01
        },
        {
          "gap": 2.0,
          "sequences": 200,
          "seq_len": 64,
          "attn_at_min": 0.015625,
          "attn_at_others": 0.015625,
          "argmax_correct": 0.005
        }
      ]
    },
    "model_config": {
      "seq_len": 64,
      "key_dim": 32,
      "n_seq_per_gap": 200,
      "gaps": [
        0.05,
        0.1,
        0.2,
        0.5,
        1.0,
        2.0
      ],
      "canonical_gap": 0.5,
      "seed": 0
    }
  }
}