{
  "goal": "attention_mst",
  "attempt": "pass_2",
  "run_id": "20260613T225850Z",
  "metrics": {
    "version": 1,
    "edge_f1_noise_0p0": 1.0,
    "auroc_noise_0p0": 0.9838016528925619,
    "weight_ratio_noise_0p0": 1.0,
    "baseline_edge_f1_noise_0p0": 1.0,
    "baseline_auroc_noise_0p0": 0.9838016528925619,
    "edge_f1_noise_0p1": 0.9272727272727274,
    "auroc_noise_0p1": 0.9745454545454546,
    "weight_ratio_noise_0p1": 1.0099847270345543,
    "baseline_edge_f1_noise_0p1": 0.9272727272727274,
    "baseline_auroc_noise_0p1": 0.9745454545454546,
    "edge_f1_noise_0p2": 0.8181818181818181,
    "auroc_noise_0p2": 0.9659504132231405,
    "weight_ratio_noise_0p2": 1.1025822112010044,
    "baseline_edge_f1_noise_0p2": 0.8181818181818181,
    "baseline_auroc_noise_0p2": 0.9639669421487603,
    "edge_f1_noise_0p3": 0.6545454545454545,
    "auroc_noise_0p3": 0.9196694214876032,
    "weight_ratio_noise_0p3": 1.1584886557536567,
    "baseline_edge_f1_noise_0p3": 0.6545454545454545,
    "baseline_auroc_noise_0p3": 0.9173553719008265,
    "edge_f1_noise_0p4": 0.6545454545454545,
    "auroc_noise_0p4": 0.9259504132231404,
    "weight_ratio_noise_0p4": 1.3079491037913922,
    "baseline_edge_f1_noise_0p4": 0.6545454545454545,
    "baseline_auroc_noise_0p4": 0.9161983471074381,
    "edge_f1_noise_0p5": 0.6,
    "auroc_noise_0p5": 0.912396694214876,
    "weight_ratio_noise_0p5": 1.3221564246735582,
    "baseline_edge_f1_noise_0p5": 0.6181818181818182,
    "baseline_auroc_noise_0p5": 0.9038016528925621,
    "edge_f1_noise_0p6": 0.5636363636363636,
    "auroc_noise_0p6": 0.8872727272727273,
    "weight_ratio_noise_0p6": 1.4273066279255897,
    "baseline_edge_f1_noise_0p6": 0.5454545454545454,
    "baseline_auroc_noise_0p6": 0.883801652892562,
    "edge_f1_noise_0p7": 0.49090909090909085,
    "auroc_noise_0p7": 0.8532231404958678,
    "weight_ratio_noise_0p7": 1.6414084827883912,
    "baseline_edge_f1_noise_0p7": 0.4909090909090909,
    "baseline_auroc_noise_0p7": 0.849090909090909,
    "edge_f1_noise_0p8": 0.36363636363636365,
    "auroc_noise_0p8": 0.8120661157024793,
    "weight_ratio_noise_0p8": 1.9156429823186993,
    "baseline_edge_f1_noise_0p8": 0.38181818181818183,
    "baseline_auroc_noise_0p8": 0.8095867768595042,
    "edge_f1_noise_0p9": 0.4909090909090909,
    "auroc_noise_0p9": 0.847603305785124,
    "weight_ratio_noise_0p9": 1.5880476112229989,
    "baseline_edge_f1_noise_0p9": 0.509090909090909,
    "baseline_auroc_noise_0p9": 0.8461157024793389,
    "edge_f1_noise_1p0": 0.32727272727272727,
    "auroc_noise_1p0": 0.8042975206611571,
    "weight_ratio_noise_1p0": 1.948330357147403,
    "baseline_edge_f1_noise_1p0": 0.36363636363636365,
    "baseline_auroc_noise_1p0": 0.8074380165289256,
    "edge_f1_canonical": 0.6,
    "auroc_canonical": 0.912396694214876,
    "baseline_edge_f1_canonical": 0.6181818181818182,
    "lift_over_baseline_canonical": -0.018181818181818188,
    "mst_recovery": 0.6264462809917355,
    "mst_recovery_robustness": 0.32727272727272727
  },
  "payload": {
    "version": 1,
    "model_name": "attention_mst",
    "n_heads": 12,
    "canonical_noise": 0.5,
    "noise_levels": [
      0.0,
      0.1,
      0.2,
      0.3,
      0.4,
      0.5,
      0.6,
      0.7,
      0.8,
      0.9,
      1.0
    ],
    "sweep": [
      {
        "noise_level": 0.0,
        "edge_f1": 1.0,
        "precision": 1.0,
        "recall": 1.0,
        "auroc": 0.9838016528925619,
        "auprc": 0.9234736953636474,
        "weight_ratio": 1.0,
        "n_seeds": 5
      },
      {
        "noise_level": 0.1,
        "edge_f1": 0.9272727272727274,
        "precision": 0.9272727272727274,
        "recall": 0.9272727272727274,
        "auroc": 0.9745454545454546,
        "auprc": 0.8799024015200485,
        "weight_ratio": 1.0099847270345543,
        "n_seeds": 5
      },
      {
        "noise_level": 0.2,
        "edge_f1": 0.8181818181818181,
        "precision": 0.8181818181818181,
        "recall": 0.8181818181818181,
        "auroc": 0.9659504132231405,
        "auprc": 0.8631306755112724,
        "weight_ratio": 1.1025822112010044,
        "n_seeds": 5
      },
      {
        "noise_level": 0.3,
        "edge_f1": 0.6545454545454545,
        "precision": 0.6545454545454545,
        "recall": 0.6545454545454545,
        "auroc": 0.9196694214876032,
        "auprc": 0.7004229115944567,
        "weight_ratio": 1.1584886557536567,
        "n_seeds": 5
      },
      {
        "noise_level": 0.4,
        "edge_f1": 0.6545454545454545,
        "precision": 0.6545454545454545,
        "recall": 0.6545454545454545,
        "auroc": 0.9259504132231404,
        "auprc": 0.7219833268804561,
        "weight_ratio": 1.3079491037913922,
        "n_seeds": 5
      },
      {
        "noise_level": 0.5,
        "edge_f1": 0.6,
        "precision": 0.6,
        "recall": 0.6,
        "auroc": 0.912396694214876,
        "auprc": 0.7013072661777738,
        "weight_ratio": 1.3221564246735582,
        "n_seeds": 5
      },
      {
        "noise_level": 0.6,
        "edge_f1": 0.5636363636363636,
        "precision": 0.5636363636363636,
        "recall": 0.5636363636363636,
        "auroc": 0.8872727272727273,
        "auprc": 0.6413355856724693,
        "weight_ratio": 1.4273066279255897,
        "n_seeds": 5
      },
      {
        "noise_level": 0.7,
        "edge_f1": 0.49090909090909085,
        "precision": 0.49090909090909085,
        "recall": 0.49090909090909085,
        "auroc": 0.8532231404958678,
        "auprc": 0.5224511003398791,
        "weight_ratio": 1.6414084827883912,
        "n_seeds": 5
      },
      {
        "noise_level": 0.8,
        "edge_f1": 0.36363636363636365,
        "precision": 0.36363636363636365,
        "recall": 0.36363636363636365,
        "auroc": 0.8120661157024793,
        "auprc": 0.46054075538883865,
        "weight_ratio": 1.9156429823186993,
        "n_seeds": 5
      },
      {
        "noise_level": 0.9,
        "edge_f1": 0.4909090909090909,
        "precision": 0.4909090909090909,
        "recall": 0.4909090909090909,
        "auroc": 0.847603305785124,
        "auprc": 0.519364165217139,
        "weight_ratio": 1.5880476112229989,
        "n_seeds": 5
      },
      {
        "noise_level": 1.0,
        "edge_f1": 0.32727272727272727,
        "precision": 0.32727272727272727,
        "recall": 0.32727272727272727,
        "auroc": 0.8042975206611571,
        "auprc": 0.447685326105889,
        "weight_ratio": 1.948330357147403,
        "n_seeds": 5
      }
    ],
    "baseline": [
      {
        "noise_level": 0.0,
        "edge_f1": 1.0,
        "precision": 1.0,
        "recall": 1.0,
        "auroc": 0.9838016528925619,
        "auprc": 0.9234736953636474,
        "weight_ratio": 1.0,
        "n_seeds": 5
      },
      {
        "noise_level": 0.1,
        "edge_f1": 0.9272727272727274,
        "precision": 0.9272727272727274,
        "recall": 0.9272727272727274,
        "auroc": 0.9745454545454546,
        "auprc": 0.8799024015200485,
        "weight_ratio": 1.0099847270345543,
        "n_seeds": 5
      },
      {
        "noise_level": 0.2,
        "edge_f1": 0.8181818181818181,
        "precision": 0.8181818181818181,
        "recall": 0.8181818181818181,
        "auroc": 0.9639669421487603,
        "auprc": 0.8489616642543746,
        "weight_ratio": 1.1025822112010044,
        "n_seeds": 5
      },
      {
        "noise_level": 0.3,
        "edge_f1": 0.6545454545454545,
        "precision": 0.6545454545454545,
        "recall": 0.6545454545454545,
        "auroc": 0.9173553719008265,
        "auprc": 0.6922380483293795,
        "weight_ratio": 1.1434902594382632,
        "n_seeds": 5
      },
      {
        "noise_level": 0.4,
        "edge_f1": 0.6545454545454545,
        "precision": 0.6545454545454545,
        "recall": 0.6545454545454545,
        "auroc": 0.9161983471074381,
        "auprc": 0.6581667598894848,
        "weight_ratio": 1.3299972816456231,