{
  "goal": "attention_or",
  "attempt": "pass_4",
  "run_id": "20260613T155841Z",
  "metrics": {
    "version": 1,
    "or_sharpness_cos_0p0": 0.9826712608337402,
    "linear_baseline_sharpness_cos_0p0": 0.9999999105930328,
    "or_noise_leakage_cos_0p0": 0.399204287874496,
    "or_sharpness_cos_0p1": 0.9826712628994867,
    "linear_baseline_sharpness_cos_0p1": 1.0999998852610724,
    "or_noise_leakage_cos_0p1": 0.3288137845706524,
    "or_sharpness_cos_0p2": 0.9826713194055151,
    "linear_baseline_sharpness_cos_0p2": 1.2000000596046483,
    "or_noise_leakage_cos_0p2": 0.3813058305686451,
    "or_sharpness_cos_0p3": 0.9826712608337402,
    "linear_baseline_sharpness_cos_0p3": 1.2999999523162842,
    "or_noise_leakage_cos_0p3": 0.36220259739944644,
    "or_sharpness_cos_0p4": 0.9826713800430298,
    "linear_baseline_sharpness_cos_0p4": 1.3999999463558197,
    "or_noise_leakage_cos_0p4": 0.5588614677836217,
    "or_sharpness_cos_0p5": 0.9826712598008668,
    "linear_baseline_sharpness_cos_0p5": 1.4999998807907033,
    "or_noise_leakage_cos_0p5": 0.4239503282930846,
    "or_sharpness_cos_0p6": 0.9826712608337402,
    "linear_baseline_sharpness_cos_0p6": 1.600000023841858,
    "or_noise_leakage_cos_0p6": 0.3414185893165501,
    "or_sharpness_cos_0p7": 0.9826714417133997,
    "linear_baseline_sharpness_cos_0p7": 1.7000000238418551,
    "or_noise_leakage_cos_0p7": 0.4154470371052185,
    "or_sharpness_cos_0p8": 0.9826797842979431,
    "linear_baseline_sharpness_cos_0p8": 1.7999999523162842,
    "or_noise_leakage_cos_0p8": 0.4302429040839211,
    "or_sharpness_cos_0p9": 0.9831262059894503,
    "linear_baseline_sharpness_cos_0p9": 1.9000617445140873,
    "or_noise_leakage_cos_0p9": 0.40495470381416293,
    "or_sharpness_cos_1p0": 1.0,
    "linear_baseline_sharpness_cos_1p0": 2.0,
    "or_noise_leakage_cos_1p0": 0.29641126372881316,
    "or_sharpness_canonical": 0.9826712608337402,
    "lift_over_linear_canonical": -0.017328649759292603,
    "superposition_robustness": 0.9999999989489126
  },
  "payload": {
    "version": 1,
    "canonical_cos": 0.0,
    "sweep": [
      {
        "cos": 0.0,
        "s_A_at_A": 1.0,
        "s_A_at_B": -2.9802322387695312e-08,
        "s_A_noise_max": 0.344295859336853,
        "s_B_at_A": -2.9802322387695312e-08,
        "s_B_at_B": 0.9999999403953552,
        "s_B_noise_max": 0.40961533784866333,
        "s_AB_at_A": 0.9826713800430298,
        "s_AB_at_B": 0.9826712608337402,
        "s_AB_noise_max": 0.39228662848472595
      },
      {
        "cos": 0.1,
        "s_A_at_A": 1.0000001192092896,
        "s_A_at_B": 0.10000001639127731,
        "s_A_noise_max": 0.33412182331085205,
        "s_B_at_A": 0.10000001639127731,
        "s_B_at_B": 1.0,
        "s_B_noise_max": 0.3404327929019928,
        "s_AB_at_A": 0.9826714396476746,
        "s_AB_at_B": 0.9826713800430298,
        "s_AB_noise_max": 0.32311591506004333
      },
      {
        "cos": 0.2,
        "s_A_at_A": 0.9999999403953552,
        "s_A_at_B": 0.20000004768371582,
        "s_A_noise_max": 0.39202481508255005,
        "s_B_at_A": 0.20000004768371582,
        "s_B_at_B": 0.9999999403953552,
        "s_B_noise_max": 0.3218618929386139,
        "s_AB_at_A": 0.9826712608337402,
        "s_AB_at_B": 0.9826712608337402,
        "s_AB_noise_max": 0.374698281288147
      },
      {
        "cos": 0.30000000000000004,
        "s_A_at_A": 1.0,
        "s_A_at_B": 0.30000001192092896,
        "s_A_noise_max": 0.322318434715271,
        "s_B_at_A": 0.30000001192092896,
        "s_B_at_B": 0.9999999403953552,
        "s_B_noise_max": 0.3732547461986542,
        "s_AB_at_A": 0.9826713800430298,
        "s_AB_at_B": 0.9826712608337402,
        "s_AB_noise_max": 0.35592612624168396
      },
      {
        "cos": 0.4,
        "s_A_at_A": 1.0,
        "s_A_at_B": 0.3999999463558197,
        "s_A_noise_max": 0.39558732509613037,
        "s_B_at_A": 0.3999999463558197,
        "s_B_at_B": 1.0,
        "s_B_noise_max": 0.5664753317832947,
        "s_AB_at_A": 0.9826713800430298,
        "s_AB_at_B": 0.9826713800430298,
        "s_AB_noise_max": 0.5491771697998047
      },
      {
        "cos": 0.5,
        "s_A_at_A": 0.9999999403953552,
        "s_A_at_B": 0.4999999701976776,
        "s_A_noise_max": 0.4335479438304901,
        "s_B_at_A": 0.4999999701976776,
        "s_B_at_B": 0.9999998211860657,
        "s_B_noise_max": 0.4232672154903412,
        "s_AB_at_A": 0.9826712608337402,
        "s_AB_at_B": 0.9826712012290955,
        "s_AB_noise_max": 0.41660380363464355
      },
      {
        "cos": 0.6000000000000001,
        "s_A_at_A": 1.0,
        "s_A_at_B": 0.6000000238418579,
        "s_A_noise_max": 0.35283055901527405,
        "s_B_at_A": 0.6000000238418579,
        "s_B_at_B": 1.0,
        "s_B_noise_max": 0.3456805646419525,
        "s_AB_at_A": 0.9826712608337402,
        "s_AB_at_B": 0.9826714396476746,
        "s_AB_noise_max": 0.3355022966861725
      },
      {
        "cos": 0.7000000000000001,
        "s_A_at_A": 1.0,
        "s_A_at_B": 0.7000002264976501,
        "s_A_noise_max": 0.4247902035713196,
        "s_B_at_A": 0.7000002264976501,
        "s_B_at_B": 1.0000001192092896,
        "s_B_noise_max": 0.3387097120285034,
        "s_AB_at_A": 0.9826715588569641,
        "s_AB_at_B": 0.9826716780662537,
        "s_AB_noise_max": 0.40824803709983826
      },
      {
        "cos": 0.8,
        "s_A_at_A": 1.0,
        "s_A_at_B": 0.7999999523162842,
        "s_A_noise_max": 0.4401192367076874,
        "s_B_at_A": 0.7999999523162842,
        "s_B_at_B": 1.0,
        "s_B_noise_max": 0.378696084022522,
        "s_AB_at_A": 0.9826797842979431,
        "s_AB_at_B": 0.9826797842979431,
        "s_AB_noise_max": 0.4227910041809082
      },
      {
        "cos": 0.9,
        "s_A_at_A": 0.9999989867210388,
        "s_A_at_B": 0.9000608325004578,
        "s_A_noise_max": 0.4143957197666168,
        "s_B_at_A": 0.9000608325004578,
        "s_B_at_B": 0.9999989867210388,
        "s_B_noise_max": 0.33776959776878357,
        "s_AB_at_A": 0.9831252098083496,
        "s_AB_at_B": 0.9831252098083496,
        "s_AB_noise_max": 0.398121178150177
      },
      {
        "cos": 1.0,
        "s_A_at_A": 0.9999999403953552,
        "s_A_at_B": 0.9999999403953552,
        "s_A_noise_max": 0.2964112460613251,
        "s_B_at_A": 0.9999999403953552,
        "s_B_at_B": 0.9999999403953552,
        "s_B_noise_max": 0.2964112460613251,
        "s_AB_at_A": 0.9999999403953552,
        "s_AB_at_B": 0.9999999403953552,
        "s_AB_noise_max": 0.2964112460613251
      }
    ],
    "model_config": {
      "d": 32,
      "n": 64,
      "seed": 0
    }
  }
}