{
  "goal": "attention_or",
  "attempt": "pass_2",
  "run_id": "20260613T150158Z",
  "metrics": {
    "version": 1,
    "or_sharpness_cos_0p0": 0.7071067811865475,
    "linear_baseline_sharpness_cos_0p0": 1.0,
    "or_noise_leakage_cos_0p0": 0.5191297105052767,
    "or_sharpness_cos_0p1": 0.7416198487095661,
    "linear_baseline_sharpness_cos_0p1": 1.0999999999999999,
    "or_noise_leakage_cos_0p1": 0.44493125626251295,
    "or_sharpness_cos_0p2": 0.7745966692414831,
    "linear_baseline_sharpness_cos_0p2": 1.1999999999999997,
    "or_noise_leakage_cos_0p2": 0.45849090625313005,
    "or_sharpness_cos_0p3": 0.8062257748298549,
    "linear_baseline_sharpness_cos_0p3": 1.2999999999999998,
    "or_noise_leakage_cos_0p3": 0.3662999151957511,
    "or_sharpness_cos_0p4": 0.8366600265340752,
    "linear_baseline_sharpness_cos_0p4": 1.3999999999999995,
    "or_noise_leakage_cos_0p4": 0.6871875670183053,
    "or_sharpness_cos_0p5": 0.8660254037844385,
    "linear_baseline_sharpness_cos_0p5": 1.4999999999999998,
    "or_noise_leakage_cos_0p5": 0.5086169119535492,
    "or_sharpness_cos_0p6": 0.8944271909999163,
    "linear_baseline_sharpness_cos_0p6": 1.6000000000000003,
    "or_noise_leakage_cos_0p6": 0.3869293041595342,
    "or_sharpness_cos_0p7": 0.9219544457292882,
    "linear_baseline_sharpness_cos_0p7": 1.7000000000000004,
    "or_noise_leakage_cos_0p7": 0.4491176418619095,
    "or_sharpness_cos_0p8": 0.9486832980505134,
    "linear_baseline_sharpness_cos_0p8": 1.7999999999999994,
    "or_noise_leakage_cos_0p8": 0.3650925567092124,
    "or_sharpness_cos_0p9": 0.9746794344808964,
    "linear_baseline_sharpness_cos_0p9": 1.9,
    "or_noise_leakage_cos_0p9": 0.3948115963255785,
    "or_sharpness_cos_1p0": 1.0,
    "linear_baseline_sharpness_cos_1p0": 2.0,
    "or_noise_leakage_cos_1p0": 0.2964111736780258,
    "or_sharpness_canonical": 0.7071067811865475,
    "lift_over_linear_canonical": -0.29289321881345254,
    "superposition_robustness": 1.0
  },
  "payload": {
    "version": 1,
    "canonical_cos": 0.0,
    "sweep": [
      {
        "cos": 0.0,
        "s_A_at_A": 0.1767766952966369,
        "s_A_at_B": 4.775828876968468e-18,
        "s_A_noise_max": 0.060863490652596844,
        "s_B_at_A": 4.775828876968468e-18,
        "s_B_at_B": 0.1767766952966369,
        "s_B_noise_max": 0.07241044084832464,
        "s_AB_at_A": 0.125,
        "s_AB_at_B": 0.125,
        "s_AB_noise_max": 0.06489121381315958
      },
      {
        "cos": 0.1,
        "s_A_at_A": 0.17677669529663687,
        "s_A_at_B": 0.01767766952966369,
        "s_A_noise_max": 0.05906495899698199,
        "s_B_at_A": 0.01767766952966369,
        "s_B_at_B": 0.17677669529663687,
        "s_B_noise_max": 0.06018057821873126,
        "s_AB_at_A": 0.13110110602126895,
        "s_AB_at_B": 0.1311011060212689,
        "s_AB_noise_max": 0.058330979799448096
      },
      {
        "cos": 0.2,
        "s_A_at_A": 0.1767766952966369,
        "s_A_at_B": 0.03535533905932738,
        "s_A_noise_max": 0.069300843958233,
        "s_B_at_A": 0.03535533905932738,
        "s_B_at_B": 0.17677669529663684,
        "s_B_noise_max": 0.056897681155461614,
        "s_AB_at_A": 0.13693063937629157,
        "s_AB_at_B": 0.1369306393762915,
        "s_AB_noise_max": 0.06278145294145646
      },
      {
        "cos": 0.30000000000000004,
        "s_A_at_A": 0.17677669529663687,
        "s_A_at_B": 0.05303300858899107,
        "s_A_noise_max": 0.05697839146607267,
        "s_B_at_A": 0.05303300858899107,
        "s_B_at_B": 0.1767766952966369,
        "s_B_noise_max": 0.06598274830608138,
        "s_AB_at_A": 0.14252192813739226,
        "s_AB_at_B": 0.14252192813739226,
        "s_AB_noise_max": 0.05220577019026172
      },
      {
        "cos": 0.4,
        "s_A_at_A": 0.17677669529663695,
        "s_A_at_B": 0.0707106781186548,
        "s_A_noise_max": 0.06993061823245199,
        "s_B_at_A": 0.0707106781186548,
        "s_B_at_B": 0.17677669529663684,
        "s_B_noise_max": 0.10013962777255313,
        "s_AB_at_A": 0.1479019945774904,
        "s_AB_at_B": 0.14790199457749043,
        "s_AB_noise_max": 0.10163641181086022
      },
      {
        "cos": 0.5,
        "s_A_at_A": 0.17677669529663687,
        "s_A_at_B": 0.08838834764831845,
        "s_A_noise_max": 0.07664116839079498,
        "s_B_at_A": 0.08838834764831845,
        "s_B_at_B": 0.1767766952966369,
        "s_B_noise_max": 0.07482378028784223,
        "s_AB_at_A": 0.1530931089239487,
        "s_AB_at_B": 0.15309310892394862,
        "s_AB_noise_max": 0.07786574430226713
      },
      {
        "cos": 0.6000000000000001,
        "s_A_at_A": 0.17677669529663684,
        "s_A_at_B": 0.10606601717798214,
        "s_A_noise_max": 0.06237221389619201,
        "s_B_at_A": 0.10606601717798214,
        "s_B_at_B": 0.17677669529663684,
        "s_B_noise_max": 0.06110826101982147,
        "s_AB_at_A": 0.158113883008419,
        "s_AB_at_B": 0.158113883008419,
        "s_AB_noise_max": 0.06117889473040956
      },
      {
        "cos": 0.7000000000000001,
        "s_A_at_A": 0.17677669529663687,
        "s_A_at_B": 0.12374368670764589,
        "s_A_noise_max": 0.07509300991931432,
        "s_B_at_A": 0.12374368670764589,
        "s_B_at_B": 0.1767766952966369,
        "s_B_noise_max": 0.05987599537788935,
        "s_AB_at_A": 0.16298006013006622,
        "s_AB_at_B": 0.16298006013006613,
        "s_AB_noise_max": 0.07319722027612756
      },
      {
        "cos": 0.8,
        "s_A_at_A": 0.1767766952966369,
        "s_A_at_B": 0.1414213562373095,
        "s_A_noise_max": 0.07780282094139451,
        "s_B_at_A": 0.1414213562373095,
        "s_B_at_B": 0.17677669529663684,
        "s_B_noise_max": 0.06694464647993212,
        "s_AB_at_A": 0.16770509831248426,
        "s_AB_at_B": 0.16770509831248417,
        "s_AB_noise_max": 0.0612278831160747
      },
      {
        "cos": 0.9,
        "s_A_at_A": 0.1767766952966369,
        "s_A_at_B": 0.15909902576697318,
        "s_A_noise_max": 0.07325569683269012,
        "s_B_at_A": 0.15909902576697318,
        "s_B_at_B": 0.1767766952966369,
        "s_B_noise_max": 0.059709939238451665,
        "s_AB_at_A": 0.1723006094011278,
        "s_AB_at_B": 0.1723006094011278,
        "s_AB_noise_max": 0.06802627864552924
      },
      {
        "cos": 1.0,
        "s_A_at_A": 0.17677669529663684,
        "s_A_at_B": 0.17677669529663684,
        "s_A_noise_max": 0.05239858773179886,
        "s_B_at_A": 0.17677669529663684,
        "s_B_at_B": 0.17677669529663684,
        "s_B_noise_max": 0.05239858773179886,
        "s_AB_at_A": 0.17677669529663684,
        "s_AB_at_B": 0.17677669529663684,
        "s_AB_noise_max": 0.05239858773179886
      }
    ],
    "model_config": {
      "d": 32,
      "n": 64,
      "seed": 0
    }
  }
}