{
  "0.0": {
    "noise_level": 0.0,
    "A": [
      [
        4.248354255291589e-18,
        4.248354255291589e-18,
        4.248354255291589e-18,
        4.248354255291589e-18,
        4.248354255291589e-18,
        1.0
      ],
      [
        1.0,
        4.248354255291589e-18,
        4.248354255291589e-18,
        4.248354255291589e-18,
        4.248354255291589e-18,
        4.248354255291589e-18
      ],
      [
        4.248354255291589e-18,
        1.0,
        4.248354255291589e-18,
        4.248354255291589e-18,
        4.248354255291589e-18,
        4.248354255291589e-18
      ],
      [
        4.248354255291589e-18,
        4.248354255291589e-18,
        1.0,
        4.248354255291589e-18,
        4.248354255291589e-18,
        4.248354255291589e-18
      ],
      [
        4.248354255291589e-18,
        4.248354255291589e-18,
        4.248354255291589e-18,
        1.0,
        4.248354255291589e-18,
        4.248354255291589e-18
      ],
      [
        4.248354255291589e-18,
        4.248354255291589e-18,
        4.248354255291589e-18,
        4.248354255291589e-18,
        1.0,
        4.248354255291589e-18
      ]
    ],
    "B": [
      [
        4.248354255291589e-18,
        4.248354255291589e-18,
        4.248354255291589e-18,
        1.0,
        4.248354255291589e-18,
        4.248354255291589e-18
      ],
      [
        4.248354255291589e-18,
        4.248354255291589e-18,
        4.248354255291589e-18,
        4.248354255291589e-18,
        1.0,
        4.248354255291589e-18
      ],
      [
        4.248354255291589e-18,
        4.248354255291589e-18,
        4.248354255291589e-18,
        4.248354255291589e-18,
        4.248354255291589e-18,
        1.0
      ],
      [
        1.0,
        4.248354255291589e-18,
        4.248354255291589e-18,
        4.248354255291589e-18,
        4.248354255291589e-18,
        4.248354255291589e-18
      ],
      [
        4.248354255291589e-18,
        1.0,
        4.248354255291589e-18,
        4.248354255291589e-18,
        4.248354255291589e-18,
        4.248354255291589e-18
      ],
      [
        4.248354255291589e-18,
        4.248354255291589e-18,
        1.0,
        4.248354255291589e-18,
        4.248354255291589e-18,
        4.248354255291589e-18
      ]
    ],
    "true": [
      [
        0.0,
        0.0,
        1.0,
        0.0,
        0.0,
        0.0
      ],
      [
        0.0,
        0.0,
        0.0,
        1.0,
        0.0,
        0.0
      ],
      [
        0.0,
        0.0,
        0.0,
        0.0,
        1.0,
        0.0
      ],
      [
        0.0,
        0.0,
        0.0,
        0.0,
        0.0,
        1.0
      ],
      [
        1.0,
        0.0,
        0.0,
        0.0,
        0.0,
        0.0
      ],
      [
        0.0,
        1.0,
        0.0,
        0.0,
        0.0,
        0.0
      ]
    ],
    "pred": [
      [
        0.0,
        0.0,
        1.0,
        0.0,
        0.0,
        0.0
      ],
      [
        0.0,
        0.0,
        0.0,
        1.0,
        0.0,
        0.0
      ],
      [
        0.0,
        0.0,
        0.0,
        0.0,
        1.0,
        0.0
      ],
      [
        0.0,
        0.0,
        0.0,
        0.0,
        0.0,
        1.0
      ],
      [
        1.0,
        0.0,
        0.0,
        0.0,
        0.0,
        0.0
      ],
      [
        0.0,
        1.0,
        0.0,
        0.0,
        0.0,
        0.0
      ]
    ],
    "baseline": [
      [
        8.496708510583178e-18,
        8.496708510583178e-18,
        1.0,
        8.496708510583178e-18,
        8.496708510583178e-18,
        8.496708510583178e-18
      ],
      [
        8.496708510583178e-18,
        8.496708510583178e-18,
        8.496708510583178e-18,
        1.0,
        8.496708510583178e-18,
        8.496708510583178e-18
      ],
      [
        8.496708510583178e-18,
        8.496708510583178e-18,
        8.496708510583178e-18,
        8.496708510583178e-18,
        1.0,
        8.496708510583178e-18
      ],
      [
        8.496708510583178e-18,
        8.496708510583178e-18,
        8.496708510583178e-18,
        8.496708510583178e-18,
        8.496708510583178e-18,
        1.0
      ],
      [
        1.0,
        8.496708510583178e-18,
        8.496708510583178e-18,
        8.496708510583178e-18,
        8.496708510583178e-18,
        8.496708510583178e-18
      ],
      [
        8.496708510583178e-18,
        1.0,
        8.496708510583178e-18,
        8.496708510583178e-18,
        8.496708510583178e-18,
        8.496708510583178e-18
      ]
    ]
  },
  "20.0": {
    "noise_level": 20.0,
    "A": [
      [
        0.9999997060895272,
        1.2468953330560637e-24,
        2.939104727590201e-07,
        1.0017395530426021e-29,
        2.1845275482082508e-23,
        2.2650554986908578e-20
      ],
      [
        3.124713942621887e-14,
        1.6996965651270185e-24,
        1.2898024536171045e-25,
        0.9999999999999687,
        2.0033308292477618e-22,
        4.682418831174185e-41
      ],
      [
        6.722382165168231e-45,
        5.134609827223433e-35,
        1.155320041705026e-37,
        3.94692921053782e-49,
        1.0,
        7.463262161087804e-26
      ],
      [
        7.385058284265271e-09,
        5.46837225252371e-22,
        2.8365725772929234e-07,
        5.487947289883626e-18,
        3.9914723499134704e-13,
        0.9999997089572848
      ],
      [
        1.0,
        8.317871720855792e-22,
        1.8940509557457015e-26,
        1.0341679165683043e-25,
        6.687482292988742e-30,
        1.714356753373691e-30
      ],
      [
        4.1407645104007755e-10,
        0.99999995299229,
        9.167467429334256e-21,
        4.65885316543936e-08,
        6.506870642009253e-15,
        5.095228327793482e-12
      ]
    ],
    "B": [
      [
        3.264718232695123e-39,
        7.639624331900653e-24,
        0.9999996467047569,
        4.686691481674599e-41,
        3.5329362348558786e-07,
        1.619534696848589e-12
      ],
      [
        9.515132551903432e-20,
        0.9999999637255574,
        3.154601468128302e-14,
        3.627100406662741e-08,
        1.636873329750656e-19,
        3.4071473509785976e-12
      ],
      [
        1.800938655122655e-32,
        7.947475852729077e-45,
        3.500829408198498e-48,
        1.1614131445983684e-45,
        1.0,
        1.2751562669140382e-25
      ],
      [
        1.0417454107031839e-28,
        3.2179282356573425e-29,
        6.9876427524659855e-34,
        8.171927954557481e-20,
        2.81810593223251e-39,
        1.0
      ],
      [
        0.9999738991290639,
        4.661021904071756e-26,
        3.0049781773301104e-25,
        4.386044403474456e-21,
        1.1160020103420576e-23,
        2.6100870936102037e-05
      ],
      [
        6.339178936370728e-45,
        1.0,
        1.1285886547412923e-62,
        2.7999083052912856e-62,
        1.0922746040781973e-45,
        2.3220903475600778e-49
      ]
    ],
    "true": [
      [
        0.0,
        0.0,
        0.0,
        0.0,
        1.0,
        0.0
      ],
      [
        0.0,
        0.0,
        0.0,
        0.0,
        0.0,
        1.0
      ],
      [
        1.0,
        0.0,
        0.0,
        0.0,
        0.0,
        0.0
      ],
      [
        0.0,
        1.0,
        0.0,
        0.0,
        0.0,
        0.0
      ],
      [
        0.0,
        0.0,
        1.0,
        0.0,
        0.0,
        0.0
      ],
      [
        0.0,
        0.0,
        0.0,
        1.0,
        0.0,
        0.0
      ]
    ],