{
  "goal": "attention_sign_threshold",
  "attempt": "pass_2",
  "run_id": "20260613T150740Z",
  "metrics": {
    "version": 1,
    "sign_sharpness_canonical": 5.759934561142116,
    "sign_threshold_canonical": 0.03605911896532401,
    "linear_baseline_sharpness_canonical": 5.2331491237473005,
    "lift_over_linear_sharpness": 1.1006631809906462,
    "sign_sharpness_cos_m0p9": 0.022885473062908532,
    "sign_sharpness_cos_m0p8": 0.034668461623398164,
    "sign_sharpness_cos_m0p7": 0.08277758518025786,
    "sign_sharpness_cos_m0p6": 0.15709889126413412,
    "sign_sharpness_cos_m0p5": 0.26607584623314323,
    "sign_sharpness_cos_m0p4": 0.4297045874419563,
    "sign_sharpness_cos_m0p3": 0.6323604936546013,
    "sign_sharpness_cos_m0p2": 0.937650527331578,
    "sign_sharpness_cos_m0p1": 1.191296634207716,
    "sign_sharpness_cos_0p0": 1.5183117759479319,
    "sign_sharpness_cos_0p1": 1.2449569814658614,
    "sign_sharpness_cos_0p2": 0.9703081340182056,
    "sign_sharpness_cos_0p3": 1.0234260406579667,
    "sign_sharpness_cos_0p4": 0.5764535413058722,
    "sign_sharpness_cos_0p5": 0.3597476756798319,
    "sign_sharpness_cos_0p6": 0.2612450874593906,
    "sign_sharpness_cos_0p7": 0.1151207158041427,
    "sign_sharpness_cos_0p8": 0.0697007816851605,
    "sign_sharpness_cos_0p9": 0.038382115267641265
  },
  "payload": {
    "version": 1,
    "config": {
      "d_model": 64,
      "pairs_per_bin": 100,
      "cosine_sweep": [
        -1.0,
        -0.8999999761581421,
        -0.800000011920929,
        -0.699999988079071,
        -0.6000000238418579,
        -0.5,
        -0.4000000059604645,
        -0.30000001192092896,
        -0.20000000298023224,
        -0.10000000149011612,
        0.0,
        0.10000000149011612,
        0.20000000298023224,
        0.30000001192092896,
        0.4000000059604645,
        0.5,
        0.6000000238418579,
        0.699999988079071,
        0.800000011920929,
        0.8999999761581421,
        1.0
      ],
      "seed": 42,
      "normalisation": "sigmoid_per_pair"
    },
    "sweep": [
      {
        "cosine": -1.0,
        "mean_attention": 0.0018192328279837966,
        "std_attention": 0.004753450397402048
      },
      {
        "cosine": -0.8999999761581421,
        "mean_attention": 0.004716877825558186,
        "std_attention": 0.009895514696836472
      },
      {
        "cosine": -0.800000011920929,
        "mean_attention": 0.006396327167749405,
        "std_attention": 0.009773927740752697
      },
      {
        "cosine": -0.699999988079071,
        "mean_attention": 0.01165056973695755,
        "std_attention": 0.016431789845228195
      },
      {
        "cosine": -0.6000000238418579,
        "mean_attention": 0.022951843217015266,
        "std_attention": 0.030514393001794815
      },
      {
        "cosine": -0.5,
        "mean_attention": 0.04307034611701965,
        "std_attention": 0.04377959668636322
      },
      {
        "cosine": -0.4000000059604645,
        "mean_attention": 0.0761670172214508,
        "std_attention": 0.0789969339966774
      },
      {
        "cosine": -0.30000001192092896,
        "mean_attention": 0.12901125848293304,
        "std_attention": 0.1297387033700943
      },
      {
        "cosine": -0.20000000298023224,
        "mean_attention": 0.2026391178369522,
        "std_attention": 0.1972731053829193
      },
      {
        "cosine": -0.10000000149011612,
        "mean_attention": 0.3165413737297058,
        "std_attention": 0.200240358710289
      },
      {
        "cosine": 0.0,
        "mean_attention": 0.44089844822883606,
        "std_attention": 0.24201184511184692
      },
      {
        "cosine": 0.10000000149011612,
        "mean_attention": 0.6202037334442139,
        "std_attention": 0.20520175993442535
      },
      {
        "cosine": 0.20000000298023224,
        "mean_attention": 0.6898898482322693,
        "std_attention": 0.20008566975593567
      },
      {
        "cosine": 0.30000001192092896,
        "mean_attention": 0.8142653703689575,
        "std_attention": 0.14298027753829956
      },
      {
        "cosine": 0.4000000059604645,
        "mean_attention": 0.8945750594139099,
        "std_attention": 0.11968089640140533
      },
      {
        "cosine": 0.5,
        "mean_attention": 0.9295560717582703,
        "std_attention": 0.06977668404579163
      },
      {
        "cosine": 0.6000000238418579,
        "mean_attention": 0.966524600982666,
        "std_attention": 0.03948652744293213
      },
      {
        "cosine": 0.699999988079071,
        "mean_attention": 0.9818050861358643,
        "std_attention": 0.02201762981712818
      },
      {
        "cosine": 0.800000011920929,
        "mean_attention": 0.9895487427711487,
        "std_attention": 0.021301573142409325
      },
      {
        "cosine": 0.8999999761581421,
        "mean_attention": 0.9957452416419983,
        "std_attention": 0.004264436662197113
      },
      {
        "cosine": 1.0,
        "mean_attention": 0.9972251653671265,
        "std_attention": 0.0046103778295218945
      }
    ],
    "model_info": {
      "name": "unknown",
      "type": "unknown",
      "notes": ""
    }
  }
}