{
  "beta": 16.0,
  "canonical_cos": 0.5,
  "seq_len": 12,
  "distractor_cos_sweep": [
    0.0,
    0.25,
    0.5,
    0.75,
    1.0
  ],
  "uniform_baseline": [
    0.08333333333333333,
    0.08333333333333333,
    0.08333333333333333,
    0.08333333333333333,
    0.08333333333333333
  ],
  "robustness_ceiling": 0.5,
  "variants": {
    "tempered head (ours, beta=16)": [
      0.9999654445114219,
      0.9999624906911501,
      0.9996315512270577,
      0.9819591314888347,
      0.499990580252921
    ],
    "raw K@q (beta=1)": [
      0.19614634294414665,
      0.18986413592337273,
      0.18742251991135117,
      0.17905528472981733,
      0.174463568709832
    ],
    "temperature=0 ablation": [
      0.08333333333333333,
      0.08333333333333333,
      0.08333333333333333,
      0.08333333333333333,
      0.08333333333333333
    ],
    "random logits": [
      0.06401264245089257,
      0.08158065683486092,
      0.08466841607014974,
      0.060688454172732255,
      0.06512037811270677
    ]
  },
  "ours_distractor_mass": [
    1.1253130319896234e-07,
    6.14398207130648e-06,
    0.0003353390137834555,
    0.017985208141124715,
    0.499990580252921
  ]
}