{
  "goal": "attention_argmin",
  "attempt": "pass_2",
  "run_id": "20260613T150712Z",
  "metrics": {
    "version": 1,
    "argmin_sharpness_canonical": 1.2260760912299156,
    "argmin_accuracy_canonical": 0.48,
    "argmin_attn_at_min_canonical": 0.01915743892546743,
    "linear_baseline_sharpness_canonical": 1.0,
    "linear_baseline_accuracy_canonical": 0.0,
    "lift_over_baseline_canonical": 0.22607609122991557,
    "argmin_sharpness_gap_0p05": 1.0623538561165333,
    "argmin_accuracy_gap_0p05": 0.47,
    "linear_baseline_sharpness_gap_0p05": 1.0,
    "lift_over_baseline_gap_0p05": 0.062353856116533324,
    "argmin_sharpness_gap_0p10": 1.1088392941653729,
    "argmin_accuracy_gap_0p10": 0.465,
    "linear_baseline_sharpness_gap_0p10": 1.0,
    "lift_over_baseline_gap_0p10": 0.10883929416537286,
    "argmin_sharpness_gap_0p20": 1.1872249229252338,
    "argmin_accuracy_gap_0p20": 0.49,
    "linear_baseline_sharpness_gap_0p20": 1.0,
    "lift_over_baseline_gap_0p20": 0.18722492292523385,
    "argmin_sharpness_gap_0p50": 1.2260760912299156,
    "argmin_accuracy_gap_0p50": 0.48,
    "linear_baseline_sharpness_gap_0p50": 1.0,
    "lift_over_baseline_gap_0p50": 0.22607609122991557,
    "argmin_sharpness_gap_1p00": 1.6937592132389545,
    "argmin_accuracy_gap_1p00": 0.535,
    "linear_baseline_sharpness_gap_1p00": 1.0,
    "lift_over_baseline_gap_1p00": 0.6937592132389545,
    "argmin_sharpness_gap_2p00": 2.884449041709304,
    "argmin_accuracy_gap_2p00": 0.485,
    "linear_baseline_sharpness_gap_2p00": 1.0,
    "lift_over_baseline_gap_2p00": 1.884449041709304,
    "argmin_robustness": 0.368303908564455,
    "worst_slice_sharpness": 1.0623538561165333
  },
  "payload": {
    "version": 1,
    "canonical": {
      "gap": 0.5,
      "sequences": 200,
      "seq_len": 64,
      "attn_at_min": 0.01915743892546743,
      "attn_at_others": 0.015568929538574248,
      "argmax_correct": 0.48
    },
    "sweep": [
      {
        "gap": 0.05,
        "sequences": 200,
        "seq_len": 64,
        "attn_at_min": 0.016599279001820833,
        "attn_at_others": 0.01560953523575639,
        "argmax_correct": 0.47
      },
      {
        "gap": 0.1,
        "sequences": 200,
        "seq_len": 64,
        "attn_at_min": 0.01732561397133395,
        "attn_at_others": 0.0155980061172759,
        "argmax_correct": 0.465
      },
      {
        "gap": 0.2,
        "sequences": 200,
        "seq_len": 64,
        "attn_at_min": 0.01855038942070678,
        "attn_at_others": 0.015578565199135077,
        "argmax_correct": 0.49
      },
      {
        "gap": 0.5,
        "sequences": 200,
        "seq_len": 64,
        "attn_at_min": 0.01915743892546743,
        "attn_at_others": 0.015568929538574248,
        "argmax_correct": 0.48
      },
      {
        "gap": 1.0,
        "sequences": 200,
        "seq_len": 64,
        "attn_at_min": 0.026464987706858664,
        "attn_at_others": 0.015452936795421892,
        "argmax_correct": 0.535
      },
      {
        "gap": 2.0,
        "sequences": 200,
        "seq_len": 64,
        "attn_at_min": 0.045069516276707876,
        "attn_at_others": 0.015157626760487873,
        "argmax_correct": 0.485
      }
    ],
    "linear_baseline": {
      "canonical": {
        "gap": 0.5,
        "sequences": 200,
        "seq_len": 64,
        "attn_at_min": 0.015625,
        "attn_at_others": 0.015625,
        "argmax_correct": 0.0
      },
      "sweep": [
        {
          "gap": 0.05,
          "sequences": 200,
          "seq_len": 64,
          "attn_at_min": 0.015625,
          "attn_at_others": 0.015625,
          "argmax_correct": 0.005
        },
        {
          "gap": 0.1,
          "sequences": 200,
          "seq_len": 64,
          "attn_at_min": 0.015625,
          "attn_at_others": 0.015625,
          "argmax_correct": 0.02
        },
        {
          "gap": 0.2,
          "sequences": 200,
          "seq_len": 64,
          "attn_at_min": 0.015625,
          "attn_at_others": 0.015625,
          "argmax_correct": 0.025
        },
        {
          "gap": 0.5,
          "sequences": 200,
          "seq_len": 64,
          "attn_at_min": 0.015625,
          "attn_at_others": 0.015625,
          "argmax_correct": 0.0
        },
        {
          "gap": 1.0,
          "sequences": 200,
          "seq_len": 64,
          "attn_at_min": 0.015625,
          "attn_at_others": 0.015625,
          "argmax_correct": 0.01
        },
        {
          "gap": 2.0,
          "sequences": 200,
          "seq_len": 64,
          "attn_at_min": 0.015625,
          "attn_at_others": 0.015625,
          "argmax_correct": 0.005
        }
      ]
    },
    "model_config": {
      "seq_len": 64,
      "key_dim": 32,
      "n_seq_per_gap": 200,
      "gaps": [
        0.05,
        0.1,
        0.2,
        0.5,
        1.0,
        2.0
      ],
      "canonical_gap": 0.5,
      "seed": 0
    }
  }
}