{
  "goal": "attention_mst",
  "attempt": "pass_2",
  "run_id": "20260613T222303Z",
  "metrics": {
    "version": 1,
    "edge_f1_noise_0p0": 1.0,
    "auroc_noise_0p0": 1.0,
    "weight_ratio_noise_0p0": 1.0,
    "baseline_edge_f1_noise_0p0": 1.0,
    "baseline_auroc_noise_0p0": 0.9838016528925619,
    "edge_f1_noise_0p1": 0.9272727272727274,
    "auroc_noise_0p1": 0.9877685950413223,
    "weight_ratio_noise_0p1": 1.0099847270345543,
    "baseline_edge_f1_noise_0p1": 0.9272727272727274,
    "baseline_auroc_noise_0p1": 0.9745454545454546,
    "edge_f1_noise_0p2": 0.8181818181818181,
    "auroc_noise_0p2": 0.965289256198347,
    "weight_ratio_noise_0p2": 1.1025822112010044,
    "baseline_edge_f1_noise_0p2": 0.8181818181818181,
    "baseline_auroc_noise_0p2": 0.9639669421487603,
    "edge_f1_noise_0p3": 0.6545454545454545,
    "auroc_noise_0p3": 0.9094214876033057,
    "weight_ratio_noise_0p3": 1.1434902594382632,
    "baseline_edge_f1_noise_0p3": 0.6545454545454545,
    "baseline_auroc_noise_0p3": 0.9173553719008265,
    "edge_f1_noise_0p4": 0.6545454545454545,
    "auroc_noise_0p4": 0.9223140495867771,
    "weight_ratio_noise_0p4": 1.3299972816456234,
    "baseline_edge_f1_noise_0p4": 0.6545454545454545,
    "baseline_auroc_noise_0p4": 0.9161983471074381,
    "edge_f1_noise_0p5": 0.6181818181818182,
    "auroc_noise_0p5": 0.9100826446280992,
    "weight_ratio_noise_0p5": 1.2923537342218503,
    "baseline_edge_f1_noise_0p5": 0.6181818181818182,
    "baseline_auroc_noise_0p5": 0.9038016528925621,
    "edge_f1_noise_0p6": 0.5454545454545454,
    "auroc_noise_0p6": 0.8747107438016529,
    "weight_ratio_noise_0p6": 1.4967099118258562,
    "baseline_edge_f1_noise_0p6": 0.5454545454545454,
    "baseline_auroc_noise_0p6": 0.883801652892562,
    "edge_f1_noise_0p7": 0.4909090909090909,
    "auroc_noise_0p7": 0.8419834710743801,
    "weight_ratio_noise_0p7": 1.6734695480204873,
    "baseline_edge_f1_noise_0p7": 0.4909090909090909,
    "baseline_auroc_noise_0p7": 0.849090909090909,
    "edge_f1_noise_0p8": 0.38181818181818183,
    "auroc_noise_0p8": 0.8132231404958677,
    "weight_ratio_noise_0p8": 1.7919490113911425,
    "baseline_edge_f1_noise_0p8": 0.38181818181818183,
    "baseline_auroc_noise_0p8": 0.8095867768595042,
    "edge_f1_noise_0p9": 0.509090909090909,
    "auroc_noise_0p9": 0.839504132231405,
    "weight_ratio_noise_0p9": 1.5899907877698962,
    "baseline_edge_f1_noise_0p9": 0.509090909090909,
    "baseline_auroc_noise_0p9": 0.8461157024793389,
    "edge_f1_noise_1p0": 0.36363636363636365,
    "auroc_noise_1p0": 0.8034710743801652,
    "weight_ratio_noise_1p0": 2.0359096489349047,
    "baseline_edge_f1_noise_1p0": 0.36363636363636365,
    "baseline_auroc_noise_1p0": 0.8074380165289256,
    "edge_f1_canonical": 0.6181818181818182,
    "auroc_canonical": 0.9100826446280992,
    "baseline_edge_f1_canonical": 0.6181818181818182,
    "lift_over_baseline_canonical": 0.0,
    "mst_recovery": 0.6330578512396694,
    "mst_recovery_robustness": 0.36363636363636365
  },
  "payload": {
    "version": 1,
    "model_name": "attention_mst",
    "n_heads": 12,
    "canonical_noise": 0.5,
    "noise_levels": [
      0.0,
      0.1,
      0.2,
      0.3,
      0.4,
      0.5,
      0.6,
      0.7,
      0.8,
      0.9,
      1.0
    ],
    "sweep": [
      {
        "noise_level": 0.0,
        "edge_f1": 1.0,
        "precision": 1.0,
        "recall": 1.0,
        "auroc": 1.0,
        "auprc": 1.0,
        "weight_ratio": 1.0,
        "n_seeds": 5
      },
      {
        "noise_level": 0.1,
        "edge_f1": 0.9272727272727274,
        "precision": 0.9272727272727274,
        "recall": 0.9272727272727274,
        "auroc": 0.9877685950413223,
        "auprc": 0.9200392789029153,
        "weight_ratio": 1.0099847270345543,
        "n_seeds": 5
      },
      {
        "noise_level": 0.2,
        "edge_f1": 0.8181818181818181,
        "precision": 0.8181818181818181,
        "recall": 0.8181818181818181,
        "auroc": 0.965289256198347,
        "auprc": 0.8073064846777204,
        "weight_ratio": 1.1025822112010044,
        "n_seeds": 5
      },
      {
        "noise_level": 0.3,
        "edge_f1": 0.6545454545454545,
        "precision": 0.6545454545454545,
        "recall": 0.6545454545454545,
        "auroc": 0.9094214876033057,
        "auprc": 0.6900388039626468,
        "weight_ratio": 1.1434902594382632,
        "n_seeds": 5
      },
      {
        "noise_level": 0.4,
        "edge_f1": 0.6545454545454545,
        "precision": 0.6545454545454545,
        "recall": 0.6545454545454545,
        "auroc": 0.9223140495867771,
        "auprc": 0.65485914405933,
        "weight_ratio": 1.3299972816456234,
        "n_seeds": 5
      },
      {
        "noise_level": 0.5,
        "edge_f1": 0.6181818181818182,
        "precision": 0.6181818181818182,
        "recall": 0.6181818181818182,
        "auroc": 0.9100826446280992,
        "auprc": 0.6342864311742239,
        "weight_ratio": 1.2923537342218503,
        "n_seeds": 5
      },
      {
        "noise_level": 0.6,
        "edge_f1": 0.5454545454545454,
        "precision": 0.5454545454545454,
        "recall": 0.5454545454545454,
        "auroc": 0.8747107438016529,
        "auprc": 0.5420832163451458,
        "weight_ratio": 1.4967099118258562,
        "n_seeds": 5
      },
      {
        "noise_level": 0.7,
        "edge_f1": 0.4909090909090909,
        "precision": 0.4909090909090909,
        "recall": 0.4909090909090909,
        "auroc": 0.8419834710743801,
        "auprc": 0.521666042656615,
        "weight_ratio": 1.6734695480204873,
        "n_seeds": 5
      },
      {
        "noise_level": 0.8,
        "edge_f1": 0.38181818181818183,
        "precision": 0.38181818181818183,
        "recall": 0.38181818181818183,
        "auroc": 0.8132231404958677,
        "auprc": 0.47957967178148336,
        "weight_ratio": 1.7919490113911425,
        "n_seeds": 5
      },
      {
        "noise_level": 0.9,
        "edge_f1": 0.509090909090909,
        "precision": 0.509090909090909,
        "recall": 0.509090909090909,
        "auroc": 0.839504132231405,
        "auprc": 0.533973662359799,
        "weight_ratio": 1.5899907877698962,
        "n_seeds": 5
      },
      {
        "noise_level": 1.0,
        "edge_f1": 0.36363636363636365,
        "precision": 0.36363636363636365,
        "recall": 0.36363636363636365,
        "auroc": 0.8034710743801652,
        "auprc": 0.358571885114088,
        "weight_ratio": 2.0359096489349047,
        "n_seeds": 5
      }
    ],
    "baseline": [
      {
        "noise_level": 0.0,
        "edge_f1": 1.0,
        "precision": 1.0,
        "recall": 1.0,
        "auroc": 0.9838016528925619,
        "auprc": 0.9234736953636474,
        "weight_ratio": 1.0,
        "n_seeds": 5
      },
      {
        "noise_level": 0.1,
        "edge_f1": 0.9272727272727274,
        "precision": 0.9272727272727274,
        "recall": 0.9272727272727274,
        "auroc": 0.9745454545454546,
        "auprc": 0.8799024015200485,
        "weight_ratio": 1.0099847270345543,
        "n_seeds": 5
      },
      {
        "noise_level": 0.2,
        "edge_f1": 0.8181818181818181,
        "precision": 0.8181818181818181,
        "recall": 0.8181818181818181,
        "auroc": 0.9639669421487603,
        "auprc": 0.8489616642543746,
        "weight_ratio": 1.1025822112010044,
        "n_seeds": 5
      },
      {
        "noise_level": 0.3,
        "edge_f1": 0.6545454545454545,
        "precision": 0.6545454545454545,
        "recall": 0.6545454545454545,
        "auroc": 0.9173553719008265,
        "auprc": 0.6922380483293795,
        "weight_ratio": 1.1434902594382632,
        "n_seeds": 5
      },
      {
        "noise_level": 0.4,
        "edge_f1": 0.6545454545454545,
        "precision": 0.6545454545454545,
        "recall": 0.6545454545454545,
        "auroc": 0.9161983471074381,
        "auprc": 0.6581667598894848,
        "weight_ratio": 1.3299972816456231,