{
  "goal": "attention_polyeval",
  "attempt": "pass_2",
  "run_id": "20260613T223914Z",
  "metrics": {
    "version": 1,
    "poly_mse_degree_1": 0.536347508430481,
    "poly_correlation_degree_1": -0.003014987800270319,
    "poly_r2_degree_1": -0.6156319403030364,
    "linear_baseline_mse_degree_1": 4.946838494390704e-09,
    "linear_baseline_correlation_degree_1": 1.0,
    "linear_baseline_r2_degree_1": 0.999999985098709,
    "nonlinear_lift_mse_degree_1": -0.5363475034836425,
    "nonlinear_lift_r2_degree_1": -1.6156319254017455,
    "poly_mse_degree_2": 7.081298826960847e-05,
    "poly_correlation_degree_2": 0.9995995759963989,
    "poly_r2_degree_2": 0.9991993449434241,
    "linear_baseline_mse_degree_2": 0.08844325691461563,
    "linear_baseline_correlation_degree_2": 0.0025245880242437124,
    "linear_baseline_r2_degree_2": 6.318062380050726e-06,
    "nonlinear_lift_mse_degree_2": 0.08837244392634602,
    "nonlinear_lift_r2_degree_2": 0.999193026881044,
    "poly_mse_degree_3": 0.3425002694129944,
    "poly_correlation_degree_3": -0.0015537403523921967,
    "poly_r2_degree_3": -1.4173052133362347,
    "linear_baseline_mse_degree_3": 0.022799979895353317,
    "linear_baseline_correlation_degree_3": 0.9160141348838806,
    "linear_baseline_r2_degree_3": 0.8390818484334077,
    "nonlinear_lift_mse_degree_3": -0.31970028951764107,
    "nonlinear_lift_r2_degree_3": -2.2563870617696424,
    "poly_mse_canonical": 7.081298826960847e-05,
    "poly_correlation_canonical": 0.9995995759963989,
    "poly_r2_canonical": 0.9991993449434241,
    "linear_baseline_mse_canonical": 0.08844325691461563,
    "linear_baseline_correlation_canonical": 0.0025245880242437124,
    "linear_baseline_r2_canonical": 6.318062380050726e-06,
    "nonlinear_lift_mse_canonical": 0.08837244392634602,
    "nonlinear_lift_r2_canonical": 0.999193026881044,
    "poly_eval_headline": 0.999193026881044
  },
  "payload": {
    "version": 1,
    "config": {
      "seed": 42,
      "input_scale": 1.0,
      "degrees": [
        1,
        2,
        3
      ],
      "seq_len": 128,
      "d_model": 64,
      "n_heads": 4,
      "d_head": 16
    },
    "sweep": [
      {
        "degree": 1,
        "mse": 0.536347508430481,
        "correlation": -0.003014987800270319,
        "variance_explained": -0.6156319403030364
      },
      {
        "degree": 2,
        "mse": 7.081298826960847e-05,
        "correlation": 0.9995995759963989,
        "variance_explained": 0.9991993449434241
      },
      {
        "degree": 3,
        "mse": 0.3425002694129944,
        "correlation": -0.0015537403523921967,
        "variance_explained": -1.4173052133362347
      }
    ],
    "linear_baseline": [
      {
        "degree": 1,
        "mse": 4.946838494390704e-09,
        "correlation": 1.0,
        "variance_explained": 0.999999985098709
      },
      {
        "degree": 2,
        "mse": 0.08844325691461563,
        "correlation": 0.0025245880242437124,
        "variance_explained": 6.318062380050726e-06
      },
      {
        "degree": 3,
        "mse": 0.022799979895353317,
        "correlation": 0.9160141348838806,
        "variance_explained": 0.8390818484334077
      }
    ]
  }
}