{
  "goal": "attention_histogram",
  "attempt": "pass_2",
  "run_id": "20260613T215709Z",
  "metrics": {
    "version": 1,
    "attention_sharpness_sim_0p0": 0.9809551096968903,
    "attention_entropy_sim_0p0": 0.05280364807069559,
    "target_hit_rate_sim_0p0": 0.8125,
    "linear_baseline_sharpness_sim_0p0": 0.005632795041497524,
    "linear_baseline_hit_rate_sim_0p0": 0.8125,
    "attention_sharpness_sim_0p2": 0.9446223178125285,
    "attention_entropy_sim_0p2": 0.15353953709676235,
    "target_hit_rate_sim_0p2": 0.625,
    "linear_baseline_sharpness_sim_0p2": 0.00537076232907812,
    "linear_baseline_hit_rate_sim_0p2": 0.5,
    "attention_sharpness_sim_0p4": 0.9418297298507938,
    "attention_entropy_sim_0p4": 0.16128223498533031,
    "target_hit_rate_sim_0p4": 0.625,
    "linear_baseline_sharpness_sim_0p4": 0.003731030360191033,
    "linear_baseline_hit_rate_sim_0p4": 0.5625,
    "attention_sharpness_sim_0p6": 0.8243346388345165,
    "attention_entropy_sim_0p6": 0.48704779925559744,
    "target_hit_rate_sim_0p6": 0.375,
    "linear_baseline_sharpness_sim_0p6": 0.0030138141775669716,
    "linear_baseline_hit_rate_sim_0p6": 0.0625,
    "attention_sharpness_sim_0p8": 0.40252355777142734,
    "attention_entropy_sim_0p8": 1.6565564455268889,
    "target_hit_rate_sim_0p8": 0.875,
    "linear_baseline_sharpness_sim_0p8": 0.0016338704558353581,
    "linear_baseline_hit_rate_sim_0p8": 0.0,
    "attention_sharpness_canonical": 0.9809551096968903,
    "target_hit_rate_canonical": 0.8125,
    "lift_over_baseline_canonical": 0.9753223146553928,
    "histogram_robustness": 0.41033840773387165,
    "mean_target_hit_rate": 0.6625
  },
  "payload": {
    "version": 1,
    "model_name": "iter_denoise_attn(b1=12,b2=20)",
    "d": 32,
    "n_positions": 16,
    "chance_hit_rate": 0.0625,
    "canonical_similarity": 0.0,
    "key_sim_sweep": [
      0.0,
      0.2,
      0.4,
      0.6,
      0.8
    ],
    "sweep": [
      {
        "similarity": 0.0,
        "attention_sharpness": 0.9809551096968903,
        "attention_entropy": 0.05280364807069559,
        "target_hit_rate": 0.8125,
        "n_seeds": 16
      },
      {
        "similarity": 0.2,
        "attention_sharpness": 0.9446223178125285,
        "attention_entropy": 0.15353953709676235,
        "target_hit_rate": 0.625,
        "n_seeds": 16
      },
      {
        "similarity": 0.4,
        "attention_sharpness": 0.9418297298507938,
        "attention_entropy": 0.16128223498533031,
        "target_hit_rate": 0.625,
        "n_seeds": 16
      },
      {
        "similarity": 0.6,
        "attention_sharpness": 0.8243346388345165,
        "attention_entropy": 0.48704779925559744,
        "target_hit_rate": 0.375,
        "n_seeds": 16
      },
      {
        "similarity": 0.8,
        "attention_sharpness": 0.40252355777142734,
        "attention_entropy": 1.6565564455268889,
        "target_hit_rate": 0.875,
        "n_seeds": 16
      }
    ],
    "linear_baseline": [
      {
        "similarity": 0.0,
        "attention_sharpness": 0.005632795041497524,
        "target_hit_rate": 0.8125,
        "n_seeds": 16
      },
      {
        "similarity": 0.2,
        "attention_sharpness": 0.00537076232907812,
        "target_hit_rate": 0.5,
        "n_seeds": 16
      },
      {
        "similarity": 0.4,
        "attention_sharpness": 0.003731030360191033,
        "target_hit_rate": 0.5625,
        "n_seeds": 16
      },
      {
        "similarity": 0.6,
        "attention_sharpness": 0.0030138141775669716,
        "target_hit_rate": 0.0625,
        "n_seeds": 16
      },
      {
        "similarity": 0.8,
        "attention_sharpness": 0.0016338704558353581,
        "target_hit_rate": 0.0,
        "n_seeds": 16
      }
    ]
  }
}