{
  "goal": "attention_knapsack",
  "attempt": "first_pass",
  "run_id": "20260613T214942Z",
  "metrics": {
    "version": 1,
    "knapsack_optimality_n_8_tau_0p3_rho_neg0p5": 0.9652863846302381,
    "knapsack_optimality_n_8_tau_0p3_rho_0p0": 0.910961604647267,
    "knapsack_optimality_n_8_tau_0p3_rho_0p5": 0.8776639615066429,
    "knapsack_optimality_n_8_tau_0p5_rho_neg0p5": 0.9577526306368308,
    "knapsack_optimality_n_8_tau_0p5_rho_0p0": 0.9020080728320284,
    "knapsack_optimality_n_8_tau_0p5_rho_0p5": 0.8643391916592011,
    "knapsack_optimality_n_8_tau_0p7_rho_neg0p5": 0.9607721814415564,
    "knapsack_optimality_n_8_tau_0p7_rho_0p0": 0.8709097571612928,
    "knapsack_optimality_n_8_tau_0p7_rho_0p5": 0.8510907951113944,
    "knapsack_optimality_n_10_tau_0p3_rho_neg0p5": 0.9449389409286941,
    "knapsack_optimality_n_10_tau_0p3_rho_0p0": 0.879894858856626,
    "knapsack_optimality_n_10_tau_0p3_rho_0p5": 0.8094079495098312,
    "knapsack_optimality_n_10_tau_0p5_rho_neg0p5": 0.9483118112206577,
    "knapsack_optimality_n_10_tau_0p5_rho_0p0": 0.8735083567789435,
    "knapsack_optimality_n_10_tau_0p5_rho_0p5": 0.8667228529094732,
    "knapsack_optimality_n_10_tau_0p7_rho_neg0p5": 0.948389368167132,
    "knapsack_optimality_n_10_tau_0p7_rho_0p0": 0.8935388855471111,
    "knapsack_optimality_n_10_tau_0p7_rho_0p5": 0.8497490380875006,
    "knapsack_optimality_n_12_tau_0p3_rho_neg0p5": 0.9459237655135619,
    "knapsack_optimality_n_12_tau_0p3_rho_0p0": 0.886280767255567,
    "knapsack_optimality_n_12_tau_0p3_rho_0p5": 0.8394426559497893,
    "knapsack_optimality_n_12_tau_0p5_rho_neg0p5": 0.9587820304657251,
    "knapsack_optimality_n_12_tau_0p5_rho_0p0": 0.8741090551237968,
    "knapsack_optimality_n_12_tau_0p5_rho_0p5": 0.8409179963446471,
    "knapsack_optimality_n_12_tau_0p7_rho_neg0p5": 0.9553414215711965,
    "knapsack_optimality_n_12_tau_0p7_rho_0p0": 0.8845778061121131,
    "knapsack_optimality_n_12_tau_0p7_rho_0p5": 0.8719161907039781,
    "knapsack_optimality_canonical": 0.8735083567789435,
    "lift_over_random_canonical": 0.7623606447370543,
    "lift_over_greedy_value_canonical": -11.42927235619865,
    "lift_over_greedy_ratio_canonical": -7.543123056026817,
    "random_baseline_optimality_canonical": 0.4677159299599397,
    "greedy_value_baseline_optimality_canonical": 0.9898230854070895,
    "greedy_ratio_baseline_optimality_canonical": 0.9851937467842252
  },
  "payload": {
    "version": 1,
    "canonical_condition": {
      "n_items": 10,
      "capacity_fraction": 0.5,
      "value_weight_corr": 0.0
    },
    "sweep": [
      {
        "n_items": 8,
        "capacity_fraction": 0.30000001192092896,
        "value_weight_corr": -0.5,
        "model_value": 207.83259817399085,
        "optimal_value": 215.30667114257812,
        "random_baseline_value": 102.30859375,
        "greedy_value_baseline": 214.9671630859375,
        "greedy_ratio_baseline": 214.4995574951172,
        "batch_size": 256
      },
      {
        "n_items": 8,
        "capacity_fraction": 0.30000001192092896,
        "value_weight_corr": 0.0,
        "model_value": 119.51967486832291,
        "optimal_value": 131.20166015625,
        "random_baseline_value": 59.977272033691406,
        "greedy_value_baseline": 130.1852569580078,
        "greedy_ratio_baseline": 128.6717529296875,
        "batch_size": 256
      },
      {
        "n_items": 8,
        "capacity_fraction": 0.30000001192092896,
        "value_weight_corr": 0.5,
        "model_value": 115.63402146846056,
        "optimal_value": 131.75204467773438,
        "random_baseline_value": 60.45557403564453,
        "greedy_value_baseline": 128.5573272705078,
        "greedy_ratio_baseline": 127.69239807128906,
        "batch_size": 256
      },
      {
        "n_items": 8,
        "capacity_fraction": 0.5,
        "value_weight_corr": -0.5,
        "model_value": 214.8117151632905,
        "optimal_value": 224.28726196289062,
        "random_baseline_value": 107.31790161132812,
        "greedy_value_baseline": 224.16163635253906,
        "greedy_ratio_baseline": 223.05564880371094,
        "batch_size": 256
      },
      {
        "n_items": 8,
        "capacity_fraction": 0.5,
        "value_weight_corr": 0.0,
        "model_value": 131.86094255559146,
        "optimal_value": 146.1859893798828,
        "random_baseline_value": 68.11032104492188,
        "greedy_value_baseline": 145.02178955078125,
        "greedy_ratio_baseline": 143.786865234375,
        "batch_size": 256
      },
      {
        "n_items": 8,
        "capacity_fraction": 0.5,
        "value_weight_corr": 0.5,
        "model_value": 151.9215270858258,
        "optimal_value": 175.76609802246094,
        "random_baseline_value": 81.8741455078125,
        "greedy_value_baseline": 174.21218872070312,
        "greedy_ratio_baseline": 172.39141845703125,
        "batch_size": 256
      },
      {
        "n_items": 8,
        "capacity_fraction": 0.699999988079071,
        "value_weight_corr": -0.5,
        "model_value": 218.9242913108319,
        "optimal_value": 227.86285400390625,
        "random_baseline_value": 110.39202880859375,
        "greedy_value_baseline": 227.6873321533203,
        "greedy_ratio_baseline": 227.38870239257812,
        "batch_size": 256
      },
      {
        "n_items": 8,
        "capacity_fraction": 0.699999988079071,
        "value_weight_corr": 0.0,
        "model_value": 141.50637043267488,
        "optimal_value": 162.48109436035156,
        "random_baseline_value": 77.3638916015625,
        "greedy_value_baseline": 162.0054473876953,
        "greedy_ratio_baseline": 160.83132934570312,
        "batch_size": 256
      },
      {
        "n_items": 8,
        "capacity_fraction": 0.699999988079071,
        "value_weight_corr": 0.5,
        "model_value": 175.8174679093063,
        "optimal_value": 206.5789794921875,
        "random_baseline_value": 98.51889038085938,
        "greedy_value_baseline": 204.7042999267578,
        "greedy_ratio_baseline": 203.1466064453125,
        "batch_size": 256
      },
      {
        "n_items": 10,
        "capacity_fraction": 0.30000001192092896,
        "value_weight_corr": -0.5,
        "model_value": 255.28877379372716,
        "optimal_value": 270.164306640625,
        "random_baseline_value": 127.59452819824219,
        "greedy_value_baseline": 269.317138671875,
        "greedy_ratio_baseline": 268.6040344238281,
        "batch_size": 256
      },
      {
        "n_items": 10,
        "capacity_fraction": 0.30000001192092896,
        "value_weight_corr": 0.0,
        "model_value": 145.9129660553299,
        "optimal_value": 165.8300018310547,
        "random_baseline_value": 75.88876342773438,
        "greedy_value_baseline": 163.93023681640625,
        "greedy_ratio_baseline": 163.45571899414062,
        "batch_size": 256
      },
      {
        "n_items": 10,
        "capacity_fraction": 0.30000001192092896,
        "value_weight_corr": 0.5,
        "model_value": 135.39655044861138,
        "optimal_value": 167.27850341796875,
        "random_baseline_value": 75.96897888183594,
        "greedy_value_baseline": 162.4044647216797,
        "greedy_ratio_baseline": 162.6231689453125,
        "batch_size": 256
      },
      {
        "n_items": 10,
        "capacity_fraction": 0.5,
        "value_weight_corr": -0.5,
        "model_value": 274.8470000587404,
        "optimal_value": 289.8276672363281,
        "random_baseline_value": 137.77134704589844,
        "greedy_value_baseline": 289.5750732421875,
        "greedy_ratio_baseline": 288.56097412109375,
        "batch_size": 256
      },
      {
        "n_items": 10,
        "capacity_fraction": 0.5,
        "value_weight_corr": 0.0,
        "model_value": 164.54777648486197,
        "optimal_value": 188.375732421875,
        "random_baseline_value": 88.10633087158203,
        "greedy_value_baseline": 186.45864868164062,
        "greedy_ratio_baseline": 185.5865936279297,