{
  "cos": [
    0.0,
    0.2,
    0.4,
    0.6,
    0.8
  ],
  "corrected": {
    "not_sharpness": [
      1.0,
      1.0,
      1.0,
      1.0,
      1.0
    ],
    "suppression_gap": [
      0.9989795153469458,
      0.9989795153605883,
      0.9989795155479442,
      0.9989795153469458,
      0.9989795154460808
    ],
    "attend_specificity": [
      0.9972722868557254,
      0.9968512360186518,
      0.9971668052994107,
      0.9972778220505139,
      0.9970725373636529
    ]
  },
  "naive": {
    "not_sharpness": [
      1.0,
      1.0,
      1.0,
      1.0,
      1.0
    ],
    "suppression_gap": [
      0.9989795153751402,
      0.964471788924584,
      0.4258953313354823,
      0.019866878176401315,
      0.0005534212316291587
    ],
    "attend_specificity": [
      0.9972722918794069,
      0.9968512256633738,
      0.9971667738880785,
      0.9972777663799359,
      0.9970718374164573
    ]
  },
  "baseline": {
    "not_sharpness": [
      0.5,
      0.5,
      0.5,
      0.5,
      0.5
    ]
  },
  "xA_norm": [
    34.23881912231445,
    37.430240631103516,
    42.29994583129883,
    50.732208251953125,
    70.30558013916016
  ],
  "examples": {
    "0.0": {
      "corrected": {
        "A1B0": [
          0.9989946484565735,
          0.00033512551453895867,
          0.00033512551453895867,
          0.00033512551453895867
        ],
        "A1B1": [
          1.5133109627640806e-05,
          0.3333283066749573,
          0.3333283066749573,
          0.3333283066749573
        ],
        "A0B0": [
          0.0060681733302772045,
          0.33131060004234314,
          0.33131060004234314,
          0.33131060004234314
        ],
        "A0B1": [
          9.298244812994128e-11,
          0.3333333432674408,
          0.3333333432674408,
          0.3333333432674408
        ]
      },
      "naive": {
        "A1B0": [
          0.9989946484565735,
          0.00033512551453895867,
          0.00033512551453895867,
          0.00033512551453895867
        ],
        "A1B1": [
          1.5133081433305051e-05,
          0.3333283066749573,
          0.3333283066749573,
          0.3333283066749573
        ],
        "A0B0": [
          0.006068162154406309,
          0.33131060004234314,
          0.33131060004234314,
          0.33131060004234314
        ],
        "A0B1": [
          9.298226771869977e-11,
          0.3333333432674408,
          0.3333333432674408,
          0.3333333432674408
        ]
      }
    },
    "0.8": {
      "corrected": {
        "A1B0": [
          0.9989946484565735,
          0.00033512472873553634,
          0.00033512472873553634,
          0.00033512472873553634
        ],
        "A1B1": [
          1.5133010492718313e-05,
          0.3333283066749573,
          0.3333283066749573,
          0.3333283066749573
        ],
        "A0B0": [
          0.006068184040486813,
          0.33131060004234314,
          0.33131060004234314,
          0.33131060004234314
        ],
        "A0B1": [
          9.298226771869977e-11,
          0.3333333432674408,
          0.3333333432674408,
          0.3333333432674408
        ]
      },
      "naive": {
        "A1B0": [
          0.0005535457748919725,
          0.3331488072872162,
          0.3331488072872162,
          0.3331488072872162
        ],
        "A1B1": [
          1.2454326281385875e-07,
          0.333333283662796,
          0.333333283662796,
          0.333333283662796
        ],
        "A0B0": [
          0.006068162154406309,
          0.33131060004234314,
          0.33131060004234314,
          0.33131060004234314
        ],
        "A0B1": [
          1.3728600833928795e-06,
          0.3333328664302826,
          0.3333328664302826,
          0.3333328664302826
        ]
      }
    }
  },
  "constants": {
    "ALPHA": 12.0,
    "BETA": 18.0,
    "DELTA": -4.0
  }
}