{
  "summary": {
    "full": 0.9999782787908401,
    "ablated": 0.3713133640552996,
    "uniform": 0.3713133640552996
  },
  "per_span": {
    "span": [
      3,
      4,
      5,
      6,
      7,
      8
    ],
    "full": [
      1.0,
      0.9999646921468286,
      1.0,
      0.9999455268819701,
      1.0,
      0.9998789499097566
    ],
    "uniform": [
      0.5,
      0.3333333333333334,
      0.25,
      0.2266666666666667,
      0.16666666666666666,
      0.22857142857142856
    ]
  },
  "examples": [
    {
      "label": ")())))) cell(1,4)",
      "seq_str": ")()))))",
      "seq": [
        1,
        0,
        1,
        1,
        1,
        1,
        1
      ],
      "i": 1,
      "j": 4,
      "candidates": [
        2,
        3
      ],
      "scores": [
        0.0,
        1.0
      ],
      "correct": [
        3
      ],
      "depths": [
        0,
        -1,
        0,
        -1,
        -2,
        -3,
        -4,
        -5
      ]
    },
    {
      "label": "()(())() cell(0,8)",
      "seq_str": "()(())()",
      "seq": [
        0,
        1,
        0,
        0,
        1,
        1,
        0,
        1
      ],
      "i": 0,
      "j": 8,
      "candidates": [
        1,
        2,
        3,
        4,
        5,
        6,
        7
      ],
      "scores": [
        2.269790456921328e-05,
        0.49995458126068115,
        2.269790456921328e-05,
        2.123984125691452e-18,
        2.269790456921328e-05,
        0.49995458126068115,
        2.269790456921328e-05
      ],
      "correct": [
        2,
        6
      ],
      "depths": [
        0,
        1,
        0,
        1,
        2,
        1,
        0,
        1,
        0
      ]
    },
    {
      "label": ")()))(( cell(1,4)",
      "seq_str": ")()))((",
      "seq": [
        1,
        0,
        1,
        1,
        1,
        0,
        0
      ],
      "i": 1,
      "j": 4,
      "candidates": [
        2,
        3
      ],
      "scores": [
        0.0,
        1.0
      ],
      "correct": [
        3
      ],
      "depths": [
        0,
        -1,
        0,
        -1,
        -2,
        -3,
        -2,
        -1
      ]
    },
    {
      "label": ")()) cell(1,4)",
      "seq_str": ")())",
      "seq": [
        1,
        0,
        1,
        1
      ],
      "i": 1,
      "j": 4,
      "candidates": [
        2,
        3
      ],
      "scores": [
        0.0,
        1.0
      ],
      "correct": [
        3
      ],
      "depths": [
        0,
        -1,
        0,
        -1,
        -2
      ]
    },
    {
      "label": ")(()) cell(1,5)",
      "seq_str": ")(())",
      "seq": [
        1,
        0,
        0,
        1,
        1
      ],
      "i": 1,
      "j": 5,
      "candidates": [
        2,
        3,
        4
      ],
      "scores": [
        1.0,
        0.0,
        0.0
      ],
      "correct": [
        2
      ],
      "depths": [
        0,
        -1,
        0,
        1,
        0,
        -1
      ]
    },
    {
      "label": "())())() cell(0,3)",
      "seq_str": "())())()",
      "seq": [
        0,
        1,
        1,
        0,
        1,
        1,
        0,
        1
      ],
      "i": 0,
      "j": 3,
      "candidates": [
        1,
        2
      ],
      "scores": [
        0.0,
        1.0
      ],
      "correct": [
        2
      ],
      "depths": [
        0,
        1,
        0,
        -1,
        0,
        -1,
        -2,
        -1,
        -2
      ]
    },
    {
      "label": "((()) cell(1,5)",
      "seq_str": "((())",
      "seq": [
        0,
        0,
        0,
        1,
        1
      ],
      "i": 1,
      "j": 5,
      "candidates": [
        2,
        3,
        4
      ],
      "scores": [
        1.0,
        0.0,
        0.0
      ],
      "correct": [
        2
      ],
      "depths": [
        0,
        1,
        2,
        3,
        2,
        1
      ]
    },
    {
      "label": ")))))()() cell(5,9)",
      "seq_str": ")))))()()",
      "seq": [
        1,
        1,
        1,
        1,
        1,
        0,
        1,
        0,
        1
      ],
      "i": 5,
      "j": 9,
      "candidates": [
        6,
        7,
        8
      ],
      "scores": [
        4.539580913842656e-05,
        0.9999091625213623,
        4.539580913842656e-05
      ],
      "correct": [
        7
      ],
      "depths": [
        0,
        -1,
        -2,
        -3,
        -4,
        -5,
        -4,
        -5,
        -4,
        -5
      ]
    },
    {
      "label": "((()()( cell(2,6)",
      "seq_str": "((()()(",
      "seq": [
        0,
        0,
        0,
        1,
        0,
        1,
        0
      ],
      "i": 2,
      "j": 6,
      "candidates": [
        3,
        4,
        5
      ],
      "scores": [
        4.539580913842656e-05,
        0.9999091625213623,
        4.539580913842656e-05
      ],
      "correct": [
        4
      ],
      "depths": [
        0,
        1,
        2,
        3,
        2,
        3,
        2,
        3
      ]
    },
    {
      "label": "()))( cell(0,3)",
      "seq_str": "()))(",
      "seq": [
        0,
        1,
        1,
        1,
        0
      ],
      "i": 0,
      "j": 3,
      "candidates": [
        1,
        2
      ],
      "scores": [
        0.0,
        1.0
      ],
      "correct": [
        2
      ],
      "depths": [
        0,
        1,
        0,
        -1,
        -2,
        -1
      ]
    }
  ]
}