{
  "intact_alignment": 0.9305556416511536,
  "corrupted_src_alignment": 0.125368133187294,
  "baseline": 0.125
}