{
  "best_head": 4,
  "src": [
    8,
    25,
    43,
    6,
    6,
    28,
    3,
    47
  ],
  "tgt": [
    43,
    47,
    3,
    8,
    6,
    6,
    25,
    28
  ],
  "perm": [
    2,
    7,
    6,
    0,
    4,
    3,
    1,
    5
  ],
  "attn": [
    [
      2.651523232088948e-07,
      1.8220983832861748e-08,
      0.9999924898147583,
      6.600200208595197e-08,
      6.600200208595197e-08,
      7.034707323327893e-06,
      6.699393484410621e-09,
      4.618651923589401e-13
    ],
    [
      3.272113531238574e-07,
      2.4023271219530962e-11,
      6.329894833116689e-14,
      1.6880741528463132e-14,
      1.6880741528463132e-14,
      1.0978602749123212e-10,
      7.105188104539195e-10,
      0.9999996423721313
    ],
    [
      3.0668452382087708e-06,
      1.9118688854291577e-09,
      1.328527843291738e-09,
      6.917852068966113e-09,
      6.917852068966113e-09,
      1.3847248965248582e-06,
      0.9999954700469971,
      2.2648125597157787e-09
    ],
    [
      0.999984622001648,
      1.1193434688253762e-13,
      1.4417122429222218e-07,
      2.286098599313391e-08,
      2.286098599313391e-08,
      1.1193299542355817e-05,
      3.583203351809061e-06,
      5.24811753166432e-07
    ],
    [
      2.9655062405709032e-08,
      1.1350964612688585e-10,
      4.8270340613498774e-08,
      0.4999999403953552,
      0.4999999403953552,
      8.438890120032738e-08,
      2.2144501343746015e-08,
      5.5740792027653835e-14
    ],
    [
      2.9655062405709032e-08,
      1.1350964612688585e-10,
      4.8270340613498774e-08,
      0.4999999403953552,
      0.4999999403953552,
      8.438890120032738e-08,
      2.2144501343746015e-08,
      5.5740792027653835e-14
    ],
    [
      3.8958577032802144e-13,
      1.0,
      7.698887749540972e-09,
      1.2124566628468614e-10,
      1.2124566628468614e-10,
      2.844567842993223e-13,
      1.7787320061302125e-08,
      6.780078720680649e-10
    ],
    [
      2.2148383322928566e-06,
      4.739552934146518e-13,
      2.170115521948901e-06,
      2.3146602856627396e-08,
      2.3146602856627396e-08,
      0.9999954700469971,
      9.045950122299473e-08,
      1.5355882121426134e-09
    ]
  ]
}