{
  "goal": "attention_count",
  "attempt": "pass_2",
  "run_id": "20260613T135526Z",
  "metrics": {
    "version": 1,
    "count_exact_accuracy_n_1": 0.44,
    "count_mae_n_1": 0.6451132526621223,
    "mean_estimate_n_1": 0.5820106479898095,
    "count_exact_accuracy_n_2": 0.37,
    "count_mae_n_2": 0.7660179876536131,
    "mean_estimate_n_2": 1.3638765240460635,
    "count_exact_accuracy_n_3": 0.165,
    "count_mae_n_3": 1.104398722499609,
    "mean_estimate_n_3": 1.9353215004503728,
    "count_exact_accuracy_n_4": 0.065,
    "count_mae_n_4": 1.398402837216854,
    "mean_estimate_n_4": 2.601597162783146,
    "count_exact_accuracy_n_5": 0.015,
    "count_mae_n_5": 1.6883449721336365,
    "mean_estimate_n_5": 3.311684730052948,
    "count_exact_accuracy_n_6": 0.0,
    "count_mae_n_6": 1.9862648940086365,
    "mean_estimate_n_6": 4.013735105991364,
    "count_exact_accuracy_n_7": 0.0,
    "count_mae_n_7": 2.3484481561183927,
    "mean_estimate_n_7": 4.651551843881607,
    "count_exact_accuracy_n_8": 0.0,
    "count_mae_n_8": 2.735087687969208,
    "mean_estimate_n_8": 5.264912312030792,
    "count_exact_accuracy": 0.131875,
    "count_mae_mean": 1.584009813782759,
    "count_correlation": 0.9996686409325584,
    "count_robustness": 0.0,
    "count_exact_accuracy_canonical": 0.065,
    "count_mae_canonical": 1.398402837216854,
    "constant_baseline_accuracy": 0.125,
    "constant_baseline_mae": 2.0,
    "lift_over_constant_accuracy": 0.006874999999999992
  },
  "payload": {
    "version": 1,
    "task": "synthetic_attention_count",
    "n_positions": 16,
    "d_model": 32,
    "n_trials": 200,
    "true_counts": [
      1,
      2,
      3,
      4,
      5,
      6,
      7,
      8
    ],
    "baseline_pred": 4,
    "sweep": [
      {
        "true_count": 1,
        "mae": 0.6451132526621223,
        "rmse": 0.8028232426061566,
        "exact_accuracy": 0.44,
        "mean_estimate": 0.5820106479898095
      },
      {
        "true_count": 2,
        "mae": 0.7660179876536131,
        "rmse": 0.9307393409841735,
        "exact_accuracy": 0.37,
        "mean_estimate": 1.3638765240460635
      },
      {
        "true_count": 3,
        "mae": 1.104398722499609,
        "rmse": 1.2550197911266214,
        "exact_accuracy": 0.165,
        "mean_estimate": 1.9353215004503728
      },
      {
        "true_count": 4,
        "mae": 1.398402837216854,
        "rmse": 1.5296508698207545,
        "exact_accuracy": 0.065,
        "mean_estimate": 2.601597162783146
      },
      {
        "true_count": 5,
        "mae": 1.6883449721336365,
        "rmse": 1.7898450935661832,
        "exact_accuracy": 0.015,
        "mean_estimate": 3.311684730052948
      },
      {
        "true_count": 6,
        "mae": 1.9862648940086365,
        "rmse": 2.081030836990922,
        "exact_accuracy": 0.0,
        "mean_estimate": 4.013735105991364
      },
      {
        "true_count": 7,
        "mae": 2.3484481561183927,
        "rmse": 2.426728606483928,
        "exact_accuracy": 0.0,
        "mean_estimate": 4.651551843881607
      },
      {
        "true_count": 8,
        "mae": 2.735087687969208,
        "rmse": 2.7977318155856694,
        "exact_accuracy": 0.0,
        "mean_estimate": 5.264912312030792
      }
    ],
    "baseline_sweep": [
      {
        "true_count": 1,
        "mae": 3.0,
        "exact_accuracy": 0.0
      },
      {
        "true_count": 2,
        "mae": 2.0,
        "exact_accuracy": 0.0
      },
      {
        "true_count": 3,
        "mae": 1.0,
        "exact_accuracy": 0.0
      },
      {
        "true_count": 4,
        "mae": 0.0,
        "exact_accuracy": 1.0
      },
      {
        "true_count": 5,
        "mae": 1.0,
        "exact_accuracy": 0.0
      },
      {
        "true_count": 6,
        "mae": 2.0,
        "exact_accuracy": 0.0
      },
      {
        "true_count": 7,
        "mae": 3.0,
        "exact_accuracy": 0.0
      },
      {
        "true_count": 8,
        "mae": 4.0,
        "exact_accuracy": 0.0
      }
    ]
  }
}