{
  "vocab_sizes": [
    2,
    4,
    8,
    16,
    32,
    64
  ],
  "mass": [
    0.3342753075080239,
    0.5021025903360898,
    0.638100590094074,
    0.7847768999894846,
    0.9045401658514057,
    0.9240545099859194
  ],
  "lift": [
    0.2717753075080239,
    0.43960259033608984,
    0.575600590094074,
    0.7222768999894846,
    0.8420401658514057,
    0.8615545099859194
  ],
  "baseline": [
    0.0625,
    0.0625,
    0.0625,
    0.0625,
    0.0625,
    0.0625
  ],
  "seq_len": 16
}