{"index": 144, "seq_a": [7, 4, 4, 2, 4, 4, 0, 0, 6, 1, 7, 4, 2, 4, 2, 0], "seq_b": [0, 4, 2, 4, 4, 4, 0, 6, 0, 3, 1, 4, 4, 0, 7, 7], "match_keys": [[], [1], [3], [], [4], [5], [6], [8], [], [10], [], [11], [], [12], [], [13]], "attn_full": [[0.00010088358976645395, 2.2510173948830925e-05, 5.022698587708874e-06, 1.1207155239389976e-06, 2.5006542614391947e-07, 5.579714112968759e-08, 1.2450025010934951e-08, 2.7779760713997348e-09, 6.198502267018569e-10, 1.3830728229358158e-10, 3.086052594025723e-11, 6.88591414790829e-12, 1.536454991013514e-12, 3.4282947032442113e-13, 0.8174682259559631, 0.18240182101726532], [1.9635287590736433e-14, 0.9404017925262451, 1.9635287590736433e-14, 0.04681984707713127, 0.010446920990943909, 0.0023310231044888496, 4.867101276632208e-17, 1.0859970716966832e-17, 2.423187140575611e-18, 5.406860904074037e-19, 1.206433876120641e-19, 2.876710993859888e-07, 6.418810016839416e-08, 1.3402269676629513e-21, 2.990450270222324e-22, 6.672596375118757e-23], [9.186260354287178e-15, 0.4399617314338684, 1.845109622814617e-13, 0.4399617314338684, 0.0981687381863594, 0.02190440520644188, 4.573569221776172e-16, 1.0205013905594898e-16, 2.2770462466237235e-17, 5.080776587233436e-18, 1.1336746041513822e-18, 2.7032183425035328e-06, 6.03169553414773e-07, 1.2593986384833236e-20, 2.8100983404722507e-21, 6.270176970348897e-22], [4.658885768355414e-15, 2.0879678940140776e-14, 1.0, 4.1937956471276017e-13, 9.357622912219837e-14, 2.0879678940140776e-14, 4.658885768355414e-15, 1.0395379134185484e-15, 2.3195229636950566e-16, 5.175554941819762e-17, 1.1548223864099742e-17, 2.57675715040399e-18, 5.749522023787777e-19, 1.2828918603495367e-19, 2.862518609581133e-20, 6.387142550591043e-21], [1.5915452617376764e-16, 0.0076224603690207005, 3.1967036134871504e-15, 0.15310120582580566, 0.6861519813537598, 0.15310120582580566, 3.1967036134871504e-15, 7.132809921082484e-16, 1.5915452617376764e-16, 3.551217395099176e-17, 7.923836884428207e-18, 1.889419036160689e-05, 4.215863555145916e-06, 8.802587891325094e-20, 1.9641227546074048e-20, 4.382550711528692e-21], [4.0575187661751234e-17, 0.0019432860426604748, 8.149743383875012e-16, 0.03903194144368172, 0.17492903769016266, 0.7839775085449219, 1.6369198002825526e-14, 3.652461549218588e-15, 8.149743383875012e-16, 1.8184538739529768e-16, 4.0575187661751234e-17, 9.675051114754751e-05, 2.1587959054159e-05, 4.507495858378686e-19, 1.0057583731751134e-19, 2.2441502107030273e-20], [0.00011754009028663859, 4.929391285479901e-17, 2.2091999663398381e-16, 9.900945885840651e-16, 4.437296020123058e-15, 1.9886583631461945e-14, 0.9524372220039368, 1.9886583631461945e-14, 0.04741905629634857, 9.900945885840651e-16, 2.2091999663398381e-16, 4.929391285479901e-17, 1.0998958566571668e-17, 2.6226740374113433e-05, 5.47605869821716e-19, 1.2218739777357676e-19], [6.168403342599049e-05, 2.5869023138217998e-17, 1.1593691997138311e-16, 5.195931444331597e-16, 2.3286551435367604e-15, 1.0436309036746232e-14, 0.4998309016227722, 2.0961886198177238e-13, 0.4998309016227722, 1.0436309036746232e-14, 2.3286551435367604e-15, 5.195931444331597e-16, 1.1593691997138311e-16, 0.0002764486416708678, 5.772158958623633e-18, 1.2879428578143327e-18], [2.57675715040399e-18, 1.1548223864099742e-17, 5.175554941819762e-17, 2.3195229636950566e-16, 1.0395379134185484e-15, 4.658885768355414e-15, 2.0879678940140776e-14, 1.0, 4.1937956471276017e-13, 9.357622912219837e-14, 2.0879678940140776e-14, 4.658885768355414e-15, 1.0395379134185484e-15, 2.3195229636950566e-16, 5.175554941819762e-17, 1.1548223864099742e-17], [5.749522023787777e-19, 2.57675715040399e-18, 1.1548223864099742e-17, 5.175554941819762e-17, 2.3195229636950566e-16, 1.0395379134185484e-15, 4.658885768355414e-15, 2.0879678940140776e-14, 9.357622912219837e-14, 4.1937956471276017e-13, 1.0, 2.0879678940140776e-14, 4.658885768355414e-15, 1.0395379134185484e-15, 2.3195229636950566e-16, 5.175554941819762e-17], [9.441532155908864e-18, 4.2314013953566304e-17, 1.8963826256360465e-16, 8.498996243851641e-16, 3.808986038091131e-15, 1.7070692055016698e-14, 7.650553367904989e-14, 3.4287400392865597e-13, 1.5366545926334685e-12, 6.886808831541025e-12, 3.086453662093369e-11, 6.886808831541025e-12, 1.5366545926334685e-12, 3.4287400392865597e-13, 0.8175744414329529, 0.18242551386356354], [5.2212928695086386e-21, 2.500657387827232e-07, 1.0487246545070465e-19, 5.022704954171786e-06, 2.251020305266138e-05, 0.00010088372073369101, 4.2308571105135705e-17, 1.8961387066170169e-16, 8.497903041954091e-16, 3.808496029531145e-15, 1.7068496545617415e-14, 0.8174692392349243, 0.18240205943584442, 3.808496029531145e-15, 8.497903041954091e-16, 1.8961387066170169e-16], [4.658883650773046e-15, 2.087966877574541e-14, 0.9999995231628418, 4.1937937497738e-13, 1.879527783410495e-12, 8.423459846307324e-12, 3.775132983996343e-11, 1.691897177913404e-10, 7.582556249552397e-10, 3.398266334997402e-09, 1.522997372660484e-08, 6.825599996318488e-08, 3.05902176478412e-07, 6.825599996318488e-08, 1.522997372660484e-08, 3.398266334997402e-09], [1.1651442753500687e-21, 5.58027863917232e-08, 2.3402547038323376e-20, 1.120828869716206e-06, 5.023206540499814e-06, 2.2512451323564164e-05, 9.441260840667946e-18, 4.2312796343704626e-17, 1.896328097890067e-16, 8.498751663088121e-16, 3.808876347324462e-15, 0.1824202686548233, 0.8175508975982666, 3.4286416479394066e-13, 7.650333139338703e-14, 1.707020077590729e-14], [4.6588417226421566e-15, 2.0879482428497013e-14, 0.9999905824661255, 4.193756073748306e-13, 1.8795108698566043e-12, 8.423385253197857e-12, 3.775099330360909e-11, 1.6918820511246935e-10, 7.582488525947895e-10, 3.398235914886527e-09, 1.5229836947128206e-08, 6.825539600185948e-08, 3.058994479943067e-07, 1.370946165479836e-06, 6.14415466770879e-06, 1.370946165479836e-06], [3.396295689128692e-09, 1.4243370591824943e-21, 6.38343598980911e-21, 2.8608574628900647e-20, 1.282147397798239e-19, 5.746185383991891e-19, 2.7520471121533774e-05, 1.1541522046776837e-17, 0.0005527634057216346, 2.3181769754023103e-16, 1.0389346142018665e-15, 4.656182039187778e-15, 2.0867561286797356e-14, 0.9994196891784668, 4.191361884300915e-13, 1.8784379433867127e-12]],