{
  "goal": "attention_induction",
  "attempt": "pass_2",
  "run_id": "20260613T151313Z",
  "metrics": {
    "version": 1,
    "induction_accuracy": 1.0,
    "induction_ce_loss": 0.0054076687523652335,
    "uniform_baseline_accuracy": 0.0078125,
    "uniform_baseline_ce_loss": 4.852030263919617,
    "lift_over_uniform": 0.9921875,
    "num_targets": 2496,
    "induction_accuracy_dist_16": 1.0,
    "induction_ce_loss_dist_16": 0.00099648267488132,
    "num_targets_dist_16": 240,
    "induction_accuracy_dist_32": 1.0,
    "induction_ce_loss_dist_32": 0.006674380478326545,
    "num_targets_dist_32": 496,
    "induction_accuracy_dist_48": 1.0,
    "induction_ce_loss_dist_48": 0.003808624867336613,
    "num_targets_dist_48": 752,
    "induction_accuracy_dist_64": 1.0,
    "induction_ce_loss_dist_64": 0.007027586057981157,
    "num_targets_dist_64": 1008,
    "induction_accuracy_canonical": 1.0,
    "distance_robustness": 1.0
  },
  "payload": {
    "version": 1,
    "model_name": "synthetic_induction",
    "vocab_size": 128,
    "seq_len": 192,
    "canonical_distance": 16,
    "sweep": [
      {
        "distance": 16,
        "num_targets": 240,
        "accuracy": 1.0,
        "ce_loss": 0.00099648267488132,
        "uniform_baseline_accuracy": 0.0078125,
        "uniform_baseline_ce_loss": 4.852030263919617
      },
      {
        "distance": 32,
        "num_targets": 496,
        "accuracy": 1.0,
        "ce_loss": 0.006674380478326545,
        "uniform_baseline_accuracy": 0.0078125,
        "uniform_baseline_ce_loss": 4.852030263919617
      },
      {
        "distance": 48,
        "num_targets": 752,
        "accuracy": 1.0,
        "ce_loss": 0.003808624867336613,
        "uniform_baseline_accuracy": 0.0078125,
        "uniform_baseline_ce_loss": 4.852030263919617
      },
      {
        "distance": 64,
        "num_targets": 1008,
        "accuracy": 1.0,
        "ce_loss": 0.007027586057981157,
        "uniform_baseline_accuracy": 0.0078125,
        "uniform_baseline_ce_loss": 4.852030263919617
      }
    ],
    "aggregate": {
      "accuracy": 1.0,
      "ce_loss": 0.0054076687523652335,
      "num_targets": 2496,
      "uniform_baseline_accuracy": 0.0078125,
      "uniform_baseline_ce_loss": 4.852030263919617
    }
  }
}