{
  "goal": "attention_anagram",
  "attempt": "first_pass",
  "run_id": "20260613T161820Z",
  "metrics": {
    "version": 1,
    "random_baseline_alignment": 0.125,
    "anagram_alignment_swap": 0.9389534760266542,
    "anagram_alignment_rotation": 0.92955800332129,
    "anagram_alignment_random": 0.9404761744663119,
    "anagram_alignment_canonical": 0.9404761744663119,
    "anagram_alignment_max_canonical": 0.9523809552192688,
    "lift_over_random_canonical": 0.8154761744663119,
    "alignment_robustness": 0.9883908051671616
  },
  "payload": {
    "version": 1,
    "config": {
      "seq_len": 8,
      "vocab_size": 50,
      "batch_size": 500,
      "perm_types": [
        "swap",
        "rotation",
        "random"
      ],
      "n_heads": 8,
      "n_layers": 1
    },
    "sweep": [
      {
        "perm_type": "swap",
        "head_alignments": [
          {
            "head_idx": 0,
            "mean_alignment": 0.9389534816145897,
            "max_alignment": 0.9583333730697632,
            "alignment_per_pos": [
              0.9282945394515991,
              0.951550304889679,
              0.9457363486289978,
              0.9360465407371521,
              0.9282945394515991,
              0.9292636513710022,
              0.934108555316925,
              0.9583333730697632
            ]
          },
          {
            "head_idx": 1,
            "mean_alignment": 0.9389534816145897,
            "max_alignment": 0.9583333730697632,
            "alignment_per_pos": [
              0.9282945394515991,
              0.951550304889679,
              0.9457363486289978,
              0.9360465407371521,
              0.9282945394515991,
              0.9292636513710022,
              0.934108555316925,
              0.9583333730697632
            ]
          },
          {
            "head_idx": 2,
            "mean_alignment": 0.9389534816145897,
            "max_alignment": 0.9583333730697632,
            "alignment_per_pos": [
              0.9282945394515991,
              0.951550304889679,
              0.9457363486289978,
              0.9360465407371521,
              0.9282945394515991,
              0.9292636513710022,
              0.934108555316925,
              0.9583333730697632
            ]
          },
          {
            "head_idx": 3,
            "mean_alignment": 0.9389534816145897,
            "max_alignment": 0.9583333730697632,
            "alignment_per_pos": [
              0.9282945394515991,
              0.951550304889679,
              0.9457363486289978,
              0.9360465407371521,
              0.9282945394515991,
              0.9292636513710022,
              0.934108555316925,
              0.9583333730697632
            ]
          },
          {
            "head_idx": 4,
            "mean_alignment": 0.9389534816145897,
            "max_alignment": 0.9583333730697632,
            "alignment_per_pos": [
              0.9282945394515991,
              0.951550304889679,
              0.9457363486289978,
              0.9360465407371521,
              0.9282945394515991,
              0.9292636513710022,
              0.934108555316925,
              0.9583333730697632
            ]
          },
          {
            "head_idx": 5,
            "mean_alignment": 0.9389534816145897,
            "max_alignment": 0.9583333730697632,
            "alignment_per_pos": [
              0.9282945394515991,
              0.951550304889679,
              0.9457363486289978,
              0.9360465407371521,
              0.9282945394515991,
              0.9292636513710022,
              0.934108555316925,
              0.9583333730697632
            ]
          },
          {
            "head_idx": 6,
            "mean_alignment": 0.9389534816145897,
            "max_alignment": 0.9583333730697632,
            "alignment_per_pos": [
              0.9282945394515991,
              0.951550304889679,
              0.9457363486289978,
              0.9360465407371521,
              0.9282945394515991,
              0.9292636513710022,
              0.934108555316925,
              0.9583333730697632
            ]
          },
          {
            "head_idx": 7,
            "mean_alignment": 0.9389534369111061,
            "max_alignment": 0.9583331942558289,
            "alignment_per_pos": [
              0.9282945394515991,
              0.951550304889679,
              0.9457363486289978,
              0.9360465407371521,
              0.9282945394515991,
              0.9292635321617126,
              0.9341084957122803,
              0.9583331942558289
            ]
          }
        ],
        "layer_idx": 0
      },
      {
        "perm_type": "rotation",
        "head_alignments": [
          {
            "head_idx": 0,
            "mean_alignment": 0.9295580089092255,
            "max_alignment": 0.9419889450073242,
            "alignment_per_pos": [
              0.9355432391166687,
              0.9419889450073242,
              0.9364640712738037,
              0.939226508140564,
              0.9263352155685425,
              0.9263352155685425,
              0.9051564931869507,
              0.9254143834114075
            ]
          },
          {
            "head_idx": 1,
            "mean_alignment": 0.9295580089092255,
            "max_alignment": 0.9419889450073242,
            "alignment_per_pos": [
              0.9355432391166687,
              0.9419889450073242,
              0.9364640712738037,
              0.939226508140564,
              0.9263352155685425,
              0.9263352155685425,
              0.9051564931869507,
              0.9254143834114075
            ]
          },
          {
            "head_idx": 2,
            "mean_alignment": 0.9295580089092255,
            "max_alignment": 0.9419889450073242,
            "alignment_per_pos": [
              0.9355432391166687,
              0.9419889450073242,
              0.9364640712738037,
              0.939226508140564,
              0.9263352155685425,
              0.9263352155685425,
              0.9051564931869507,
              0.9254143834114075
            ]
          },
          {
            "head_idx": 3,
            "mean_alignment": 0.9295580089092255,
            "max_alignment": 0.9419889450073242,
            "alignment_per_pos": [
              0.9355432391166687,
              0.9419889450073242,
              0.9364640712738037,
              0.939226508140564,
              0.9263352155685425,
              0.9263352155685425,
              0.9051564931869507,
              0.9254143834114075
            ]
          },
          {
            "head_idx": 4,
            "mean_alignment": 0.9295580089092255,
            "max_alignment": 0.9419889450073242,
            "alignment_per_pos": [
              0.9355432391166687,
              0.9419889450073242,
              0.9364640712738037,
              0.939226508140564,
              0.9263352155685425,
              0.9263352155685425,
              0.9051564931869507,
              0.9254143834114075
            ]
          },
          {
            "head_idx": 5,
            "mean_alignment": 0.9295580089092255,
            "max_alignment": 0.9419889450073242,
            "alignment_per_pos": [
              0.9355432391166687,
              0.9419889450073242,
              0.9364640712738037,
              0.939226508140564,
              0.9263352155685425,
              0.9263352155685425,
              0.9051564931869507,
              0.9254143834114075
            ]
          },
          {
            "head_idx": 6,
            "mean_alignment": 0.9295580089092255,
            "max_alignment": 0.9419889450073242,