{
  "difficulties": [
    0.30000001192092896,
    0.5,
    0.699999988079071,
    0.8999999761581421
  ],
  "run_lengths": [
    1,
    2,
    3,
    4,
    5,
    6,
    8,
    10,
    12,
    16
  ],
  "mae_denoised_by_d": {
    "0.30000001192092896": 3.059765625,
    "0.5": 0.81484375,
    "0.699999988079071": 0.176171875,
    "0.8999999761581421": 0.046875
  },
  "mae_raw_by_d": {
    "0.30000001192092896": 2.37265625,
    "0.5": 0.918359375,
    "0.699999988079071": 0.2125,
    "0.8999999761581421": 0.028515625
  },
  "baseline_mae": 3.8400000000000007,
  "mae_denoised_by_L_d0p5": {
    "1": 1.203125,
    "2": 0.97265625,
    "3": 0.75390625,
    "4": 0.71484375,
    "5": 0.74609375,
    "6": 0.74609375,
    "8": 0.7578125,
    "10": 0.66796875,
    "12": 0.78515625,
    "16": 0.80078125
  },
  "mae_raw_by_L_d0p5": {
    "1": 0.2265625,
    "2": 0.22265625,
    "3": 0.2265625,
    "4": 0.33203125,
    "5": 0.46875,
    "6": 0.53125,
    "8": 0.94140625,
    "10": 1.7265625,
    "12": 1.671875,
    "16": 2.8359375
  },
  "threshold": 0.5
}