{
  "n_positions": 16,
  "examples": [
    {
      "similarity": 0.0,
      "target_index": 12,
      "mech_attn": [
        2.5688463971118215e-07,
        3.113228344559646e-06,
        7.323690209737698e-06,
        7.301861351948006e-07,
        4.4504106474446675e-07,
        2.992302824293383e-07,
        1.884397558093878e-06,
        3.7151603345083306e-07,
        1.2759788721524314e-06,
        1.4039669178990325e-07,
        1.1349702218886737e-06,
        0.0012485769458967621,
        0.9987096999638252,
        1.9183398541379436e-05,
        1.1774937768539155e-06,
        4.386677906045946e-06
      ],
      "ablate_attn": [
        5.833954184183654e-05,
        0.04541738324710986,
        0.022423909275206676,
        0.08123938944885101,
        0.060485950337634715,
        0.03946230759360816,
        0.006641118960548882,
        0.0009390317889319732,
        7.815278472591959e-05,
        0.0005689017708459744,
        0.0003448818381609516,
        0.2580236056217052,
        0.45061612402197276,
        0.028969565898007168,
        0.0033070468870546946,
        0.0014242909837941708
      ],
      "base_attn": [
        0.04580944999087081,
        0.06944784659834255,
        0.0664510517585333,
        0.0720182907975304,
        0.07070266902677337,
        0.06884046586213274,
        0.06158464894325591,
        0.05449729106649784,
        0.04665427288762486,
        0.052816817634938215,
        0.051190196509613504,
        0.0774125026159153,
        0.08015771360195986,
        0.0675233172735814,
        0.05895863549716169,
        0.055934829935268354
      ]
    },
    {
      "similarity": 0.2,
      "target_index": 4,
      "mech_attn": [
        3.7751543035130002e-06,
        3.040843089331382e-06,
        5.333651776769504e-06,
        4.563288984185435e-06,
        0.9999421333261769,
        4.318937709267203e-06,
        3.338267102779967e-06,
        9.950898503152095e-06,
        2.367408782234734e-06,
        2.632017502294556e-06,
        2.8600287300482076e-06,
        4.737284793699193e-06,
        2.3277222901430803e-06,
        1.8364063866862222e-06,
        3.168677243775253e-06,
        3.6160866251955474e-06
      ],
      "ablate_attn": [
        0.0568356248124585,
        0.006346196995108249,
        0.007354108190043636,
        0.30048945871549987,
        0.2706755750091607,
        0.01083245231736314,
        0.001961425085569296,
        0.27179250590558407,
        0.00015385446420070523,
        0.0003620804401713605,
        0.004543719509780746,
        0.00041604855138334905,
        0.0029690215259077705,
        0.012527715384884563,
        0.049175829920598206,
        0.003564383172285851
      ],
      "base_attn": [
        0.06963005556117152,
        0.060714169734537776,
        0.061276097196710795,
        0.07726757429042715,
        0.07676460508898647,
        0.06277741003714889,
        0.05641813141097597,
        0.07678436553097831,
        0.048120192022217366,
        0.05076428510767636,
        0.059459491013618845,
        0.051207016734924,
        0.05789903223609114,
        0.0633504870509034,
        0.0690029164316776,
        0.05856417055195438
      ]
    },
    {
      "similarity": 0.4,
      "target_index": 2,
      "mech_attn": [
        3.828894079285282e-05,
        0.00010374260584665564,
        0.08789131268557752,
        1.453260016488836e-05,
        7.17754056583284e-05,
        9.149204158831795e-05,
        4.7021545667200514e-05,
        4.280617271143322e-06,
        0.003170576854333447,
        0.00010088778443371803,
        0.9080213569260634,
        0.0002822563047828992,
        0.00011893654942366438,
        2.9481557569358545e-06,
        2.2338464981609435e-05,
        1.8252517657363952e-05
      ],
      "ablate_attn": [
        0.00019343984862135944,
        0.01815466699788057,
        0.19479715802356268,
        0.0007307465019759698,
        0.002567933217968501,
        0.007637640023485223,
        0.0009847875099377721,
        0.0009852179770665505,
        0.0014877248454758215,
        0.002228084370592193,
        0.7580242249028253,
        0.007323765467964404,
        0.0006511753465839311,
        0.0003807179902828749,
        0.003479680874046245,
        0.0003730361017306585
      ],
      "base_attn": [
        0.05208782770524549,
        0.06918531059367354,
        0.08024648877576272,
        0.0565994950534975,
        0.06122462015303636,
        0.06554085182477082,
        0.057664832947538616,
        0.057666407235471326,
        0.05917111889262642,
        0.06068381181205762,
        0.08735892475230785,
        0.06536917955671659,
        0.05619313261876841,
        0.05433939960166742,
        0.06239838237104633,
        0.05427021610581307
      ]
    },
    {
      "similarity": 0.6,
      "target_index": 5,
      "mech_attn": [
        0.004086158921838479,
        0.003172888347808571,
        0.0021714758598720247,
        0.0029850193040655113,
        0.0012351887852694132,
        0.9613878371710216,
        0.0012865666846090735,
        0.004573161512342884,
        0.0020050527036799184,
        0.0026454230374581347,
        0.00123121366421905,
        0.002245004343447208,
        0.003619846172788957,
        0.002365970160168599,
        0.002281288987286799,
        0.0027079043441239573
      ],
      "ablate_attn": [
        0.007354994764496529,
        0.14646916545684668,
        0.20274928972543907,
        0.056548490475020266,
        0.001992833169288722,
        0.11818459271071792,
        0.005060363004344412,
        0.11019934662171632,
        0.010827640897166906,
        0.19245096576401907,
        0.006403807022835141,
        0.02276503888025467,
        0.0015082707848297625,
        0.06878112288112075,
        0.019824950951681096,
        0.028879126890222623
      ],
      "base_attn": [
        0.057575588510203356,
        0.06941225291628554,
        0.07083728943594361,
        0.06540384812011188,
        0.0530632600582718,
        0.06848761570549658,
        0.056245572950724035,
        0.06818882288312722,
        0.05898415475242107,
        0.07060687452650927,
        0.057079397770946214,
        0.06178830055875005,
        0.05214731493891249,
        0.06620927225554767,
        0.06125658028653213,
        0.06271385433021703
      ]
    },
    {
      "similarity": 0.8,
      "target_index": 9,
      "mech_attn": [
        0.05928482888227234,
        0.03292624859586795,
        0.02572516631131181,
        0.019101465311936124,
        0.030456419822778046,
        0.06050423905027601,
        0.022731431718265516,
        0.028494151765709238,
        0.057926134757426855,
        0.4887608913014705,
        0.019104325528625597,
        0.03949812345916489,
        0.03251404440779143,
        0.04239615861212324,
        0.02374041695197654,
        0.016835953523003773
      ],
      "ablate_attn": [
        0.7899021567767037,
        0.007404128539271242,
        0.0020229979345025985,
        0.06463622895902643,
        0.019635450605819026,
        0.03721415046199493,
        0.005269083321531777,
        0.008961237029639052,
        0.006026431036728851,
        0.0070484595340179245,
        0.0032231053787253054,
        0.024327107280832486,
        0.005762163217906765,
        0.013987469448169552,
        0.0015686308550877843,
        0.0030111996200426084
      ],
      "base_attn": [
        0.08137075568908816,
        0.06077320498855645,
        0.05603956314675318,
        0.0695864660137573,
        0.06459294333116164,
        0.06722631094590761,
        0.0594947259155705,
        0.061502535558218926,
        0.0599962053089253,
        0.060586506614769,
        0.05769486732236744,
        0.06546371840940803,
        0.05982829355275809,
        0.06323808575140119,
        0.05515565759778598,
        0.05745015985357113
      ]
    }
  ]
}