{
  "densities": [
    0.1,
    0.2,
    0.3,
    0.4,
    0.5
  ],
  "full_f1": [
    1.0,
    1.0,
    1.0,
    1.0,
    1.0
  ],
  "ablate_f1": [
    0.0,
    0.4270304568527919,
    0.5345309381237525,
    0.5250070113115827,
    0.10463483146067416
  ],
  "selfonly_f1": [
    0.0,
    0.0,
    0.0,
    0.0,
    0.0
  ],
  "static_f1": [
    0.23433685923515052,
    0.44719424460431656,
    0.5173420956553487,
    0.513738019169329,
    0.42915488532830665
  ]
}