{
  "k": [
    1,
    2,
    3,
    4,
    8
  ],
  "best_head_mass_k_1": 0.9985945801445264,
  "best_head_mass_k_2": 0.9985945801445264,
  "best_head_mass_k_3": 4.5336124370208604e-05,
  "best_head_mass_k_4": 4.5336124370208604e-05,
  "best_head_mass_k_8": 4.533612437020861e-05,
  "mean_head_mass_k_1": 0.4998232591647004,
  "mean_head_mass_k_2": 0.9985945801445264,
  "mean_head_mass_k_3": 4.5336124370208604e-05,
  "mean_head_mass_k_4": 4.5336124370208604e-05,
  "mean_head_mass_k_8": 4.533612437020861e-05,
  "base_mass": 0.03125
}