{
  "goal": "attention_topo_sort",
  "attempt": "pass_2",
  "run_id": "20260613T221903Z",
  "metrics": {
    "version": 1,
    "topo_respect_density_0p1": 0.21951219512195122,
    "uniform_baseline_density_0p1": 0.5,
    "lift_over_uniform_density_0p1": -0.2804878048780488,
    "topo_respect_density_0p2": 0.22857142857142856,
    "uniform_baseline_density_0p2": 0.5,
    "lift_over_uniform_density_0p2": -0.27142857142857146,
    "topo_respect_density_0p3": 0.3045774647887324,
    "uniform_baseline_density_0p3": 0.5,
    "lift_over_uniform_density_0p3": -0.19542253521126762,
    "topo_respect_density_0p5": 0.3392070484581498,
    "uniform_baseline_density_0p5": 0.5,
    "lift_over_uniform_density_0p5": -0.1607929515418502,
    "topo_respect_canonical": 0.3045774647887324,
    "uniform_baseline_canonical": 0.5,
    "lift_over_uniform_canonical": -0.19542253521126762,
    "topo_robustness": 0.0
  },
  "payload": {
    "canonical_density": 0.3,
    "n_nodes": 8,
    "n_dags": 24,
    "model_name": "attempt",
    "sweep": [
      {
        "density": 0.1,
        "topo_respect": 0.21951219512195122,
        "uniform_respect": 0.5,
        "pairs": 82
      },
      {
        "density": 0.2,
        "topo_respect": 0.22857142857142856,
        "uniform_respect": 0.5,
        "pairs": 175
      },
      {
        "density": 0.3,
        "topo_respect": 0.3045774647887324,
        "uniform_respect": 0.5,
        "pairs": 284
      },
      {
        "density": 0.5,
        "topo_respect": 0.3392070484581498,
        "uniform_respect": 0.5,
        "pairs": 454
      }
    ]
  }
}