{
  "modulus": 97,
  "d_head": 128,
  "train_acc": 1.0,
  "random_baseline_alignment": 0.015625,
  "trained_alignment": [
    0.18669236630824276,
    0.37126404804373314,
    0.043076446069108834,
    0.054214490702428716,
    0.10547776718161117,
    0.06622539688616262,
    0.10176648836896282,
    0.09140887519125626,
    0.10851269100878211,
    0.15905133027473145,
    0.06908923726348398,
    0.1213776526172692,
    0.1878663686939476,
    0.27786672800554907,
    0.0829204401586,
    0.11174876953581744,
    0.06415539246888219,
    0.06259051160846019,
    0.10804348524730861,
    0.0992973267446452,
    0.11029644028306096,
    0.14685965661126682,
    0.14399679629213163,
    0.05013666174400609,
    0.05965051414826235,
    0.17291226639504714,
    0.35785173950274385,
    0.22838361758285242,
    0.10104671534225974,
    0.13290733918719277,
    0.07480728296697159,
    0.10461226686715278,
    0.1820478606278771,
    0.11398644275055884,
    0.10629258249140619,
    0.3367244084742991,
    0.07864226533359128,
    0.09912092854680059,
    0.15952457771805634,
    0.09257900715028296,
    0.03924523467244612,
    0.07054618256843803,
    0.11114386781942637,
    0.06938243908598038,
    0.12899022654393655,
    0.16478895510760005,
    0.17151779881832954,
    0.09725052900893932
  ],
  "trained_phase": [
    1.5151660553048285,
    2.3481036239122886,
    1.6180035292587434,
    1.561452935646599,
    1.6440139497287076,
    1.5694462690655568,
    1.49210374440528,
    1.681937646789077,
    1.745610925755107,
    1.6642615294067908,
    1.6385710067576715,
    1.4896278006981911,
    1.5110581325285555,
    2.063878937657012,
    1.7031370891621502,
    1.6612074157074659,
    1.5381936115118362,
    1.4621172510594103,
    1.6830092579829294,
    1.6908065615144432,
    1.5365330845519816,
    1.3880927165299735,
    1.775023357293888,
    1.61806770766386,
    1.522941959475766,
    1.7520143297421757,
    2.104955441546502,
    1.781236755330279,
    1.518968127270741,
    1.506795275403354,
    1.6256002151074929,
    1.6409033854947148,
    1.4377492128576066,
    1.5388504774697884,
    1.2901934766481538,
    2.2591755585796998,
    1.653014783256556,
    1.4409397336540997,
    1.8165764158498428,
    1.510581715333678,
    1.5494331434293571,
    1.5095373935329093,
    1.653899156383382,
    1.6156059428982648,
    1.459533767244924,
    1.8425791167960521,
    1.6342075264312381,
    1.5770395984395218
  ],
  "trained_explained_variance": [
    0.09084083010663398,
    0.007945854987287157,
    0.01257474879561749,
    0.21087599540913515,
    0.006029328723052111,
    0.004184348233697756,
    0.009287036406744695,
    0.023047719392251236,
    0.0060993657971726515,
    0.004486485074841974,
    0.10587627849863931,
    0.005985165782133987,
    0.003704341315878106,
    0.008067754004578516,
    0.026778713605934968,
    0.008647254894233151,
    0.004130371175185931,
    0.04363102089285818,
    0.005737726632998217,
    0.008248427196243881,
    0.0043859206833451354,
    0.006617764571211273,
    0.014350601882558198,
    0.007312796182851713,
    0.0045763090209307855,
    0.01203150996891949,
    0.01345781790005084,
    0.006587831344663022,
    0.00464955120845101,
    0.004704586051108797,
    0.004820686917887545,
    0.03236653843068721,
    0.007026662168979348,
    0.004844386328800732,
    0.032414304199343255,
    0.017942303349754204,
    0.08115588799885795,
    0.003807707580617908,
    0.0070551637298582204,
    0.00524409802751399,
    0.007407826153815293,
    0.0042563023064148995,
    0.08518770734976168,
    0.010213592705934837,
    0.0040110481952379895,
    0.007528203788108537,
    0.005060818220642136,
    0.004803306787541513
  ],
  "untrained_alignment": [
    0.08311743575901874,
    0.07907873941895856,
    0.07215347757329321,
    0.05636757148483736,
    0.04184797048571515,
    0.07786754675459232,
    0.0475147079705538,
    0.12888670101005312,
    0.06859811657771642,
    0.1111953693792232,
    0.12633225015018537,
    0.060566973510085144,
    0.0827429175272452,
    0.09960066761851662,
    0.10287076655893641,
    0.10308155754565225,
    0.1425578639248084,
    0.10578365431720864,
    0.054228101653573065,
    0.08653930223618267,
    0.07976812614483884,
    0.05955147067893683,
    0.05547134855043063,
    0.07503838874627135,
    0.11794122806691738,
    0.11901351125622729,
    0.09807665110116265,
    0.08597906406903737,
    0.10421033568182073,
    0.04696049404956318,
    0.0910615731671097,
    0.097354553956557,
    0.13367070260683211,
    0.15532492518390467,
    0.0643604730489065,
    0.07875037283668193,
    0.07158252696012804,
    0.11909250294274393,
    0.1766126157160575,
    0.09102848236980618,
    0.08553010194510466,
    0.08176140985814873,
    0.1074049336296064,
    0.020530298178212336,
    0.129680716669408,
    0.07116616126935475,
    0.037097376346058274,
    0.11299798821899543
  ],
  "fourier_alignment_canonical": 0.12870605033374793,
  "untrained_alignment_canonical": 0.08954062551469122,
  "embedding_power": [
    0.24483904242515564,
    0.011970708146691322,
    0.02845640853047371,
    0.5383768081665039,
    0.015413140878081322,
    0.012351565062999725,
    0.023932326585054398,
    0.057021282613277435,
    0.01298496313393116,
    0.012251493521034718,
    0.2518422603607178,
    0.0185175072401762,
    0.011199425905942917,
    0.015175392851233482,
    0.07531767338514328,
    0.014053264632821083,
    0.011758435517549515,
    0.09860032051801682,
    0.015725882723927498,
    0.01718076318502426,
    0.011724463663995266,
    0.017298240214586258,
    0.022366903722286224,
    0.01128145307302475,
    0.011530743911862373,
    0.017228521406650543,
    0.016257576644420624,
    0.011123421601951122,
    0.011430620215833187,
    0.013340242207050323,
    0.01294846273958683,
    0.0921546220779419,
    0.018048787489533424,
    0.011270394548773766,
    0.0975668728351593,
    0.02432842180132866,
    0.23041440546512604,
    0.01075601764023304,
    0.016585076227784157,
    0.012733832001686096,
    0.0169365257024765,
    0.011219535022974014,
    0.22115826606750488,
    0.013624263927340508,
    0.011102499440312386,
    0.010578198358416557,
    0.0151606984436512,
    0.010872919112443924
  ],
  "ablation": {
    "full_acc": 1.0,
    "ablate_top_acc": 0.05080242455005646,
    "ablate_random_acc": 1.0,
    "top_freqs": [
      4,
      11,
      1,
      37,
      43
    ],
    "random_freqs": [
      31,
      47,
      22,
      20,
      29
    ],
    "power": [
      0.24483904242515564,
      0.011970708146691322,
      0.02845640853047371,
      0.5383768081665039,
      0.015413140878081322,
      0.012351565062999725,
      0.023932326585054398,
      0.057021282613277435,
      0.01298496313393116,
      0.012251493521034718,
      0.2518422603607178,
      0.0185175072401762,
      0.011199425905942917,
      0.015175392851233482,
      0.07531767338514328,
      0.014053264632821083,
      0.011758435517549515,
      0.09860032051801682,
      0.015725882723927498,
      0.01718076318502426,
      0.011724463663995266,
      0.017298240214586258,
      0.022366903722286224,
      0.01128145307302475,
      0.011530743911862373,
      0.017228521406650543,
      0.016257576644420624,
      0.011123421601951122,
      0.011430620215833187,
      0.013340242207050323,
      0.01294846273958683,
      0.0921546220779419,
      0.018048787489533424,
      0.011270394548773766,
      0.0975668728351593,
      0.02432842180132866,
      0.23041440546512604,
      0.01075601764023304,
      0.016585076227784157,
      0.012733832001686096,
      0.0169365257024765,
      0.011219535022974014,
      0.22115826606750488,
      0.013624263927340508,
      0.011102499440312386,
      0.010578198358416557,
      0.0151606984436512,
      0.010872919112443924
    ],
    "top_k": 5
  },