{
  "goal": "attention_mst",
  "attempt": "pass_2",
  "run_id": "20260613T225712Z",
  "metrics": {
    "version": 1,
    "edge_f1_noise_0p0": 0.9636363636363636,
    "auroc_noise_0p0": 0.9851239669421489,
    "weight_ratio_noise_0p0": 1.001205416618795,
    "baseline_edge_f1_noise_0p0": 1.0,
    "baseline_auroc_noise_0p0": 0.9838016528925619,
    "edge_f1_noise_0p1": 0.9272727272727274,
    "auroc_noise_0p1": 0.976198347107438,
    "weight_ratio_noise_0p1": 1.0050818953049,
    "baseline_edge_f1_noise_0p1": 0.9272727272727274,
    "baseline_auroc_noise_0p1": 0.9745454545454546,
    "edge_f1_noise_0p2": 0.8181818181818181,
    "auroc_noise_0p2": 0.9656198347107438,
    "weight_ratio_noise_0p2": 1.1025822112010046,
    "baseline_edge_f1_noise_0p2": 0.8181818181818181,
    "baseline_auroc_noise_0p2": 0.9639669421487603,
    "edge_f1_noise_0p3": 0.6545454545454545,
    "auroc_noise_0p3": 0.9200000000000002,
    "weight_ratio_noise_0p3": 1.1584886557536567,
    "baseline_edge_f1_noise_0p3": 0.6545454545454545,
    "baseline_auroc_noise_0p3": 0.9173553719008265,
    "edge_f1_noise_0p4": 0.6545454545454545,
    "auroc_noise_0p4": 0.9241322314049587,
    "weight_ratio_noise_0p4": 1.3079491037913922,
    "baseline_edge_f1_noise_0p4": 0.6545454545454545,
    "baseline_auroc_noise_0p4": 0.9161983471074381,
    "edge_f1_noise_0p5": 0.6,
    "auroc_noise_0p5": 0.911404958677686,
    "weight_ratio_noise_0p5": 1.3221564246735582,
    "baseline_edge_f1_noise_0p5": 0.6181818181818182,
    "baseline_auroc_noise_0p5": 0.9038016528925621,
    "edge_f1_noise_0p6": 0.5454545454545454,
    "auroc_noise_0p6": 0.8889256198347107,
    "weight_ratio_noise_0p6": 1.492676068369849,
    "baseline_edge_f1_noise_0p6": 0.5454545454545454,
    "baseline_auroc_noise_0p6": 0.883801652892562,
    "edge_f1_noise_0p7": 0.4727272727272728,
    "auroc_noise_0p7": 0.8561983471074381,
    "weight_ratio_noise_0p7": 1.6960278432485976,
    "baseline_edge_f1_noise_0p7": 0.4909090909090909,
    "baseline_auroc_noise_0p7": 0.849090909090909,
    "edge_f1_noise_0p8": 0.38181818181818183,
    "auroc_noise_0p8": 0.8140495867768595,
    "weight_ratio_noise_0p8": 1.7919490113911425,
    "baseline_edge_f1_noise_0p8": 0.38181818181818183,
    "baseline_auroc_noise_0p8": 0.8095867768595042,
    "edge_f1_noise_0p9": 0.47272727272727266,
    "auroc_noise_0p9": 0.8519008264462811,
    "weight_ratio_noise_0p9": 1.6220996180281027,
    "baseline_edge_f1_noise_0p9": 0.509090909090909,
    "baseline_auroc_noise_0p9": 0.8461157024793389,
    "edge_f1_noise_1p0": 0.30909090909090914,
    "auroc_noise_1p0": 0.8042975206611571,
    "weight_ratio_noise_1p0": 2.0474204299177776,
    "baseline_edge_f1_noise_1p0": 0.36363636363636365,
    "baseline_auroc_noise_1p0": 0.8074380165289256,
    "edge_f1_canonical": 0.6,
    "auroc_canonical": 0.911404958677686,
    "baseline_edge_f1_canonical": 0.6181818181818182,
    "lift_over_baseline_canonical": -0.018181818181818188,
    "mst_recovery": 0.6181818181818182,
    "mst_recovery_robustness": 0.3207547169811321
  },
  "payload": {
    "version": 1,
    "model_name": "attention_mst",
    "n_heads": 12,
    "canonical_noise": 0.5,
    "noise_levels": [
      0.0,
      0.1,
      0.2,
      0.3,
      0.4,
      0.5,
      0.6,
      0.7,
      0.8,
      0.9,
      1.0
    ],
    "sweep": [
      {
        "noise_level": 0.0,
        "edge_f1": 0.9636363636363636,
        "precision": 0.9636363636363636,
        "recall": 0.9636363636363636,
        "auroc": 0.9851239669421489,
        "auprc": 0.9334058100326044,
        "weight_ratio": 1.001205416618795,
        "n_seeds": 5
      },
      {
        "noise_level": 0.1,
        "edge_f1": 0.9272727272727274,
        "precision": 0.9272727272727274,
        "recall": 0.9272727272727274,
        "auroc": 0.976198347107438,
        "auprc": 0.8863263044145396,
        "weight_ratio": 1.0050818953049,
        "n_seeds": 5
      },
      {
        "noise_level": 0.2,
        "edge_f1": 0.8181818181818181,
        "precision": 0.8181818181818181,
        "recall": 0.8181818181818181,
        "auroc": 0.9656198347107438,
        "auprc": 0.8608818696528407,
        "weight_ratio": 1.1025822112010046,
        "n_seeds": 5
      },
      {
        "noise_level": 0.3,
        "edge_f1": 0.6545454545454545,
        "precision": 0.6545454545454545,
        "recall": 0.6545454545454545,
        "auroc": 0.9200000000000002,
        "auprc": 0.7039817277427869,
        "weight_ratio": 1.1584886557536567,
        "n_seeds": 5
      },
      {
        "noise_level": 0.4,
        "edge_f1": 0.6545454545454545,
        "precision": 0.6545454545454545,
        "recall": 0.6545454545454545,
        "auroc": 0.9241322314049587,
        "auprc": 0.7183768109885029,
        "weight_ratio": 1.3079491037913922,
        "n_seeds": 5
      },
      {
        "noise_level": 0.5,
        "edge_f1": 0.6,
        "precision": 0.6,
        "recall": 0.6,
        "auroc": 0.911404958677686,
        "auprc": 0.687385225277099,
        "weight_ratio": 1.3221564246735582,
        "n_seeds": 5
      },
      {
        "noise_level": 0.6,
        "edge_f1": 0.5454545454545454,
        "precision": 0.5454545454545454,
        "recall": 0.5454545454545454,
        "auroc": 0.8889256198347107,
        "auprc": 0.6545470499088712,
        "weight_ratio": 1.492676068369849,
        "n_seeds": 5
      },
      {
        "noise_level": 0.7,
        "edge_f1": 0.4727272727272728,
        "precision": 0.4727272727272728,
        "recall": 0.4727272727272728,
        "auroc": 0.8561983471074381,
        "auprc": 0.5376722230305757,
        "weight_ratio": 1.6960278432485976,
        "n_seeds": 5
      },
      {
        "noise_level": 0.8,
        "edge_f1": 0.38181818181818183,
        "precision": 0.38181818181818183,
        "recall": 0.38181818181818183,
        "auroc": 0.8140495867768595,
        "auprc": 0.44953107444955426,
        "weight_ratio": 1.7919490113911425,
        "n_seeds": 5
      },
      {
        "noise_level": 0.9,
        "edge_f1": 0.47272727272727266,
        "precision": 0.47272727272727266,
        "recall": 0.47272727272727266,
        "auroc": 0.8519008264462811,
        "auprc": 0.5267799231906467,
        "weight_ratio": 1.6220996180281027,
        "n_seeds": 5
      },
      {
        "noise_level": 1.0,
        "edge_f1": 0.30909090909090914,
        "precision": 0.30909090909090914,
        "recall": 0.30909090909090914,
        "auroc": 0.8042975206611571,
        "auprc": 0.4372894891586748,
        "weight_ratio": 2.0474204299177776,
        "n_seeds": 5
      }
    ],
    "baseline": [
      {
        "noise_level": 0.0,
        "edge_f1": 1.0,
        "precision": 1.0,
        "recall": 1.0,
        "auroc": 0.9838016528925619,
        "auprc": 0.9234736953636474,
        "weight_ratio": 1.0,
        "n_seeds": 5
      },
      {
        "noise_level": 0.1,
        "edge_f1": 0.9272727272727274,
        "precision": 0.9272727272727274,
        "recall": 0.9272727272727274,
        "auroc": 0.9745454545454546,
        "auprc": 0.8799024015200485,
        "weight_ratio": 1.0099847270345543,
        "n_seeds": 5
      },
      {
        "noise_level": 0.2,
        "edge_f1": 0.8181818181818181,
        "precision": 0.8181818181818181,
        "recall": 0.8181818181818181,
        "auroc": 0.9639669421487603,
        "auprc": 0.8489616642543746,
        "weight_ratio": 1.1025822112010044,
        "n_seeds": 5
      },
      {
        "noise_level": 0.3,
        "edge_f1": 0.6545454545454545,
        "precision": 0.6545454545454545,
        "recall": 0.6545454545454545,
        "auroc": 0.9173553719008265,
        "auprc": 0.6922380483293795,
        "weight_ratio": 1.1434902594382632,
        "n_seeds": 5
      },
      {
        "noise_level": 0.4,
        "edge_f1": 0.6545454545454545,
        "precision": 0.6545454545454545,
        "recall": 0.6545454545454545,
        "auroc": 0.9161983471074381,