{
  "alpha_sweep": [
    0.1,
    0.3,
    1.0,
    3.0,
    10.0
  ],
  "full_circuit": [
    0.9999999811688514,
    0.9999999798424593,
    0.9999999819815086,
    0.9999999830485898,
    0.9999999837721728
  ],
  "ablate_layer2_predicts_A1": [
    0.2773797272622305,
    0.45530820171408737,
    0.6559389111863543,
    0.7921748739542622,
    0.8837168621671365
  ],
  "ablate_layer1_predicts_A2": [
    0.21980213274781069,
    0.40175757981509436,
    0.6249115846646365,
    0.7759480458178976,
    0.8765048376283512
  ],
  "single_hop_baseline": [
    0.21980213274781069,
    0.40175757981509436,
    0.6249115846646365,
    0.7759480458178976,
    0.8765048376283512
  ],
  "canonical_alpha": 0.3
}