{
  "version": 1,
  "depths": [
    1,
    2,
    3,
    4,
    5,
    6,
    7,
    8
  ],
  "diameters": [
    1,
    2,
    3,
    5
  ],
  "canonical_diameter": 3,
  "model_f1": {
    "1": [
      1.0,
      1.0,
      1.0,
      1.0,
      1.0,
      1.0,
      1.0,
      1.0
    ],
    "2": [
      0.8,
      1.0,
      1.0,
      1.0,
      1.0,
      1.0,
      1.0,
      1.0
    ],
    "3": [
      0.6666666666666666,
      0.9090909090909091,
      1.0,
      1.0,
      1.0,
      1.0,
      1.0,
      1.0
    ],
    "5": [
      0.5,
      0.75,
      0.8888888888888888,
      0.9655172413793104,
      1.0,
      1.0,
      1.0,
      1.0
    ]
  },
  "baseline_f1": {
    "1": 1.0,
    "2": 0.8,
    "3": 0.6666666666666666,
    "5": 0.5
  },
  "full_depth_f1": {
    "1": 1.0,
    "2": 1.0,
    "3": 1.0,
    "5": 1.0
  },
  "transitive_closure_robustness": 1.0
}