{
  "goal": "attention_lcs",
  "attempt": "first_pass",
  "run_id": "20260613T181457Z",
  "metrics": {
    "version": 1,
    "random_baseline_mass": 0.0625,
    "lcs_attention_head_0": 0.13347921701903753,
    "lcs_lift_head_0": 0.07097921701903753,
    "lcs_attention_head_1": 0.13347921701903753,
    "lcs_lift_head_1": 0.07097921701903753,
    "lcs_attention_head_2": 0.13347921701903753,
    "lcs_lift_head_2": 0.07097921701903753,
    "lcs_attention_head_3": 0.13347921701903753,
    "lcs_lift_head_3": 0.07097921701903753,
    "lcs_attention_canonical": 0.13347921701903753,
    "lcs_lift_canonical": 0.07097921701903753,
    "lcs_robustness": 0.0757111648203067
  },
  "payload": {
    "version": 1,
    "config": {
      "seq_len": 16,
      "vocab_size": 8,
      "num_examples": 256,
      "seed": 0,
      "n_heads": 4
    },
    "random_baseline_mass": 0.0625,
    "sweep": [
      {
        "head": 0,
        "lcs_attention_mass": 0.13347921701903753,
        "lcs_lift": 0.07097921701903753,
        "n_query_positions": 1696
      },
      {
        "head": 1,
        "lcs_attention_mass": 0.13347921701903753,
        "lcs_lift": 0.07097921701903753,
        "n_query_positions": 1696
      },
      {
        "head": 2,
        "lcs_attention_mass": 0.13347921701903753,
        "lcs_lift": 0.07097921701903753,
        "n_query_positions": 1696
      },
      {
        "head": 3,
        "lcs_attention_mass": 0.13347921701903753,
        "lcs_lift": 0.07097921701903753,
        "n_query_positions": 1696
      }
    ]
  }
}