{
  "goal": "attention_modular_add",
  "attempt": "pass_3",
  "run_id": "20260613T150248Z",
  "metrics": {
    "version": 1,
    "fourier_alignment_canonical": 0.9999785786184407,
    "phase_error_canonical": 1.570761421191573,
    "explained_variance_canonical": 0.020833333333332604,
    "random_baseline_alignment": 0.015625,
    "lift_over_random_alignment": 0.9843535786184407,
    "superposition_robustness": 0.9999722377444287,
    "fourier_alignment_freq_01": 0.9999845210363546,
    "fourier_alignment_freq_02": 0.9999842696443705,
    "fourier_alignment_freq_03": 0.9999773196243547,
    "fourier_alignment_freq_04": 0.9999747982219601,
    "fourier_alignment_freq_05": 0.9999823219372044,
    "fourier_alignment_freq_06": 0.9999781620604574,
    "fourier_alignment_freq_07": 0.9999815904848164,
    "fourier_alignment_freq_08": 0.999977112385091,
    "fourier_alignment_freq_09": 0.999968862773084,
    "fourier_alignment_freq_10": 0.9999640709017665,
    "fourier_alignment_freq_11": 0.9999854521006311,
    "fourier_alignment_freq_12": 0.9999747100606888,
    "fourier_alignment_freq_13": 0.9999844759132698,
    "fourier_alignment_freq_14": 0.9999710784276605,
    "fourier_alignment_freq_15": 0.9999806060204195,
    "fourier_alignment_freq_16": 0.9999755321511581,
    "fourier_alignment_freq_17": 0.9999694575117306,
    "fourier_alignment_freq_18": 0.9999786115746931,
    "fourier_alignment_freq_19": 0.9999807485493193,
    "fourier_alignment_freq_20": 0.9999735903451508,
    "fourier_alignment_freq_21": 0.9999844265906206,
    "fourier_alignment_freq_22": 0.9999829837552074,
    "fourier_alignment_freq_23": 0.9999744341944585,
    "fourier_alignment_freq_24": 0.9999838333232707,
    "fourier_alignment_freq_25": 0.999978736359802,
    "fourier_alignment_freq_26": 0.9999831966187531,
    "fourier_alignment_freq_27": 0.9999803142052477,
    "fourier_alignment_freq_28": 0.9999793103076563,
    "fourier_alignment_freq_29": 0.9999918329306016,
    "fourier_alignment_freq_30": 0.9999786288789585,
    "fourier_alignment_freq_31": 0.9999812880610981,
    "fourier_alignment_freq_32": 0.9999735482136782,
    "fourier_alignment_freq_33": 0.9999750188572896,
    "fourier_alignment_freq_34": 0.9999701678721378,
    "fourier_alignment_freq_35": 0.9999890015264125,
    "fourier_alignment_freq_36": 0.9999794856449926,
    "fourier_alignment_freq_37": 0.9999735776338533,
    "fourier_alignment_freq_38": 0.9999752793144274,
    "fourier_alignment_freq_39": 0.9999737040078995,
    "fourier_alignment_freq_40": 0.9999878378747374,
    "fourier_alignment_freq_41": 0.9999736229892562,
    "fourier_alignment_freq_42": 0.9999743822819069,
    "fourier_alignment_freq_43": 0.9999818096700792,
    "fourier_alignment_freq_44": 0.9999762044795539,
    "fourier_alignment_freq_45": 0.9999816115017128,
    "fourier_alignment_freq_46": 0.9999813321779447,
    "fourier_alignment_freq_47": 0.9999708291122088,
    "fourier_alignment_freq_48": 0.9999880835772066,
    "phase_error_freq_01": 1.5707667696698773,
    "phase_error_freq_02": 1.5707677260023867,
    "phase_error_freq_03": 1.570764075647055,
    "phase_error_freq_04": 1.5707589686758652,
    "phase_error_freq_05": 1.5707669247865055,
    "phase_error_freq_06": 1.5707595015287341,
    "phase_error_freq_07": 1.57076490371829,
    "phase_error_freq_08": 1.5707523704325703,
    "phase_error_freq_09": 1.570754844644061,
    "phase_error_freq_10": 1.5707535005652193,
    "phase_error_freq_11": 1.5707644958916216,
    "phase_error_freq_12": 1.5707537392718331,
    "phase_error_freq_13": 1.570765572086886,
    "phase_error_freq_14": 1.570758182757322,
    "phase_error_freq_15": 1.5707580215177146,
    "phase_error_freq_16": 1.5707484197414403,
    "phase_error_freq_17": 1.5707601590954774,
    "phase_error_freq_18": 1.5707535677013844,
    "phase_error_freq_19": 1.5707619961727564,
    "phase_error_freq_20": 1.5707608684575922,
    "phase_error_freq_21": 1.5707662247429584,
    "phase_error_freq_22": 1.5707644251851929,
    "phase_error_freq_23": 1.5707585101792787,
    "phase_error_freq_24": 1.5707681815114727,
    "phase_error_freq_25": 1.5707610037555995,
    "phase_error_freq_26": 1.57076390127963,
    "phase_error_freq_27": 1.5707645157484111,
    "phase_error_freq_28": 1.5707643547375765,
    "phase_error_freq_29": 1.57077604030368,
    "phase_error_freq_30": 1.5707652050455911,
    "phase_error_freq_31": 1.5707635756669613,
    "phase_error_freq_32": 1.5707660106243488,
    "phase_error_freq_33": 1.5707565509708779,
    "phase_error_freq_34": 1.5707575025672267,
    "phase_error_freq_35": 1.570769100478537,
    "phase_error_freq_36": 1.5707548920451904,
    "phase_error_freq_37": 1.5707590971995293,
    "phase_error_freq_38": 1.570758726991019,
    "phase_error_freq_39": 1.5707601983232737,
    "phase_error_freq_40": 1.5707685265724416,
    "phase_error_freq_41": 1.5707594292072782,
    "phase_error_freq_42": 1.570761722912228,
    "phase_error_freq_43": 1.5707601590821536,
    "phase_error_freq_44": 1.570755233530371,
    "phase_error_freq_45": 1.5707614349709003,
    "phase_error_freq_46": 1.5707642836819047,
    "phase_error_freq_47": 1.5707555944157334,
    "phase_error_freq_48": 1.5707692071015507
  },
  "payload": {
    "version": 1,
    "modulus": 97,
    "d_head": 128,
    "layer_index": 0,
    "head_index": 0,
    "sweep": [
      {
        "frequency": 1,
        "alignment": 0.9999845210363546,
        "phase_error": 1.5707667696698773,
        "explained_variance": 0.02083326239485668
      },
      {
        "frequency": 2,
        "alignment": 0.9999842696443705,
        "phase_error": 1.5707677260023867,
        "explained_variance": 0.02083324971156012
      },
      {
        "frequency": 3,
        "alignment": 0.9999773196243547,
        "phase_error": 1.570764075647055,
        "explained_variance": 0.02083329812676851
      },
      {
        "frequency": 4,
        "alignment": 0.9999747982219601,
        "phase_error": 1.5707589686758652,
        "explained_variance": 0.02083336586146237
      },
      {
        "frequency": 5,
        "alignment": 0.9999823219372044,
        "phase_error": 1.5707669247865055,
        "explained_variance": 0.02083326033722186
      },
      {
        "frequency": 6,
        "alignment": 0.9999781620604574,
        "phase_error": 1.5707595015287341,
        "explained_variance": 0.020833358794421275
      },
      {
        "frequency": 7,
        "alignment": 0.9999815904848164,
        "phase_error": 1.57076490371829,
        "explained_variance": 0.020833287143379096
      },
      {
        "frequency": 8,
        "alignment": 0.999977112385091,
        "phase_error": 1.5707523704325703,
        "explained_variance": 0.020833453376267727
      },
      {
        "frequency": 9,
        "alignment": 0.999968862773084,
        "phase_error": 1.570754844644061,
        "explained_variance": 0.020833420559590483
      },
      {
        "frequency": 10,
        "alignment": 0.9999640709017665,
        "phase_error": 1.5707535005652193,
        "explained_variance": 0.0208334383859611
      },
      {
        "frequency": 11,
        "alignment": 0.9999854521006311,
        "phase_error": 1.5707644958916216,
        "explained_variance": 0.020833292552034866
      },
      {
        "frequency": 12,
        "alignment": 0.9999747100606888,
        "phase_error": 1.5707537392718331,
        "explained_variance": 0.020833435220235792
      },
      {
        "frequency": 13,
        "alignment": 0.9999844759132698,
        "phase_error": 1.570765572086886,
        "explained_variance": 0.020833278279243497
      },
      {
        "frequency": 14,
        "alignment": 0.9999710784276605,
        "phase_error": 1.570758182757322,
        "explained_variance": 0.020833376284993127
      },
      {
        "frequency": 15,
        "alignment": 0.9999806060204195,
        "phase_error": 1.5707580215177146,