{
  "goal": "attention_regex",
  "attempt": "pass_2",
  "run_id": "20260613T205235Z",
  "metrics": {
    "version": 1,
    "match_sharpness_len_1": 0.9797308933318613,
    "false_positive_rate_len_1": 0.0070975579463178045,
    "false_negative_rate_len_1": 0.15087177954185627,
    "linear_baseline_sharpness_len_1": 0.9873688104749556,
    "match_sharpness_len_2": 0.9739265017794008,
    "false_positive_rate_len_2": 0.03598022875340061,
    "false_negative_rate_len_2": 0.0494327731092437,
    "linear_baseline_sharpness_len_2": 0.7133112576730307,
    "match_sharpness_len_3": 0.980240095084179,
    "false_positive_rate_len_3": 0.02411590317505548,
    "false_negative_rate_len_3": 0.04016860332649806,
    "linear_baseline_sharpness_len_3": 0.4396112150380448,
    "match_sharpness_len_4": 0.9815888986772482,
    "false_positive_rate_len_4": 0.029081755079348393,
    "false_negative_rate_len_4": 0.03875,
    "linear_baseline_sharpness_len_4": 0.8245344897216015,
    "match_sharpness_len_5": 0.9808633111531287,
    "false_positive_rate_len_5": 0.03317435483469257,
    "false_negative_rate_len_5": 0.0,
    "linear_baseline_sharpness_len_5": 0.7478097239380714,
    "match_sharpness_len_6": 0.9785375324274657,
    "false_positive_rate_len_6": 0.04692958597552644,
    "false_negative_rate_len_6": 0.0,
    "linear_baseline_sharpness_len_6": 0.6690855852726276,
    "match_sharpness_canonical": 0.980240095084179,
    "lift_over_baseline_canonical": 0.5406288800461342,
    "length_robustness": 0.9987819503166454
  },
  "payload": {
    "version": 1,
    "model_name": "synthetic_attention_regex",
    "d": 64,
    "vocab_size": 8,
    "n_positions": 120,
    "canonical_length": 3,
    "length_sweep": [
      1,
      2,
      3,
      4,
      5,
      6
    ],
    "sweep": [
      {
        "length": 1,
        "match_sharpness": 0.9797308933318613,
        "false_positive_rate": 0.0070975579463178045,
        "false_negative_rate": 0.15087177954185627,
        "n_seeds": 10
      },
      {
        "length": 2,
        "match_sharpness": 0.9739265017794008,
        "false_positive_rate": 0.03598022875340061,
        "false_negative_rate": 0.0494327731092437,
        "n_seeds": 10
      },
      {
        "length": 3,
        "match_sharpness": 0.980240095084179,
        "false_positive_rate": 0.02411590317505548,
        "false_negative_rate": 0.04016860332649806,
        "n_seeds": 10
      },
      {
        "length": 4,
        "match_sharpness": 0.9815888986772482,
        "false_positive_rate": 0.029081755079348393,
        "false_negative_rate": 0.03875,
        "n_seeds": 10
      },
      {
        "length": 5,
        "match_sharpness": 0.9808633111531287,
        "false_positive_rate": 0.03317435483469257,
        "false_negative_rate": 0.0,
        "n_seeds": 10
      },
      {
        "length": 6,
        "match_sharpness": 0.9785375324274657,
        "false_positive_rate": 0.04692958597552644,
        "false_negative_rate": 0.0,
        "n_seeds": 10
      }
    ],
    "linear_baseline": [
      {
        "length": 1,
        "match_sharpness": 0.9873688104749556,
        "n_seeds": 10
      },
      {
        "length": 2,
        "match_sharpness": 0.7133112576730307,
        "n_seeds": 10
      },
      {
        "length": 3,
        "match_sharpness": 0.4396112150380448,
        "n_seeds": 10
      },
      {
        "length": 4,
        "match_sharpness": 0.8245344897216015,
        "n_seeds": 10
      },
      {
        "length": 5,
        "match_sharpness": 0.7478097239380714,
        "n_seeds": 10
      },
      {
        "length": 6,
        "match_sharpness": 0.6690855852726276,
        "n_seeds": 10
      }
    ]
  }
}