{
  "goal": "attention_boundary",
  "attempt": "pass_2",
  "run_id": "20260613T150713Z",
  "metrics": {
    "version": 1,
    "boundary_sharpness_canonical": 0.1874999962747097,
    "boundary_sharpness_segA": 0.1874999962747097,
    "boundary_sharpness_segB": 0.1874999962747097,
    "boundary_crossing_rate_canonical": 0.3333333358168602,
    "boundary_crossing_rate_segA": 0.3333333358168602,
    "boundary_crossing_rate_segB": 0.3333333358168602,
    "delim_leakage_canonical": 0.062499999068677425,
    "delim_leakage_segA": 0.062499999068677425,
    "delim_leakage_segB": 0.062499999068677425,
    "linear_baseline_sharpness_canonical": 0.0,
    "linear_baseline_sharpness_segA": 0.0,
    "linear_baseline_sharpness_segB": 0.0,
    "lift_over_linear_sharpness": 0.1874999962747097
  },
  "payload": {
    "version": 1,
    "config": {
      "vocab_size": 64,
      "seg_len": 8,
      "batch_size": 32,
      "n_heads": 4,
      "seq_len": 18,
      "delim_pos": 8,
      "canonical_seed": 0
    },
    "sweep": [
      {
        "query_segment": "segA",
        "within_seg_attn": 0.5416666641831398,
        "delim_attn": 0.062499999068677425,
        "cross_seg_attn": 0.3333333358168602,
        "eos_attn": 0.062499999068677425,
        "head_sharpness": [
          0.7499999850988388,
          0.0,
          0.0,
          0.0
        ]
      },
      {
        "query_segment": "segB",
        "within_seg_attn": 0.5416666641831398,
        "delim_attn": 0.062499999068677425,
        "cross_seg_attn": 0.3333333358168602,
        "eos_attn": 0.062499999068677425,
        "head_sharpness": [
          0.7499999850988388,
          0.0,
          0.0,
          0.0
        ]
      }
    ],
    "linear_baseline": {
      "segA": {
        "within_seg_attn": 0.4444444444444444,
        "delim_attn": 0.05555555555555555,
        "cross_seg_attn": 0.4444444444444444,
        "eos_attn": 0.05555555555555555,
        "head_sharpness": [
          0.0,
          0.0,
          0.0,
          0.0
        ]
      },
      "segB": {
        "within_seg_attn": 0.4444444444444444,
        "delim_attn": 0.05555555555555555,
        "cross_seg_attn": 0.4444444444444444,
        "eos_attn": 0.05555555555555555,
        "head_sharpness": [
          0.0,
          0.0,
          0.0,
          0.0
        ]
      }
    }
  }
}