{
  "goal": "attention_mst",
  "attempt": "pass_2",
  "run_id": "20260613T222431Z",
  "metrics": {
    "version": 1,
    "edge_f1_noise_0p0": 0.21818181818181817,
    "auroc_noise_0p0": 0.5978512396694214,
    "weight_ratio_noise_0p0": 4.501734835947207,
    "baseline_edge_f1_noise_0p0": 1.0,
    "baseline_auroc_noise_0p0": 0.9838016528925619,
    "edge_f1_noise_0p1": 0.14545454545454545,
    "auroc_noise_0p1": 0.5459504132231405,
    "weight_ratio_noise_0p1": 4.998943400849913,
    "baseline_edge_f1_noise_0p1": 0.9272727272727274,
    "baseline_auroc_noise_0p1": 0.9745454545454546,
    "edge_f1_noise_0p2": 0.16363636363636364,
    "auroc_noise_0p2": 0.5414876033057852,
    "weight_ratio_noise_0p2": 4.6472655933956695,
    "baseline_edge_f1_noise_0p2": 0.8181818181818181,
    "baseline_auroc_noise_0p2": 0.9639669421487603,
    "edge_f1_noise_0p3": 0.2,
    "auroc_noise_0p3": 0.6082644628099173,
    "weight_ratio_noise_0p3": 3.5633385824798367,
    "baseline_edge_f1_noise_0p3": 0.6545454545454545,
    "baseline_auroc_noise_0p3": 0.9173553719008265,
    "edge_f1_noise_0p4": 0.2363636363636364,
    "auroc_noise_0p4": 0.5930578512396695,
    "weight_ratio_noise_0p4": 3.3775412420221196,
    "baseline_edge_f1_noise_0p4": 0.6545454545454545,
    "baseline_auroc_noise_0p4": 0.9161983471074381,
    "edge_f1_noise_0p5": 0.21818181818181817,
    "auroc_noise_0p5": 0.5629752066115703,
    "weight_ratio_noise_0p5": 3.952448768671295,
    "baseline_edge_f1_noise_0p5": 0.6181818181818182,
    "baseline_auroc_noise_0p5": 0.9038016528925621,
    "edge_f1_noise_0p6": 0.18181818181818182,
    "auroc_noise_0p6": 0.5748760330578512,
    "weight_ratio_noise_0p6": 3.670338114277704,
    "baseline_edge_f1_noise_0p6": 0.5454545454545454,
    "baseline_auroc_noise_0p6": 0.883801652892562,
    "edge_f1_noise_0p7": 0.23636363636363633,
    "auroc_noise_0p7": 0.5641322314049587,
    "weight_ratio_noise_0p7": 3.643336949741228,
    "baseline_edge_f1_noise_0p7": 0.4909090909090909,
    "baseline_auroc_noise_0p7": 0.849090909090909,
    "edge_f1_noise_0p8": 0.16363636363636364,
    "auroc_noise_0p8": 0.5185123966942149,
    "weight_ratio_noise_0p8": 5.303044745509658,
    "baseline_edge_f1_noise_0p8": 0.38181818181818183,
    "baseline_auroc_noise_0p8": 0.8095867768595042,
    "edge_f1_noise_0p9": 0.2,
    "auroc_noise_0p9": 0.5447933884297521,
    "weight_ratio_noise_0p9": 3.4580300501517742,
    "baseline_edge_f1_noise_0p9": 0.509090909090909,
    "baseline_auroc_noise_0p9": 0.8461157024793389,
    "edge_f1_noise_1p0": 0.14545454545454545,
    "auroc_noise_1p0": 0.539504132231405,
    "weight_ratio_noise_1p0": 3.7942544151159665,
    "baseline_edge_f1_noise_1p0": 0.36363636363636365,
    "baseline_auroc_noise_1p0": 0.8074380165289256,
    "edge_f1_canonical": 0.21818181818181817,
    "auroc_canonical": 0.5629752066115703,
    "baseline_edge_f1_canonical": 0.6181818181818182,
    "lift_over_baseline_canonical": -0.4,
    "mst_recovery": 0.19173553719008263,
    "mst_recovery_robustness": 0.6666666666666666
  },
  "payload": {
    "version": 1,
    "model_name": "attention_mst",
    "n_heads": 12,
    "canonical_noise": 0.5,
    "noise_levels": [
      0.0,
      0.1,
      0.2,
      0.3,
      0.4,
      0.5,
      0.6,
      0.7,
      0.8,
      0.9,
      1.0
    ],
    "sweep": [
      {
        "noise_level": 0.0,
        "edge_f1": 0.21818181818181817,
        "precision": 0.21818181818181817,
        "recall": 0.21818181818181817,
        "auroc": 0.5978512396694214,
        "auprc": 0.3030264836618582,
        "weight_ratio": 4.501734835947207,
        "n_seeds": 5
      },
      {
        "noise_level": 0.1,
        "edge_f1": 0.14545454545454545,
        "precision": 0.14545454545454545,
        "recall": 0.14545454545454545,
        "auroc": 0.5459504132231405,
        "auprc": 0.26267679773237945,
        "weight_ratio": 4.998943400849913,
        "n_seeds": 5
      },
      {
        "noise_level": 0.2,
        "edge_f1": 0.16363636363636364,
        "precision": 0.16363636363636364,
        "recall": 0.16363636363636364,
        "auroc": 0.5414876033057852,
        "auprc": 0.2234982463408614,
        "weight_ratio": 4.6472655933956695,
        "n_seeds": 5
      },
      {
        "noise_level": 0.3,
        "edge_f1": 0.2,
        "precision": 0.2,
        "recall": 0.2,
        "auroc": 0.6082644628099173,
        "auprc": 0.23184161524428762,
        "weight_ratio": 3.5633385824798367,
        "n_seeds": 5
      },
      {
        "noise_level": 0.4,
        "edge_f1": 0.2363636363636364,
        "precision": 0.2363636363636364,
        "recall": 0.2363636363636364,
        "auroc": 0.5930578512396695,
        "auprc": 0.27625427323085494,
        "weight_ratio": 3.3775412420221196,
        "n_seeds": 5
      },
      {
        "noise_level": 0.5,
        "edge_f1": 0.21818181818181817,
        "precision": 0.21818181818181817,
        "recall": 0.21818181818181817,
        "auroc": 0.5629752066115703,
        "auprc": 0.2538802712787795,
        "weight_ratio": 3.952448768671295,
        "n_seeds": 5
      },
      {
        "noise_level": 0.6,
        "edge_f1": 0.18181818181818182,
        "precision": 0.18181818181818182,
        "recall": 0.18181818181818182,
        "auroc": 0.5748760330578512,
        "auprc": 0.23991194208992933,
        "weight_ratio": 3.670338114277704,
        "n_seeds": 5
      },
      {
        "noise_level": 0.7,
        "edge_f1": 0.23636363636363633,
        "precision": 0.23636363636363633,
        "recall": 0.23636363636363633,
        "auroc": 0.5641322314049587,
        "auprc": 0.27076841398403284,
        "weight_ratio": 3.643336949741228,
        "n_seeds": 5
      },
      {
        "noise_level": 0.8,
        "edge_f1": 0.16363636363636364,
        "precision": 0.16363636363636364,
        "recall": 0.16363636363636364,
        "auroc": 0.5185123966942149,
        "auprc": 0.20209517623666445,
        "weight_ratio": 5.303044745509658,
        "n_seeds": 5
      },
      {
        "noise_level": 0.9,
        "edge_f1": 0.2,
        "precision": 0.2,
        "recall": 0.2,
        "auroc": 0.5447933884297521,
        "auprc": 0.21169780909990302,
        "weight_ratio": 3.4580300501517742,
        "n_seeds": 5
      },
      {
        "noise_level": 1.0,
        "edge_f1": 0.14545454545454545,
        "precision": 0.14545454545454545,
        "recall": 0.14545454545454545,
        "auroc": 0.539504132231405,
        "auprc": 0.22762456460687203,
        "weight_ratio": 3.7942544151159665,
        "n_seeds": 5
      }
    ],
    "baseline": [
      {
        "noise_level": 0.0,
        "edge_f1": 1.0,
        "precision": 1.0,
        "recall": 1.0,
        "auroc": 0.9838016528925619,
        "auprc": 0.9234736953636474,
        "weight_ratio": 1.0,
        "n_seeds": 5
      },
      {
        "noise_level": 0.1,
        "edge_f1": 0.9272727272727274,
        "precision": 0.9272727272727274,
        "recall": 0.9272727272727274,
        "auroc": 0.9745454545454546,
        "auprc": 0.8799024015200485,
        "weight_ratio": 1.0099847270345543,
        "n_seeds": 5
      },
      {
        "noise_level": 0.2,
        "edge_f1": 0.8181818181818181,
        "precision": 0.8181818181818181,
        "recall": 0.8181818181818181,
        "auroc": 0.9639669421487603,
        "auprc": 0.8489616642543746,
        "weight_ratio": 1.1025822112010044,
        "n_seeds": 5
      },
      {
        "noise_level": 0.3,
        "edge_f1": 0.6545454545454545,
        "precision": 0.6545454545454545,
        "recall": 0.6545454545454545,
        "auroc": 0.9173553719008265,
        "auprc": 0.6922380483293795,
        "weight_ratio": 1.1434902594382632,
        "n_seeds": 5
      },
      {
        "noise_level": 0.4,
        "edge_f1": 0.6545454545454545,
        "precision": 0.6545454545454545,
        "recall": 0.6545454545454545,
        "auroc": 0.9161983471074381,
        "auprc": 0.6581667598894848,