{
  "goal": "attention_global_align",
  "attempt": "pass_2",
  "run_id": "20260613T205141Z",
  "metrics": {
    "version": 1,
    "global_alignment_dist_0p0": 0.9999654445114219,
    "distractor_mass_dist_0p0": 1.1253130319896234e-07,
    "target_margin_dist_0p0": 0.9999653319801188,
    "uniform_baseline_alignment_dist_0p0": 0.08333333333333333,
    "global_alignment_dist_0p25": 0.9999624906911501,
    "distractor_mass_dist_0p25": 6.14398207130648e-06,
    "target_margin_dist_0p25": 0.9999563467090787,
    "uniform_baseline_alignment_dist_0p25": 0.08333333333333333,
    "global_alignment_dist_0p5": 0.9996315512270577,
    "distractor_mass_dist_0p5": 0.0003353390137834555,
    "target_margin_dist_0p5": 0.9992962122132744,
    "uniform_baseline_alignment_dist_0p5": 0.08333333333333333,
    "global_alignment_dist_0p75": 0.9819591314888347,
    "distractor_mass_dist_0p75": 0.017985208141124715,
    "target_margin_dist_0p75": 0.9639739233477099,
    "uniform_baseline_alignment_dist_0p75": 0.08333333333333333,
    "global_alignment_dist_1p0": 0.499990580252921,
    "distractor_mass_dist_1p0": 0.499990580252921,
    "target_margin_dist_1p0": 0.0,
    "uniform_baseline_alignment_dist_1p0": 0.08333333333333333,
    "global_alignment_canonical": 0.9996315512270577,
    "lift_over_uniform_canonical": 0.9162982178937243,
    "global_alignment_mean": 0.896301839634277,
    "global_alignment_robustness": 0.5000078582687564
  },
  "payload": {
    "version": 1,
    "model_name": "synthetic_attention_global_align",
    "d": 32,
    "seq_len": 12,
    "canonical_distractor_cos": 0.5,
    "distractor_cos_sweep": [
      0.0,
      0.25,
      0.5,
      0.75,
      1.0
    ],
    "sweep": [
      {
        "distractor_cos": 0.0,
        "global_alignment": 0.9999654445114219,
        "distractor_mass": 1.1253130319896234e-07,
        "target_margin": 0.9999653319801188,
        "n_seqs": 24
      },
      {
        "distractor_cos": 0.25,
        "global_alignment": 0.9999624906911501,
        "distractor_mass": 6.14398207130648e-06,
        "target_margin": 0.9999563467090787,
        "n_seqs": 24
      },
      {
        "distractor_cos": 0.5,
        "global_alignment": 0.9996315512270577,
        "distractor_mass": 0.0003353390137834555,
        "target_margin": 0.9992962122132744,
        "n_seqs": 24
      },
      {
        "distractor_cos": 0.75,
        "global_alignment": 0.9819591314888347,
        "distractor_mass": 0.017985208141124715,
        "target_margin": 0.9639739233477099,
        "n_seqs": 24
      },
      {
        "distractor_cos": 1.0,
        "global_alignment": 0.499990580252921,
        "distractor_mass": 0.499990580252921,
        "target_margin": 0.0,
        "n_seqs": 24
      }
    ],
    "uniform_baseline": [
      {
        "distractor_cos": 0.0,
        "global_alignment": 0.08333333333333333,
        "n_seqs": 24
      },
      {
        "distractor_cos": 0.25,
        "global_alignment": 0.08333333333333333,
        "n_seqs": 24
      },
      {
        "distractor_cos": 0.5,
        "global_alignment": 0.08333333333333333,
        "n_seqs": 24
      },
      {
        "distractor_cos": 0.75,
        "global_alignment": 0.08333333333333333,
        "n_seqs": 24
      },
      {
        "distractor_cos": 1.0,
        "global_alignment": 0.08333333333333333,
        "n_seqs": 24
      }
    ]
  }
}