{
  "goal": "attention_mst",
  "attempt": "pass_2",
  "run_id": "20260613T223019Z",
  "metrics": {
    "version": 1,
    "edge_f1_noise_0p0": 0.9636363636363636,
    "auroc_noise_0p0": 0.9943801652892562,
    "weight_ratio_noise_0p0": 1.0154736148410042,
    "baseline_edge_f1_noise_0p0": 1.0,
    "baseline_auroc_noise_0p0": 0.9838016528925619,
    "edge_f1_noise_0p1": 0.890909090909091,
    "auroc_noise_0p1": 0.9814876033057851,
    "weight_ratio_noise_0p1": 1.0592451467098876,
    "baseline_edge_f1_noise_0p1": 0.9272727272727274,
    "baseline_auroc_noise_0p1": 0.9745454545454546,
    "edge_f1_noise_0p2": 0.7818181818181819,
    "auroc_noise_0p2": 0.9629752066115703,
    "weight_ratio_noise_0p2": 1.1286628931367664,
    "baseline_edge_f1_noise_0p2": 0.8181818181818181,
    "baseline_auroc_noise_0p2": 0.9639669421487603,
    "edge_f1_noise_0p3": 0.6909090909090908,
    "auroc_noise_0p3": 0.9249586776859505,
    "weight_ratio_noise_0p3": 1.1497674907957776,
    "baseline_edge_f1_noise_0p3": 0.6545454545454545,
    "baseline_auroc_noise_0p3": 0.9173553719008265,
    "edge_f1_noise_0p4": 0.6363636363636364,
    "auroc_noise_0p4": 0.9158677685950412,
    "weight_ratio_noise_0p4": 1.3455808517279952,
    "baseline_edge_f1_noise_0p4": 0.6545454545454545,
    "baseline_auroc_noise_0p4": 0.9161983471074381,
    "edge_f1_noise_0p5": 0.6,
    "auroc_noise_0p5": 0.902809917355372,
    "weight_ratio_noise_0p5": 1.3407526303899362,
    "baseline_edge_f1_noise_0p5": 0.6181818181818182,
    "baseline_auroc_noise_0p5": 0.9038016528925621,
    "edge_f1_noise_0p6": 0.5272727272727272,
    "auroc_noise_0p6": 0.8844628099173555,
    "weight_ratio_noise_0p6": 1.5173994089524108,
    "baseline_edge_f1_noise_0p6": 0.5454545454545454,
    "baseline_auroc_noise_0p6": 0.883801652892562,
    "edge_f1_noise_0p7": 0.4909090909090909,
    "auroc_noise_0p7": 0.8519008264462811,
    "weight_ratio_noise_0p7": 1.7030709890266873,
    "baseline_edge_f1_noise_0p7": 0.4909090909090909,
    "baseline_auroc_noise_0p7": 0.849090909090909,
    "edge_f1_noise_0p8": 0.41818181818181815,
    "auroc_noise_0p8": 0.8130578512396693,
    "weight_ratio_noise_0p8": 1.7527908337264324,
    "baseline_edge_f1_noise_0p8": 0.38181818181818183,
    "baseline_auroc_noise_0p8": 0.8095867768595042,
    "edge_f1_noise_0p9": 0.43636363636363634,
    "auroc_noise_0p9": 0.8428099173553718,
    "weight_ratio_noise_0p9": 1.7162978721172775,
    "baseline_edge_f1_noise_0p9": 0.509090909090909,
    "baseline_auroc_noise_0p9": 0.8461157024793389,
    "edge_f1_noise_1p0": 0.32727272727272727,
    "auroc_noise_1p0": 0.7960330578512397,
    "weight_ratio_noise_1p0": 2.0615142218770126,
    "baseline_edge_f1_noise_1p0": 0.36363636363636365,
    "baseline_auroc_noise_1p0": 0.8074380165289256,
    "edge_f1_canonical": 0.6,
    "auroc_canonical": 0.902809917355372,
    "baseline_edge_f1_canonical": 0.6181818181818182,
    "lift_over_baseline_canonical": -0.018181818181818188,
    "mst_recovery": 0.6148760330578512,
    "mst_recovery_robustness": 0.33962264150943394
  },
  "payload": {
    "version": 1,
    "model_name": "attention_mst",
    "n_heads": 12,
    "canonical_noise": 0.5,
    "noise_levels": [
      0.0,
      0.1,
      0.2,
      0.3,
      0.4,
      0.5,
      0.6,
      0.7,
      0.8,
      0.9,
      1.0
    ],
    "sweep": [
      {
        "noise_level": 0.0,
        "edge_f1": 0.9636363636363636,
        "precision": 0.9636363636363636,
        "recall": 0.9636363636363636,
        "auroc": 0.9943801652892562,
        "auprc": 0.974528961828427,
        "weight_ratio": 1.0154736148410042,
        "n_seeds": 5
      },
      {
        "noise_level": 0.1,
        "edge_f1": 0.890909090909091,
        "precision": 0.890909090909091,
        "recall": 0.890909090909091,
        "auroc": 0.9814876033057851,
        "auprc": 0.8982975105702378,
        "weight_ratio": 1.0592451467098876,
        "n_seeds": 5
      },
      {
        "noise_level": 0.2,
        "edge_f1": 0.7818181818181819,
        "precision": 0.7818181818181819,
        "recall": 0.7818181818181819,
        "auroc": 0.9629752066115703,
        "auprc": 0.8380851770114365,
        "weight_ratio": 1.1286628931367664,
        "n_seeds": 5
      },
      {
        "noise_level": 0.3,
        "edge_f1": 0.6909090909090908,
        "precision": 0.6909090909090908,
        "recall": 0.6909090909090908,
        "auroc": 0.9249586776859505,
        "auprc": 0.7217455717969369,
        "weight_ratio": 1.1497674907957776,
        "n_seeds": 5
      },
      {
        "noise_level": 0.4,
        "edge_f1": 0.6363636363636364,
        "precision": 0.6363636363636364,
        "recall": 0.6363636363636364,
        "auroc": 0.9158677685950412,
        "auprc": 0.6804325255214199,
        "weight_ratio": 1.3455808517279952,
        "n_seeds": 5
      },
      {
        "noise_level": 0.5,
        "edge_f1": 0.6,
        "precision": 0.6,
        "recall": 0.6,
        "auroc": 0.902809917355372,
        "auprc": 0.6504779693683194,
        "weight_ratio": 1.3407526303899362,
        "n_seeds": 5
      },
      {
        "noise_level": 0.6,
        "edge_f1": 0.5272727272727272,
        "precision": 0.5272727272727272,
        "recall": 0.5272727272727272,
        "auroc": 0.8844628099173555,
        "auprc": 0.6198140791019194,
        "weight_ratio": 1.5173994089524108,
        "n_seeds": 5
      },
      {
        "noise_level": 0.7,
        "edge_f1": 0.4909090909090909,
        "precision": 0.4909090909090909,
        "recall": 0.4909090909090909,
        "auroc": 0.8519008264462811,
        "auprc": 0.5357699773565668,
        "weight_ratio": 1.7030709890266873,
        "n_seeds": 5
      },
      {
        "noise_level": 0.8,
        "edge_f1": 0.41818181818181815,
        "precision": 0.41818181818181815,
        "recall": 0.41818181818181815,
        "auroc": 0.8130578512396693,
        "auprc": 0.4785799974374081,
        "weight_ratio": 1.7527908337264324,
        "n_seeds": 5
      },
      {
        "noise_level": 0.9,
        "edge_f1": 0.43636363636363634,
        "precision": 0.43636363636363634,
        "recall": 0.43636363636363634,
        "auroc": 0.8428099173553718,
        "auprc": 0.5026140663461222,
        "weight_ratio": 1.7162978721172775,
        "n_seeds": 5
      },
      {
        "noise_level": 1.0,
        "edge_f1": 0.32727272727272727,
        "precision": 0.32727272727272727,
        "recall": 0.32727272727272727,
        "auroc": 0.7960330578512397,
        "auprc": 0.39837859774108975,
        "weight_ratio": 2.0615142218770126,
        "n_seeds": 5
      }
    ],
    "baseline": [
      {
        "noise_level": 0.0,
        "edge_f1": 1.0,
        "precision": 1.0,
        "recall": 1.0,
        "auroc": 0.9838016528925619,
        "auprc": 0.9234736953636474,
        "weight_ratio": 1.0,
        "n_seeds": 5
      },
      {
        "noise_level": 0.1,
        "edge_f1": 0.9272727272727274,
        "precision": 0.9272727272727274,
        "recall": 0.9272727272727274,
        "auroc": 0.9745454545454546,
        "auprc": 0.8799024015200485,
        "weight_ratio": 1.0099847270345543,
        "n_seeds": 5
      },
      {
        "noise_level": 0.2,
        "edge_f1": 0.8181818181818181,
        "precision": 0.8181818181818181,
        "recall": 0.8181818181818181,
        "auroc": 0.9639669421487603,
        "auprc": 0.8489616642543746,
        "weight_ratio": 1.1025822112010044,
        "n_seeds": 5
      },
      {
        "noise_level": 0.3,
        "edge_f1": 0.6545454545454545,
        "precision": 0.6545454545454545,
        "recall": 0.6545454545454545,
        "auroc": 0.9173553719008265,
        "auprc": 0.6922380483293795,
        "weight_ratio": 1.1434902594382632,
        "n_seeds": 5
      },
      {
        "noise_level": 0.4,
        "edge_f1": 0.6545454545454545,
        "precision": 0.6545454545454545,
        "recall": 0.6545454545454545,
        "auroc": 0.9161983471074381,