{
  "goal": "attention_constraint_prop",
  "attempt": "first_pass",
  "run_id": "20260613T212809Z",
  "metrics": {
    "version": 1,
    "canonical_distance": 4,
    "baseline_alignment_canonical": 0.03125,
    "mean_alignment_dist_1": 0.007499127183109522,
    "max_alignment_dist_1": 0.007499127183109522,
    "random_baseline_alignment_dist_1": 0.03125,
    "mean_alignment_dist_2": 0.00598467281088233,
    "max_alignment_dist_2": 0.00598467281088233,
    "random_baseline_alignment_dist_2": 0.03125,
    "mean_alignment_dist_4": 0.0037675185594707727,
    "max_alignment_dist_4": 0.0037675185594707727,
    "random_baseline_alignment_dist_4": 0.03125,
    "mean_alignment_dist_8": 0.005226577632129192,
    "max_alignment_dist_8": 0.005226577632129192,
    "random_baseline_alignment_dist_8": 0.03125,
    "mean_alignment_dist_12": 0.00558593962341547,
    "max_alignment_dist_12": 0.00558593962341547,
    "random_baseline_alignment_dist_12": 0.03125,
    "mean_alignment_dist_16": 0.005394656676799059,
    "max_alignment_dist_16": 0.005394656676799059,
    "random_baseline_alignment_dist_16": 0.03125,
    "max_head_alignment_canonical": 0.0037675185594707727,
    "best_head_layer_canonical": 0,
    "best_head_head_canonical": 0,
    "constraint_propagation_fidelity": 0.12056059390306473
  },
  "payload": {
    "version": 1,
    "config": {
      "seq_len": 32,
      "num_sequences": 500,
      "constraint_types": 2,
      "canonical_distance": 4,
      "seed": 0
    },
    "model_info": {
      "n_layers": 2,
      "n_heads": 1
    },
    "sweep": [
      {
        "distance": 1,
        "n_entries": 1010,
        "heads": [
          {
            "layer": 0,
            "head": 0,
            "alignment": 0.007499127183109522
          },
          {
            "layer": 1,
            "head": 0,
            "alignment": 0.007499127183109522
          }
        ],
        "mean_alignment": 0.007499127183109522,
        "max_alignment": 0.007499127183109522,
        "best_head": {
          "layer": 0,
          "head": 0,
          "alignment": 0.007499127183109522
        }
      },
      {
        "distance": 2,
        "n_entries": 1006,
        "heads": [
          {
            "layer": 0,
            "head": 0,
            "alignment": 0.00598467281088233
          },
          {
            "layer": 1,
            "head": 0,
            "alignment": 0.00598467281088233
          }
        ],
        "mean_alignment": 0.00598467281088233,
        "max_alignment": 0.00598467281088233,
        "best_head": {
          "layer": 0,
          "head": 0,
          "alignment": 0.00598467281088233
        }
      },
      {
        "distance": 4,
        "n_entries": 980,
        "heads": [
          {
            "layer": 0,
            "head": 0,
            "alignment": 0.0037675185594707727
          },
          {
            "layer": 1,
            "head": 0,
            "alignment": 0.0037675185594707727
          }
        ],
        "mean_alignment": 0.0037675185594707727,
        "max_alignment": 0.0037675185594707727,
        "best_head": {
          "layer": 0,
          "head": 0,
          "alignment": 0.0037675185594707727
        }
      },
      {
        "distance": 8,
        "n_entries": 1012,
        "heads": [
          {
            "layer": 0,
            "head": 0,
            "alignment": 0.005226577632129192
          },
          {
            "layer": 1,
            "head": 0,
            "alignment": 0.005226577632129192
          }
        ],
        "mean_alignment": 0.005226577632129192,
        "max_alignment": 0.005226577632129192,
        "best_head": {
          "layer": 0,
          "head": 0,
          "alignment": 0.005226577632129192
        }
      },
      {
        "distance": 12,
        "n_entries": 964,
        "heads": [
          {
            "layer": 0,
            "head": 0,
            "alignment": 0.00558593962341547
          },
          {
            "layer": 1,
            "head": 0,
            "alignment": 0.00558593962341547
          }
        ],
        "mean_alignment": 0.00558593962341547,
        "max_alignment": 0.00558593962341547,
        "best_head": {
          "layer": 0,
          "head": 0,
          "alignment": 0.00558593962341547
        }
      },
      {
        "distance": 16,
        "n_entries": 986,
        "heads": [
          {
            "layer": 0,
            "head": 0,
            "alignment": 0.005394656676799059
          },
          {
            "layer": 1,
            "head": 0,
            "alignment": 0.005394656676799059
          }
        ],
        "mean_alignment": 0.005394656676799059,
        "max_alignment": 0.005394656676799059,
        "best_head": {
          "layer": 0,
          "head": 0,
          "alignment": 0.005394656676799059
        }
      }
    ]
  }
}