{
  "summary": {
    "full": 0.999987918176035,
    "no_position": 0.842741935483871,
    "depth_ablated": 0.5458520723288992,
    "uniform": 0.3713133640552996
  },
  "per_span": {
    "span": [
      3,
      4,
      5,
      6,
      7,
      8
    ],
    "full": [
      1.0,
      0.9999722568577223,
      0.9999773010654092,
      0.9999909193269194,
      0.9999848673769393,
      1.0
    ],
    "uniform": [
      0.5,
      0.3333333333333334,
      0.25,
      0.2266666666666667,
      0.16666666666666666,
      0.22857142857142856
    ]
  },
  "examples": [
    {
      "label": ")())))) cell(1,4) \u00b7 X (S->S R)",
      "seq_str": ")()))))",
      "cell_type": "X (S->S R)",
      "i": 1,
      "j": 4,
      "candidates": [
        2,
        3
      ],
      "scores": [
        2.6786371807851483e-33,
        1.0
      ],
      "correct": [
        3
      ],
      "depths": [
        0,
        -1,
        0,
        -1,
        -2,
        -3,
        -4,
        -5
      ]
    },
    {
      "label": "()(())() cell(0,6) \u00b7 S (S->S S)",
      "seq_str": "()(())()",
      "cell_type": "S (S->S S)",
      "i": 0,
      "j": 6,
      "candidates": [
        1,
        2,
        3,
        4,
        5
      ],
      "scores": [
        5.90009059760205e-29,
        1.0,
        2.6786371807851483e-33,
        0.0,
        1.2160993840594577e-37
      ],
      "correct": [
        2
      ],
      "depths": [
        0,
        1,
        0,
        1,
        2,
        1,
        0,
        1,
        0
      ]
    },
    {
      "label": "()(())() cell(0,8) \u00b7 S (S->S S)",
      "seq_str": "()(())()",
      "cell_type": "S (S->S S)",
      "i": 0,
      "j": 8,
      "candidates": [
        1,
        2,
        3,
        4,
        5,
        6,
        7
      ],
      "scores": [
        1.2160993840594577e-37,
        2.061153470123145e-09,
        5.521115949439779e-42,
        0.0,
        0.0,
        1.0,
        0.0
      ],
      "correct": [
        2,
        6
      ],
      "depths": [
        0,
        1,
        0,
        1,
        2,
        1,
        0,
        1,
        0
      ]
    },
    {
      "label": "()(())() cell(2,6) \u00b7 S wrap (S->L X)",
      "seq_str": "()(())()",
      "cell_type": "S wrap (S->L X)",
      "i": 2,
      "j": 6,
      "candidates": [
        3,
        4,
        5
      ],
      "scores": [
        0.9999545812606812,
        0.0,
        4.539786823443137e-05
      ],
      "correct": [
        3
      ],
      "depths": [
        0,
        1,
        0,
        1,
        2,
        1,
        0,
        1,
        0
      ]
    },
    {
      "label": "()(())() cell(2,8) \u00b7 S (S->S S)",
      "seq_str": "()(())()",
      "cell_type": "S (S->S S)",
      "i": 2,
      "j": 8,
      "candidates": [
        3,
        4,
        5,
        6,
        7
      ],
      "scores": [
        5.521115949439779e-42,
        0.0,
        0.0,
        1.0,
        0.0
      ],
      "correct": [
        6
      ],
      "depths": [
        0,
        1,
        0,
        1,
        2,
        1,
        0,
        1,
        0
      ]
    },
    {
      "label": "()(())() cell(3,6) \u00b7 X (S->S R)",
      "seq_str": "()(())()",
      "cell_type": "X (S->S R)",
      "i": 3,
      "j": 6,
      "candidates": [
        4,
        5
      ],
      "scores": [
        5.521115949439779e-42,
        1.0
      ],
      "correct": [
        5
      ],
      "depths": [
        0,
        1,
        0,
        1,
        2,
        1,
        0,
        1,
        0
      ]
    }
  ]
}