{
  "k": [
    1,
    2,
    3,
    4,
    8
  ],
  "best_head_mass": [
    0.9985945801445264,
    0.9985945801445264,
    0.9985945801445264,
    0.9985945801445263,
    0.9985945801445263
  ],
  "best_head_argmax_acc": [
    1.0,
    1.0,
    1.0,
    1.0,
    1.0
  ],
  "uniform_baseline": [
    0.03125,
    0.03125,
    0.03125,
    0.03125,
    0.03125
  ],
  "lift_over_uniform": [
    0.9673445801445264,
    0.9673445801445264,
    0.9673445801445264,
    0.9673445801445263,
    0.9673445801445263
  ]
}