{
  "k_sweep": [
    2,
    4,
    8,
    16,
    32
  ],
  "canonical_k": 8,
  "n_positions": 16,
  "beta_trained": 12.144211769104004,
  "rank": 1024,
  "series": {
    "trained": [
      1.0,
      1.0,
      1.0,
      1.0,
      1.0
    ],
    "handbuilt": [
      1.0,
      1.0,
      1.0,
      1.0,
      1.0
    ],
    "ablation": [
      0.21,
      0.185,
      0.075,
      0.115,
      0.095
    ],
    "baseline": [
      0.56,
      0.315,
      0.325,
      0.22,
      0.155
    ]
  },
  "attended_mass_trained": [
    0.9999999999935979,
    0.9999999996013681,
    0.9999999692036252,
    0.999996743408022,
    0.998960939424083
  ],
  "train_curve": {
    "steps": [
      0,
      250,
      500,
      750,
      1000,
      1250,
      1500,
      1750,
      2000,
      2250,
      2499
    ],
    "val_acc": [
      0.6019999980926514,
      0.9993999600410461,
      0.9993999600410461,
      0.9993999600410461,
      0.9993999600410461,
      0.9993999600410461,
      0.9993999600410461,
      0.9993999600410461,
      0.9993999600410461,
      0.9993999600410461,
      0.9993999600410461
    ]
  },
  "scatter": {
    "true_product": [
      24,
      6,
      10,
      24,
      6,
      4,
      0,
      2,
      0,
      0,
      0,
      28,
      28,
      9,
      0,
      20,
      0,
      20,
      36,
      30,
      36,
      14,
      4,
      6,
      8,
      18,
      36,
      5,
      20,
      35,
      6,
      0,
      1,
      8,
      0,
      1,
      7,
      18,
      21,
      0,
      12,
      0,
      28,
      21,
      4,
      24,
      0,
      42,
      10,
      4,
      30,
      0,
      0,
      6,
      28,
      0,
      30,
      20,
      10,
      0,
      0,
      8,
      42,
      6,
      18,
      28,
      14,
      5,
      24,
      42,
      3,
      3,
      18,
      0,
      25,
      9,
      20,
      0,
      20,
      18,
      20,
      0,
      12,
      30,
      3,
      6,
      14,
      0,
      12,
      6,
      24,
      0,
      16,
      30,
      7,
      9,
      30,
      10,
      0,
      28,
      49,
      12,
      10,
      20,
      7,
      4,
      0,
      9,
      18,
      0,
      0,
      5,
      28,
      24,
      0,
      0,
      14,
      0,
      14,
      0,
      4,
      3,
      0,
      4,
      4,
      4,
      5,
      0,
      0,
      3,
      2,
      15,
      12,
      10,
      18,
      0,
      2,
      16,
      0,
      14,
      0,
      3,
      42,
      0,
      15,
      36,
      21,
      6,
      20,
      25,
      12,
      15,
      42,
      18,
      42,
      20,
      15,
      1,
      21,
      8,
      5,
      0,
      49,
      1,
      9,
      12,
      5,
      24,
      0,
      6,
      35,
      2,
      12,
      0,
      15,
      12,
      24,
      4,
      0,
      12,
      24,
      20,
      1,
      28,
      6,
      35,
      25,
      3,
      0,
      8,
      4,
      3,
      2,
      28,
      0,
      0,
      35,
      6,
      5,
      12
    ],
    "pred_value": [
      24,
      6,
      10,
      24,
      6,
      4,
      0,
      2,
      0,
      0,
      0,
      28,
      28,
      9,
      0,
      20,
      0,
      20,
      36,
      30,
      36,
      14,
      4,
      6,
      8,
      18,
      36,
      5,
      20,
      35,
      6,
      0,
      1,
      8,
      0,
      1,
      7,
      18,
      21,
      0,
      12,
      0,
      28,
      21,
      4,
      24,
      0,
      42,
      10,
      4,
      30,
      0,
      0,
      6,
      28,
      0,
      30,
      20,
      10,
      0,
      0,
      8,
      42,
      6,
      18,
      28,
      14,
      5,
      24,
      42,
      3,
      3,
      18,
      0,
      25,
      9,
      20,
      0,
      20,
      18,
      20,
      0,
      12,
      30,
      3,
      6,
      14,
      0,
      12,
      6,
      24,
      0,
      16,
      30,
      7,
      9,
      30,
      10,
      0,
      28,
      49,
      12,
      10,
      20,
      7,
      4,
      0,
      9,
      18,
      0,
      0,
      5,
      28,
      24,
      0,
      0,
      14,
      0,
      14,
      0,
      4,
      3,
      0,
      4,
      4,
      4,
      5,
      0,
      0,
      3,
      2,
      15,
      12,
      10,
      18,
      0,
      2,
      16,
      0,
      14,
      0,
      3,
      42,
      0,
      15,
      36,
      21,
      6,
      20,
      25,
      12,
      15,
      42,
      18,
      42,
      20,
      15,
      1,
      21,
      8,
      5,
      0,
      49,
      1,
      9,
      12,
      5,
      24,
      0,
      6,
      35,
      2,
      12,
      0,
      15,
      12,
      24,
      4,
      0,
      12,
      24,
      20,
      1,
      28,
      6,
      35,
      25,
      3,
      0,
      8,
      4,
      3,
      2,
      28,
      0,
      0,
      35,
      6,
      5,
      12
    ],
    "correct": [
      true,
      true,
      true,
      true,
      true,
      true,
      true,
      true,
      true,
      true,
      true,
      true,
      true,
      true,
      true,
      true,
      true,
      true,
      true,
      true,
      true,
      true,
      true,
      true,
      true,
      true,
      true,
      true,
      true,
      true,
      true,
      true,
      true,
      true,
      true,
      true,
      true,
      true,
      true,
      true,
      true,
      true,
      true,
      true,
      true,
      true,
      true,
      true,
      true,
      true,
      true,
      true,
      true,
      true,
      true,
      true,
      true,
      true,
      true,
      true,
      true,
      true,
      true,
      true,
      true,
      true,
      true,
      true,
      true,
      true,
      true,
      true,
      true,
      true,
      true,
      true,
      true,
      true,
      true,
      true,
      true,
      true,
      true,
      true,
      true,
      true,
      true,
      true,
      true,
      true,
      true,
      true,
      true,
      true,
      true,
      true,
      true,
      true,
      true,
      true,
      true,
      true,
      true,
      true,
      true,
      true,
      true,
      true,
      true,
      true,
      true,
      true,
      true,
      true,
      true,
      true,
      true,
      true,
      true,
      true,
      true,
      true,
      true,
      true,
      true,
      true,
      true,
      true,
      true,
      true,
      true,
      true,
      true,
      true,
      true,
      true,
      true,
      true,
      true,
      true,
      true,
      true,
      true,
      true,
      true,
      true,
      true,
      true,
      true,
      true,
      true,
      true,
      true,
      true,
      true,
      true,
      true,
      true,
      true,
      true,
      true,
      true,
      true,
      true,
      true,
      true,
      true,
      true,
      true,
      true,
      true,
      true,
      true,
      true,
      true,
      true,
      true,
      true,
      true,
      true,
      true,
      true,
      true,
      true,
      true,
      true,
      true,
      true,
      true,
      true,
      true,
      true,
      true,
      true,
      true,
      true,
      true,
      true,
      true,
      true
    ]
  }
}