{
  "goal": "attention_lcs",
  "attempt": "first_pass",
  "run_id": "20260613T182602Z",
  "metrics": {
    "version": 1,
    "random_baseline_mass": 0.0625,
    "lcs_attention_head_0": 0.06250013825307899,
    "lcs_lift_head_0": 1.3825307898507333e-07,
    "lcs_attention_head_1": 0.0625001101772178,
    "lcs_lift_head_1": 1.1017721779360556e-07,
    "lcs_attention_head_2": 0.06249990229679377,
    "lcs_lift_head_2": -9.770320622687345e-08,
    "lcs_attention_head_3": 0.06250015128500548,
    "lcs_lift_head_3": 1.512850054813386e-07,
    "lcs_attention_canonical": 0.06250015128500548,
    "lcs_lift_canonical": 1.512850054813386e-07,
    "lcs_robustness": 1.6137067251342785e-07
  },
  "payload": {
    "version": 1,
    "config": {
      "seq_len": 16,
      "vocab_size": 8,
      "num_examples": 256,
      "seed": 0,
      "n_heads": 4
    },
    "random_baseline_mass": 0.0625,
    "sweep": [
      {
        "head": 0,
        "lcs_attention_mass": 0.06250013825307899,
        "lcs_lift": 1.3825307898507333e-07,
        "n_query_positions": 1696
      },
      {
        "head": 1,
        "lcs_attention_mass": 0.0625001101772178,
        "lcs_lift": 1.1017721779360556e-07,
        "n_query_positions": 1696
      },
      {
        "head": 2,
        "lcs_attention_mass": 0.06249990229679377,
        "lcs_lift": -9.770320622687345e-08,
        "n_query_positions": 1696
      },
      {
        "head": 3,
        "lcs_attention_mass": 0.06250015128500548,
        "lcs_lift": 1.512850054813386e-07,
        "n_query_positions": 1696
      }
    ]
  }
}