{
  "goal": "attention_distance_compare",
  "attempt": "pass_2",
  "run_id": "20260613T151305Z",
  "metrics": {
    "version": 1,
    "distance_decay_slope_canonical": 1.788196511291479,
    "uniform_baseline_decay_slope": -0.0,
    "lift_over_uniform_decay_slope": 1.788196511291479,
    "local_attention_fraction_canonical": 0.9147171612482935,
    "attn_entropy_canonical": 2.3519506574511073,
    "mean_attn_dist_0": 0.2492027012631297,
    "mean_attn_dist_1": 0.0923989829089907,
    "mean_attn_dist_2": 0.07037123484957598,
    "mean_attn_dist_3": 0.05408042565476696,
    "mean_attn_dist_4": 0.04174707184235255,
    "mean_attn_dist_6": 0.028711508545610658,
    "mean_attn_dist_9": 0.013931095264516427,
    "mean_attn_dist_13": 0.004209174842976353,
    "mean_attn_dist_24": 0.0004853027015352504,
    "mean_attn_dist_48": 7.2376050317903445e-06,
    "layer_head_decay_slope_layer0_head0": 1.788196511291479,
    "layer_head_decay_slope_layer0_head1": 1.788196511291479,
    "layer_head_decay_slope_layer0_head2": 1.788196511291479,
    "layer_head_decay_slope_layer0_head3": 1.788196511291479,
    "layer_head_decay_slope_layer0_head4": 1.788196511291479,
    "layer_head_decay_slope_layer0_head5": 1.788196511291479,
    "layer_head_decay_slope_layer0_head6": 1.788196511291479,
    "layer_head_decay_slope_layer0_head7": 1.788196511291479,
    "layer_head_decay_slope_layer1_head0": 1.788196511291479,
    "layer_head_decay_slope_layer1_head1": 1.788196511291479,
    "layer_head_decay_slope_layer1_head2": 1.788196511291479,
    "layer_head_decay_slope_layer1_head3": 1.788196511291479,
    "layer_head_decay_slope_layer1_head4": 1.788196511291479,
    "layer_head_decay_slope_layer1_head5": 1.788196511291479,
    "layer_head_decay_slope_layer1_head6": 1.788196511291479,
    "layer_head_decay_slope_layer1_head7": 1.788196511291479,
    "layer_head_decay_slope_layer2_head0": 1.788196511291479,
    "layer_head_decay_slope_layer2_head1": 1.788196511291479,
    "layer_head_decay_slope_layer2_head2": 1.788196511291479,
    "layer_head_decay_slope_layer2_head3": 1.788196511291479,
    "layer_head_decay_slope_layer2_head4": 1.788196511291479,
    "layer_head_decay_slope_layer2_head5": 1.788196511291479,
    "layer_head_decay_slope_layer2_head6": 1.788196511291479,
    "layer_head_decay_slope_layer2_head7": 1.788196511291479,
    "layer_head_decay_slope_layer3_head0": 1.788196511291479,
    "layer_head_decay_slope_layer3_head1": 1.788196511291479,
    "layer_head_decay_slope_layer3_head2": 1.788196511291479,
    "layer_head_decay_slope_layer3_head3": 1.788196511291479,
    "layer_head_decay_slope_layer3_head4": 1.788196511291479,
    "layer_head_decay_slope_layer3_head5": 1.788196511291479,
    "layer_head_decay_slope_layer3_head6": 1.788196511291479,
    "layer_head_decay_slope_layer3_head7": 1.788196511291479
  },
  "payload": {
    "version": 1,
    "canonical_config": {
      "seq_len": 64,
      "batch_size": 32,
      "n_layers": 4,
      "n_heads": 8,
      "vocab_size": 1000,
      "seed": 0,
      "distance_bin_edges": [
        0,
        1,
        2,
        3,
        4,
        5,
        7,
        11,
        17,
        33,
        64
      ]
    },
    "distance_bins": [
      0.5,
      1.5,
      2.5,
      3.5,
      4.5,
      6.0,
      9.0,
      13.5,
      24.5,
      48.0
    ],
    "mean_attn_per_bin": [
      0.2492027012631297,
      0.0923989829089907,
      0.07037123484957598,
      0.05408042565476696,
      0.04174707184235255,
      0.028711508545610658,
      0.013931095264516427,
      0.004209174842976353,
      0.0004853027015352504,
      7.2376050317903445e-06
    ],
    "uniform_baseline_per_bin": [
      0.015625,
      0.015625,
      0.015625,
      0.015625,
      0.015625,
      0.015625,
      0.015625,
      0.015625,
      0.015625,
      0.015625
    ],
    "mean_attn_per_layer_head_bin": [
      [
        [
          0.2492027012631297,
          0.09239898290899065,
          0.07037123484957603,
          0.05408042565476699,
          0.04174707184235255,
          0.02871150854561064,
          0.013931095264516436,
          0.004209174842976353,
          0.0004853027015352508,
          7.237605031790341e-06
        ],
        [
          0.2492027012631297,
          0.09239898290899065,
          0.07037123484957603,
          0.05408042565476699,
          0.04174707184235255,
          0.02871150854561064,
          0.013931095264516436,
          0.004209174842976353,
          0.0004853027015352508,
          7.237605031790341e-06
        ],
        [
          0.2492027012631297,
          0.09239898290899065,
          0.07037123484957603,
          0.05408042565476699,
          0.04174707184235255,
          0.02871150854561064,
          0.013931095264516436,
          0.004209174842976353,
          0.0004853027015352508,
          7.237605031790341e-06
        ],
        [
          0.2492027012631297,
          0.09239898290899065,
          0.07037123484957603,
          0.05408042565476699,
          0.04174707184235255,
          0.02871150854561064,
          0.013931095264516436,
          0.004209174842976353,
          0.0004853027015352508,
          7.237605031790341e-06
        ],
        [
          0.2492027012631297,
          0.09239898290899065,
          0.07037123484957603,
          0.05408042565476699,
          0.04174707184235255,
          0.02871150854561064,
          0.013931095264516436,
          0.004209174842976353,
          0.0004853027015352508,
          7.237605031790341e-06
        ],
        [
          0.2492027012631297,
          0.09239898290899065,
          0.07037123484957603,
          0.05408042565476699,
          0.04174707184235255,
          0.02871150854561064,
          0.013931095264516436,
          0.004209174842976353,
          0.0004853027015352508,
          7.237605031790341e-06
        ],
        [
          0.2492027012631297,
          0.09239898290899065,
          0.07037123484957603,
          0.05408042565476699,
          0.04174707184235255,
          0.02871150854561064,
          0.013931095264516436,
          0.004209174842976353,
          0.0004853027015352508,
          7.237605031790341e-06
        ],
        [
          0.2492027012631297,
          0.09239898290899065,
          0.07037123484957603,
          0.05408042565476699,
          0.04174707184235255,
          0.02871150854561064,
          0.013931095264516436,
          0.004209174842976353,
          0.0004853027015352508,
          7.237605031790341e-06
        ]
      ],
      [
        [
          0.2492027012631297,
          0.09239898290899065,
          0.07037123484957603,
          0.05408042565476699,
          0.04174707184235255,
          0.02871150854561064,
          0.013931095264516436,
          0.004209174842976353,
          0.0004853027015352508,
          7.237605031790341e-06
        ],
        [
          0.2492027012631297,
          0.09239898290899065,
          0.07037123484957603,
          0.05408042565476699,
          0.04174707184235255,
          0.02871150854561064,
          0.013931095264516436,
          0.004209174842976353,
          0.0004853027015352508,
          7.237605031790341e-06
        ],
        [
          0.2492027012631297,
          0.09239898290899065,
          0.07037123484957603,
          0.05408042565476699,
          0.04174707184235255,
          0.02871150854561064,
          0.013931095264516436,
          0.004209174842976353,
          0.0004853027015352508,
          7.237605031790341e-06
        ],
        [
          0.2492027012631297,
          0.09239898290899065,
          0.07037123484957603,
          0.05408042565476699,
          0.04174707184235255,
          0.02871150854561064,
          0.013931095264516436,
          0.004209174842976353,
          0.0004853027015352508,
          7.237605031790341e-06
        ],
        [
          0.2492027012631297,
