{
  "goal": "attention_mst",
  "attempt": "pass_2",
  "run_id": "20260613T230528Z",
  "metrics": {
    "version": 1,
    "edge_f1_noise_0p0": 0.8363636363636365,
    "auroc_noise_0p0": 0.9778512396694214,
    "weight_ratio_noise_0p0": 1.0322504174398035,
    "baseline_edge_f1_noise_0p0": 1.0,
    "baseline_auroc_noise_0p0": 0.9838016528925619,
    "edge_f1_noise_0p1": 0.8181818181818181,
    "auroc_noise_0p1": 0.9745454545454546,
    "weight_ratio_noise_0p1": 1.085111225276513,
    "baseline_edge_f1_noise_0p1": 0.9272727272727274,
    "baseline_auroc_noise_0p1": 0.9745454545454546,
    "edge_f1_noise_0p2": 0.7818181818181819,
    "auroc_noise_0p2": 0.9669421487603305,
    "weight_ratio_noise_0p2": 1.1752869297958648,
    "baseline_edge_f1_noise_0p2": 0.8181818181818181,
    "baseline_auroc_noise_0p2": 0.9639669421487603,
    "edge_f1_noise_0p3": 0.6545454545454545,
    "auroc_noise_0p3": 0.9295867768595041,
    "weight_ratio_noise_0p3": 1.1754168303760104,
    "baseline_edge_f1_noise_0p3": 0.6545454545454545,
    "baseline_auroc_noise_0p3": 0.9173553719008265,
    "edge_f1_noise_0p4": 0.6545454545454545,
    "auroc_noise_0p4": 0.9127272727272727,
    "weight_ratio_noise_0p4": 1.3172038094738192,
    "baseline_edge_f1_noise_0p4": 0.6545454545454545,
    "baseline_auroc_noise_0p4": 0.9161983471074381,
    "edge_f1_noise_0p5": 0.5818181818181818,
    "auroc_noise_0p5": 0.9064462809917355,
    "weight_ratio_noise_0p5": 1.3071998796187008,
    "baseline_edge_f1_noise_0p5": 0.6181818181818182,
    "baseline_auroc_noise_0p5": 0.9038016528925621,
    "edge_f1_noise_0p6": 0.5272727272727272,
    "auroc_noise_0p6": 0.876694214876033,
    "weight_ratio_noise_0p6": 1.5528739654227515,
    "baseline_edge_f1_noise_0p6": 0.5454545454545454,
    "baseline_auroc_noise_0p6": 0.883801652892562,
    "edge_f1_noise_0p7": 0.4727272727272728,
    "auroc_noise_0p7": 0.8373553719008265,
    "weight_ratio_noise_0p7": 1.680844937386982,
    "baseline_edge_f1_noise_0p7": 0.4909090909090909,
    "baseline_auroc_noise_0p7": 0.849090909090909,
    "edge_f1_noise_0p8": 0.4,
    "auroc_noise_0p8": 0.7983471074380166,
    "weight_ratio_noise_0p8": 1.7818798039011365,
    "baseline_edge_f1_noise_0p8": 0.38181818181818183,
    "baseline_auroc_noise_0p8": 0.8095867768595042,
    "edge_f1_noise_0p9": 0.4363636363636364,
    "auroc_noise_0p9": 0.848595041322314,
    "weight_ratio_noise_0p9": 1.710101156965416,
    "baseline_edge_f1_noise_0p9": 0.509090909090909,
    "baseline_auroc_noise_0p9": 0.8461157024793389,
    "edge_f1_noise_1p0": 0.32727272727272727,
    "auroc_noise_1p0": 0.7966942148760331,
    "weight_ratio_noise_1p0": 1.9684916544419846,
    "baseline_edge_f1_noise_1p0": 0.36363636363636365,
    "baseline_auroc_noise_1p0": 0.8074380165289256,
    "edge_f1_canonical": 0.5818181818181818,
    "auroc_canonical": 0.9064462809917355,
    "baseline_edge_f1_canonical": 0.6181818181818182,
    "lift_over_baseline_canonical": -0.036363636363636376,
    "mst_recovery": 0.5900826446280992,
    "mst_recovery_robustness": 0.39130434782608686
  },
  "payload": {
    "version": 1,
    "model_name": "attention_mst",
    "n_heads": 12,
    "canonical_noise": 0.5,
    "noise_levels": [
      0.0,
      0.1,
      0.2,
      0.3,
      0.4,
      0.5,
      0.6,
      0.7,
      0.8,
      0.9,
      1.0
    ],
    "sweep": [
      {
        "noise_level": 0.0,
        "edge_f1": 0.8363636363636365,
        "precision": 0.8363636363636365,
        "recall": 0.8363636363636365,
        "auroc": 0.9778512396694214,
        "auprc": 0.8915679581856052,
        "weight_ratio": 1.0322504174398035,
        "n_seeds": 5
      },
      {
        "noise_level": 0.1,
        "edge_f1": 0.8181818181818181,
        "precision": 0.8181818181818181,
        "recall": 0.8181818181818181,
        "auroc": 0.9745454545454546,
        "auprc": 0.8890428749878512,
        "weight_ratio": 1.085111225276513,
        "n_seeds": 5
      },
      {
        "noise_level": 0.2,
        "edge_f1": 0.7818181818181819,
        "precision": 0.7818181818181819,
        "recall": 0.7818181818181819,
        "auroc": 0.9669421487603305,
        "auprc": 0.8553690699799622,
        "weight_ratio": 1.1752869297958648,
        "n_seeds": 5
      },
      {
        "noise_level": 0.3,
        "edge_f1": 0.6545454545454545,
        "precision": 0.6545454545454545,
        "recall": 0.6545454545454545,
        "auroc": 0.9295867768595041,
        "auprc": 0.7324378647225537,
        "weight_ratio": 1.1754168303760104,
        "n_seeds": 5
      },
      {
        "noise_level": 0.4,
        "edge_f1": 0.6545454545454545,
        "precision": 0.6545454545454545,
        "recall": 0.6545454545454545,
        "auroc": 0.9127272727272727,
        "auprc": 0.6953784405916729,
        "weight_ratio": 1.3172038094738192,
        "n_seeds": 5
      },
      {
        "noise_level": 0.5,
        "edge_f1": 0.5818181818181818,
        "precision": 0.5818181818181818,
        "recall": 0.5818181818181818,
        "auroc": 0.9064462809917355,
        "auprc": 0.6494859080271634,
        "weight_ratio": 1.3071998796187008,
        "n_seeds": 5
      },
      {
        "noise_level": 0.6,
        "edge_f1": 0.5272727272727272,
        "precision": 0.5272727272727272,
        "recall": 0.5272727272727272,
        "auroc": 0.876694214876033,
        "auprc": 0.5908562413751847,
        "weight_ratio": 1.5528739654227515,
        "n_seeds": 5
      },
      {
        "noise_level": 0.7,
        "edge_f1": 0.4727272727272728,
        "precision": 0.4727272727272728,
        "recall": 0.4727272727272728,
        "auroc": 0.8373553719008265,
        "auprc": 0.4885966683686003,
        "weight_ratio": 1.680844937386982,
        "n_seeds": 5
      },
      {
        "noise_level": 0.8,
        "edge_f1": 0.4,
        "precision": 0.4,
        "recall": 0.4,
        "auroc": 0.7983471074380166,
        "auprc": 0.4255674885824323,
        "weight_ratio": 1.7818798039011365,
        "n_seeds": 5
      },
      {
        "noise_level": 0.9,
        "edge_f1": 0.4363636363636364,
        "precision": 0.4363636363636364,
        "recall": 0.4363636363636364,
        "auroc": 0.848595041322314,
        "auprc": 0.4729660573218818,
        "weight_ratio": 1.710101156965416,
        "n_seeds": 5
      },
      {
        "noise_level": 1.0,
        "edge_f1": 0.32727272727272727,
        "precision": 0.32727272727272727,
        "recall": 0.32727272727272727,
        "auroc": 0.7966942148760331,
        "auprc": 0.4007556055029099,
        "weight_ratio": 1.9684916544419846,
        "n_seeds": 5
      }
    ],
    "baseline": [
      {
        "noise_level": 0.0,
        "edge_f1": 1.0,
        "precision": 1.0,
        "recall": 1.0,
        "auroc": 0.9838016528925619,
        "auprc": 0.9234736953636474,
        "weight_ratio": 1.0,
        "n_seeds": 5
      },
      {
        "noise_level": 0.1,
        "edge_f1": 0.9272727272727274,
        "precision": 0.9272727272727274,
        "recall": 0.9272727272727274,
        "auroc": 0.9745454545454546,
        "auprc": 0.8799024015200485,
        "weight_ratio": 1.0099847270345543,
        "n_seeds": 5
      },
      {
        "noise_level": 0.2,
        "edge_f1": 0.8181818181818181,
        "precision": 0.8181818181818181,
        "recall": 0.8181818181818181,
        "auroc": 0.9639669421487603,
        "auprc": 0.8489616642543746,
        "weight_ratio": 1.1025822112010044,
        "n_seeds": 5
      },
      {
        "noise_level": 0.3,
        "edge_f1": 0.6545454545454545,
        "precision": 0.6545454545454545,
        "recall": 0.6545454545454545,
        "auroc": 0.9173553719008265,
        "auprc": 0.6922380483293795,
        "weight_ratio": 1.1434902594382632,
        "n_seeds": 5
      },
      {
        "noise_level": 0.4,
        "edge_f1": 0.6545454545454545,
        "precision": 0.6545454545454545,
        "recall": 0.6545454545454545,
        "auroc": 0.9161983471074381,