{
  "noise_levels": [
    0.0,
    0.1,
    0.2,
    0.3,
    0.4,
    0.5,
    0.6,
    0.7,
    0.8,
    0.9,
    1.0
  ],
  "canonical_noise": 0.5,
  "method_f1": [
    0.8363636363636365,
    0.8181818181818181,
    0.7818181818181819,
    0.6545454545454545,
    0.6545454545454545,
    0.5818181818181818,
    0.5272727272727272,
    0.4727272727272728,
    0.4,
    0.4363636363636364,
    0.32727272727272727
  ],
  "baseline_f1": [
    1.0,
    0.9272727272727274,
    0.8181818181818181,
    0.6545454545454545,
    0.6545454545454545,
    0.6181818181818182,
    0.5454545454545454,
    0.4909090909090909,
    0.38181818181818183,
    0.509090909090909,
    0.36363636363636365
  ],
  "ablate_f1": [
    0.6545454545454545,
    0.6909090909090909,
    0.6909090909090909,
    0.5636363636363636,
    0.6181818181818182,
    0.5454545454545454,
    0.509090909090909,
    0.49090909090909085,
    0.43636363636363634,
    0.38181818181818183,
    0.41818181818181815
  ],
  "method_auroc": [
    0.9778512396694214,
    0.9745454545454546,
    0.9669421487603305,
    0.9295867768595041,
    0.9127272727272727,
    0.9064462809917355,
    0.876694214876033,
    0.8373553719008265,
    0.7983471074380166,
    0.848595041322314,
    0.7966942148760331
  ],
  "baseline_auroc": [
    0.9838016528925619,
    0.9745454545454546,
    0.9639669421487603,
    0.9173553719008265,
    0.9161983471074381,
    0.9038016528925621,
    0.883801652892562,
    0.849090909090909,
    0.8095867768595042,
    0.8461157024793389,
    0.8074380165289256
  ],
  "ablate_auroc": [
    0.939504132231405,
    0.9223140495867769,
    0.936198347107438,
    0.8866115702479338,
    0.8919008264462811,
    0.8813223140495868,
    0.8813223140495868,
    0.8452892561983472,
    0.8049586776859504,
    0.8426446280991735,
    0.7983471074380166
  ],
  "method_wratio": [
    1.0322504174398035,
    1.085111225276513,
    1.1752869297958648,
    1.1754168303760104,
    1.3172038094738192,
    1.3071998796187008,
    1.5528739654227515,
    1.680844937386982,
    1.7818798039011365,
    1.710101156965416,
    1.9684916544419846
  ],
  "baseline_wratio": [
    1.0,
    1.0099847270345543,
    1.1025822112010044,
    1.1434902594382632,
    1.3299972816456231,
    1.2923537342218503,
    1.4967099118258562,
    1.6734695480204873,
    1.7919490113911425,
    1.5899907877698962,
    2.035909648934905
  ]
}