{
  "full (causal + clock)": {
    "4": 1.0,
    "8": 1.0,
    "16": 1.0,
    "32": 1.0,
    "64": 1.0
  },
  "no_attention (self + clock)": {
    "4": 0.3212890625,
    "8": 0.2177734375,
    "16": 0.1536865234375,
    "32": 0.1292724609375,
    "64": 0.11322021484375
  },
  "magnitude readout (no mod)": {
    "4": 0.48388671875,
    "8": 0.30615234375,
    "16": 0.19921875,
    "32": 0.14996337890625,
    "64": 0.119537353515625
  },
  "random baseline": {
    "4": 0.1,
    "8": 0.1,
    "16": 0.1,
    "32": 0.1,
    "64": 0.1
  }
}