{
  "goal": "attention_argmin",
  "attempt": "pass_2",
  "run_id": "20260613T145336Z",
  "metrics": {
    "version": 1,
    "argmin_sharpness_canonical": 1.411522678360343,
    "argmin_accuracy_canonical": 0.58,
    "argmin_attn_at_min_canonical": 0.02205504184938036,
    "linear_baseline_sharpness_canonical": 1.0,
    "linear_baseline_accuracy_canonical": 0.0,
    "lift_over_baseline_canonical": 0.41152267836034295,
    "argmin_sharpness_gap_0p05": 1.135648494064808,
    "argmin_accuracy_gap_0p05": 0.51,
    "linear_baseline_sharpness_gap_0p05": 1.0,
    "lift_over_baseline_gap_0p05": 0.13564849406480795,
    "argmin_sharpness_gap_0p10": 1.065453800857067,
    "argmin_accuracy_gap_0p10": 0.465,
    "linear_baseline_sharpness_gap_0p10": 1.0,
    "lift_over_baseline_gap_0p10": 0.06545380085706709,
    "argmin_sharpness_gap_0p20": 1.0908541247248649,
    "argmin_accuracy_gap_0p20": 0.465,
    "linear_baseline_sharpness_gap_0p20": 1.0,
    "lift_over_baseline_gap_0p20": 0.09085412472486487,
    "argmin_sharpness_gap_0p50": 1.411522678360343,
    "argmin_accuracy_gap_0p50": 0.58,
    "linear_baseline_sharpness_gap_0p50": 1.0,
    "lift_over_baseline_gap_0p50": 0.41152267836034295,
    "argmin_sharpness_gap_1p00": 1.6359672938659786,
    "argmin_accuracy_gap_1p00": 0.525,
    "linear_baseline_sharpness_gap_1p00": 1.0,
    "lift_over_baseline_gap_1p00": 0.6359672938659786,
    "argmin_sharpness_gap_2p00": 3.1294077392295003,
    "argmin_accuracy_gap_2p00": 0.565,
    "linear_baseline_sharpness_gap_2p00": 1.0,
    "lift_over_baseline_gap_2p00": 2.1294077392295003,
    "argmin_robustness": 0.340464998376784,
    "worst_slice_sharpness": 1.065453800857067
  },
  "payload": {
    "version": 1,
    "canonical": {
      "gap": 0.5,
      "sequences": 200,
      "seq_len": 64,
      "attn_at_min": 0.02205504184938036,
      "attn_at_others": 0.015522935752136013,
      "argmax_correct": 0.58
    },
    "sweep": [
      {
        "gap": 0.05,
        "sequences": 200,
        "seq_len": 64,
        "attn_at_min": 0.017744507719762624,
        "attn_at_others": 0.015591357049665279,
        "argmax_correct": 0.51
      },
      {
        "gap": 0.1,
        "sequences": 200,
        "seq_len": 64,
        "attn_at_min": 0.016647715638391673,
        "attn_at_others": 0.01560876642538619,
        "argmax_correct": 0.465
      },
      {
        "gap": 0.2,
        "sequences": 200,
        "seq_len": 64,
        "attn_at_min": 0.017044595698826014,
        "attn_at_others": 0.0156024667358632,
        "argmax_correct": 0.465
      },
      {
        "gap": 0.5,
        "sequences": 200,
        "seq_len": 64,
        "attn_at_min": 0.02205504184938036,
        "attn_at_others": 0.015522935752136013,
        "argmax_correct": 0.58
      },
      {
        "gap": 1.0,
        "sequences": 200,
        "seq_len": 64,
        "attn_at_min": 0.025561988966655916,
        "attn_at_others": 0.015467270015598467,
        "argmax_correct": 0.525
      },
      {
        "gap": 2.0,
        "sequences": 200,
        "seq_len": 64,
        "attn_at_min": 0.04889699592546094,
        "attn_at_others": 0.015096873132408492,
        "argmax_correct": 0.565
      }
    ],
    "linear_baseline": {
      "canonical": {
        "gap": 0.5,
        "sequences": 200,
        "seq_len": 64,
        "attn_at_min": 0.015625,
        "attn_at_others": 0.015625,
        "argmax_correct": 0.0
      },
      "sweep": [
        {
          "gap": 0.05,
          "sequences": 200,
          "seq_len": 64,
          "attn_at_min": 0.015625,
          "attn_at_others": 0.015625,
          "argmax_correct": 0.005
        },
        {
          "gap": 0.1,
          "sequences": 200,
          "seq_len": 64,
          "attn_at_min": 0.015625,
          "attn_at_others": 0.015625,
          "argmax_correct": 0.02
        },
        {
          "gap": 0.2,
          "sequences": 200,
          "seq_len": 64,
          "attn_at_min": 0.015625,
          "attn_at_others": 0.015625,
          "argmax_correct": 0.025
        },
        {
          "gap": 0.5,
          "sequences": 200,
          "seq_len": 64,
          "attn_at_min": 0.015625,
          "attn_at_others": 0.015625,
          "argmax_correct": 0.0
        },
        {
          "gap": 1.0,
          "sequences": 200,
          "seq_len": 64,
          "attn_at_min": 0.015625,
          "attn_at_others": 0.015625,
          "argmax_correct": 0.01
        },
        {
          "gap": 2.0,
          "sequences": 200,
          "seq_len": 64,
          "attn_at_min": 0.015625,
          "attn_at_others": 0.015625,
          "argmax_correct": 0.005
        }
      ]
    },
    "model_config": {
      "seq_len": 64,
      "key_dim": 32,
      "n_seq_per_gap": 200,
      "gaps": [
        0.05,
        0.1,
        0.2,
        0.5,
        1.0,
        2.0
      ],
      "canonical_gap": 0.5,
      "seed": 0
    }
  }
}