{
  "goal": "attention_regex",
  "attempt": "first_pass",
  "run_id": "20260613T180501Z",
  "metrics": {
    "version": 1,
    "match_sharpness_len_1": 0.8650059152078228,
    "false_positive_rate_len_1": 0.045398487923715994,
    "false_negative_rate_len_1": 0.004,
    "linear_baseline_sharpness_len_1": 0.9873688104749556,
    "match_sharpness_len_2": 0.8262123063160978,
    "false_positive_rate_len_2": 0.1813287059499996,
    "false_negative_rate_len_2": 0.0,
    "linear_baseline_sharpness_len_2": 0.7133112576730307,
    "match_sharpness_len_3": 0.83856861628674,
    "false_positive_rate_len_3": 0.1638641375990916,
    "false_negative_rate_len_3": 0.0,
    "linear_baseline_sharpness_len_3": 0.4396112150380448,
    "match_sharpness_len_4": 0.8279783087786703,
    "false_positive_rate_len_4": 0.19732185726263687,
    "false_negative_rate_len_4": 0.005,
    "linear_baseline_sharpness_len_4": 0.8245344897216015,
    "match_sharpness_len_5": 0.8231313801190963,
    "false_positive_rate_len_5": 0.2561408327042813,
    "false_negative_rate_len_5": 0.0,
    "linear_baseline_sharpness_len_5": 0.7478097239380714,
    "match_sharpness_len_6": 0.8084192464053753,
    "false_positive_rate_len_6": 0.25225028147314327,
    "false_negative_rate_len_6": 0.0,
    "linear_baseline_sharpness_len_6": 0.6690855852726276,
    "match_sharpness_canonical": 0.83856861628674,
    "lift_over_baseline_canonical": 0.39895740124869516,
    "length_robustness": 0.9345823331290721
  },
  "payload": {
    "version": 1,
    "model_name": "synthetic_attention_regex",
    "d": 64,
    "vocab_size": 8,
    "n_positions": 120,
    "canonical_length": 3,
    "length_sweep": [
      1,
      2,
      3,
      4,
      5,
      6
    ],
    "sweep": [
      {
        "length": 1,
        "match_sharpness": 0.8650059152078228,
        "false_positive_rate": 0.045398487923715994,
        "false_negative_rate": 0.004,
        "n_seeds": 10
      },
      {
        "length": 2,
        "match_sharpness": 0.8262123063160978,
        "false_positive_rate": 0.1813287059499996,
        "false_negative_rate": 0.0,
        "n_seeds": 10
      },
      {
        "length": 3,
        "match_sharpness": 0.83856861628674,
        "false_positive_rate": 0.1638641375990916,
        "false_negative_rate": 0.0,
        "n_seeds": 10
      },
      {
        "length": 4,
        "match_sharpness": 0.8279783087786703,
        "false_positive_rate": 0.19732185726263687,
        "false_negative_rate": 0.005,
        "n_seeds": 10
      },
      {
        "length": 5,
        "match_sharpness": 0.8231313801190963,
        "false_positive_rate": 0.2561408327042813,
        "false_negative_rate": 0.0,
        "n_seeds": 10
      },
      {
        "length": 6,
        "match_sharpness": 0.8084192464053753,
        "false_positive_rate": 0.25225028147314327,
        "false_negative_rate": 0.0,
        "n_seeds": 10
      }
    ],
    "linear_baseline": [
      {
        "length": 1,
        "match_sharpness": 0.9873688104749556,
        "n_seeds": 10
      },
      {
        "length": 2,
        "match_sharpness": 0.7133112576730307,
        "n_seeds": 10
      },
      {
        "length": 3,
        "match_sharpness": 0.4396112150380448,
        "n_seeds": 10
      },
      {
        "length": 4,
        "match_sharpness": 0.8245344897216015,
        "n_seeds": 10
      },
      {
        "length": 5,
        "match_sharpness": 0.7478097239380714,
        "n_seeds": 10
      },
      {
        "length": 6,
        "match_sharpness": 0.6690855852726276,
        "n_seeds": 10
      }
    ]
  }
}