{
  "goal": "attention_modular_add",
  "attempt": "pass_2",
  "run_id": "20260613T144023Z",
  "metrics": {
    "version": 1,
    "fourier_alignment_canonical": 0.9999999999999999,
    "phase_error_canonical": 1.5707963174211363,
    "explained_variance_canonical": 0.020833333333332604,
    "random_baseline_alignment": 0.015625,
    "lift_over_random_alignment": 0.9843749999999999,
    "superposition_robustness": 0.9999999999999996,
    "fourier_alignment_freq_01": 1.0,
    "fourier_alignment_freq_02": 0.9999999999999998,
    "fourier_alignment_freq_03": 0.9999999999999998,
    "fourier_alignment_freq_04": 1.0,
    "fourier_alignment_freq_05": 1.0,
    "fourier_alignment_freq_06": 1.0,
    "fourier_alignment_freq_07": 0.9999999999999997,
    "fourier_alignment_freq_08": 1.0,
    "fourier_alignment_freq_09": 0.9999999999999998,
    "fourier_alignment_freq_10": 1.0,
    "fourier_alignment_freq_11": 0.9999999999999998,
    "fourier_alignment_freq_12": 0.9999999999999998,
    "fourier_alignment_freq_13": 1.0,
    "fourier_alignment_freq_14": 1.0,
    "fourier_alignment_freq_15": 0.9999999999999999,
    "fourier_alignment_freq_16": 1.0,
    "fourier_alignment_freq_17": 1.0,
    "fourier_alignment_freq_18": 1.0,
    "fourier_alignment_freq_19": 1.0,
    "fourier_alignment_freq_20": 1.0,
    "fourier_alignment_freq_21": 1.0,
    "fourier_alignment_freq_22": 1.0,
    "fourier_alignment_freq_23": 1.0,
    "fourier_alignment_freq_24": 1.0,
    "fourier_alignment_freq_25": 1.0,
    "fourier_alignment_freq_26": 1.0,
    "fourier_alignment_freq_27": 1.0,
    "fourier_alignment_freq_28": 0.9999999999999999,
    "fourier_alignment_freq_29": 1.0,
    "fourier_alignment_freq_30": 0.9999999999999997,
    "fourier_alignment_freq_31": 1.0,
    "fourier_alignment_freq_32": 0.9999999999999998,
    "fourier_alignment_freq_33": 1.0,
    "fourier_alignment_freq_34": 0.9999999999999998,
    "fourier_alignment_freq_35": 0.9999999999999998,
    "fourier_alignment_freq_36": 0.9999999999999996,
    "fourier_alignment_freq_37": 0.9999999999999999,
    "fourier_alignment_freq_38": 0.9999999999999998,
    "fourier_alignment_freq_39": 0.9999999999999998,
    "fourier_alignment_freq_40": 1.0,
    "fourier_alignment_freq_41": 1.0,
    "fourier_alignment_freq_42": 1.0,
    "fourier_alignment_freq_43": 1.0,
    "fourier_alignment_freq_44": 1.0,
    "fourier_alignment_freq_45": 0.9999999999999998,
    "fourier_alignment_freq_46": 1.0,
    "fourier_alignment_freq_47": 1.0,
    "fourier_alignment_freq_48": 1.0,
    "phase_error_freq_01": 1.5707963167228622,
    "phase_error_freq_02": 1.5707963180427378,
    "phase_error_freq_03": 1.570796316583665,
    "phase_error_freq_04": 1.5707963174329393,
    "phase_error_freq_05": 1.5707963175301551,
    "phase_error_freq_06": 1.5707963175654127,
    "phase_error_freq_07": 1.5707963180843731,
    "phase_error_freq_08": 1.5707963171584869,
    "phase_error_freq_09": 1.5707963171659347,
    "phase_error_freq_10": 1.570796317063419,
    "phase_error_freq_11": 1.5707963165642027,
    "phase_error_freq_12": 1.5707963175313975,
    "phase_error_freq_13": 1.5707963175946065,
    "phase_error_freq_14": 1.5707963172792099,
    "phase_error_freq_15": 1.5707963173369393,
    "phase_error_freq_16": 1.5707963180869562,
    "phase_error_freq_17": 1.5707963171154533,
    "phase_error_freq_18": 1.570796318089619,
    "phase_error_freq_19": 1.5707963182644071,
    "phase_error_freq_20": 1.5707963180734017,
    "phase_error_freq_21": 1.570796318070864,
    "phase_error_freq_22": 1.5707963175174011,
    "phase_error_freq_23": 1.5707963175580963,
    "phase_error_freq_24": 1.570796317344359,
    "phase_error_freq_25": 1.5707963173072355,
    "phase_error_freq_26": 1.5707963172707071,
    "phase_error_freq_27": 1.5707963171907455,
    "phase_error_freq_28": 1.570796317143784,
    "phase_error_freq_29": 1.5707963170964165,
    "phase_error_freq_30": 1.5707963166490277,
    "phase_error_freq_31": 1.5707963166079981,
    "phase_error_freq_32": 1.570796316435174,
    "phase_error_freq_33": 1.5707963182854379,
    "phase_error_freq_34": 1.5707963181143443,
    "phase_error_freq_35": 1.5707963180984754,
    "phase_error_freq_36": 1.5707963175814517,
    "phase_error_freq_37": 1.5707963174147543,
    "phase_error_freq_38": 1.5707963173596304,
    "phase_error_freq_39": 1.5707963175640338,
    "phase_error_freq_40": 1.5707963173764785,
    "phase_error_freq_41": 1.5707963173176969,
    "phase_error_freq_42": 1.570796317204671,
    "phase_error_freq_43": 1.5707963171534132,
    "phase_error_freq_44": 1.57079631756695,
    "phase_error_freq_45": 1.570796317558861,
    "phase_error_freq_46": 1.5707963173915438,
    "phase_error_freq_47": 1.5707963173843464,
    "phase_error_freq_48": 1.5707963173644692
  },
  "payload": {
    "version": 1,
    "modulus": 97,
    "d_head": 128,
    "layer_index": 0,
    "head_index": 0,
    "sweep": [
      {
        "frequency": 1,
        "alignment": 1.0,
        "phase_error": 1.5707963167228622,
        "explained_variance": 0.020833333342091618
      },
      {
        "frequency": 2,
        "alignment": 0.9999999999999998,
        "phase_error": 1.5707963180427378,
        "explained_variance": 0.020833333325231903
      },
      {
        "frequency": 3,
        "alignment": 0.9999999999999998,
        "phase_error": 1.570796316583665,
        "explained_variance": 0.020833333344648732
      },
      {
        "frequency": 4,
        "alignment": 1.0,
        "phase_error": 1.5707963174329393,
        "explained_variance": 0.020833333333274806
      },
      {
        "frequency": 5,
        "alignment": 1.0,
        "phase_error": 1.5707963175301551,
        "explained_variance": 0.02083333333107892
      },
      {
        "frequency": 6,
        "alignment": 1.0,
        "phase_error": 1.5707963175654127,
        "explained_variance": 0.020833333331834174
      },
      {
        "frequency": 7,
        "alignment": 0.9999999999999997,
        "phase_error": 1.5707963180843731,
        "explained_variance": 0.020833333324192457
      },
      {
        "frequency": 8,
        "alignment": 1.0,
        "phase_error": 1.5707963171584869,
        "explained_variance": 0.020833333337213728
      },
      {
        "frequency": 9,
        "alignment": 0.9999999999999998,
        "phase_error": 1.5707963171659347,
        "explained_variance": 0.020833333336742435
      },
      {
        "frequency": 10,
        "alignment": 1.0,
        "phase_error": 1.570796317063419,
        "explained_variance": 0.020833333337510928
      },
      {
        "frequency": 11,
        "alignment": 0.9999999999999998,
        "phase_error": 1.5707963165642027,
        "explained_variance": 0.020833333343945316
      },
      {
        "frequency": 12,
        "alignment": 0.9999999999999998,
        "phase_error": 1.5707963175313975,
        "explained_variance": 0.020833333331627398
      },
      {
        "frequency": 13,
        "alignment": 1.0,
        "phase_error": 1.5707963175946065,
        "explained_variance": 0.020833333331220876
      },
      {
        "frequency": 14,
        "alignment": 1.0,
        "phase_error": 1.5707963172792099,
        "explained_variance": 0.020833333335004953
      },
      {
        "frequency": 15,
        "alignment": 0.9999999999999999,
        "phase_error": 1.5707963173369393,
        "explained_variance": 0.020833333334733584
      },
      {
        "frequency": 16,
        "alignment": 1.0,
        "phase_error": 1.5707963180869562,
        "explained_variance": 0.020833333324334406
      },
      {
        "frequency": 17,
        "alignment": 1.0,
        "phase_error": 1.5707963171154533,
        "explained_variance": 0.020833333336677657
      },
      {
        "frequency": 18,
        "alignment": 1.0,
        "phase_error": 1.570796318089619,
        "explained_variance": 0.020833333324282624
      },
      {
        "frequency": 19,
        "alignment": 1.0,